<VTKFile type="UnstructuredGrid" version="1.0" byte_order="LittleEndian" header_type="UInt64">
  <UnstructuredGrid>
    <Piece NumberOfPoints="1575" NumberOfCells="4960">
      <PointData>
      </PointData>
      <CellData Scalars="domain" Vectors="fiber">
        <DataArray type="Int32" Name="domain" format="ascii">
          2 2 2 2 2 2
          2 2 2 2 2 2
          2 2 2 2 2 2
          2 2 4 4 4 4
          4 4 4 4 4 4
          4 4 4 4 4 6
          6 6 6 6 6 6
          6 6 6 6 6 6
          6 6 8 8 8 8
          8 8 8 8 8 8
          8 8 8 8 8 10
          10 10 10 10 10 10
          10 10 10 10 10 10
          10 10 12 12 12 12
          12 12 12 12 12 12
          12 12 12 12 12 14
          14 14 14 14 14 14
          14 14 14 14 14 14
          14 14 16 16 16 16
          16 16 16 16 16 16
          16 16 16 16 16 18
          18 18 18 18 18 18
          18 18 18 18 18 18
          18 18 20 20 20 20
          20 20 20 20 20 20
          20 20 20 20 20 22
          22 22 22 22 22 22
          22 22 22 22 22 22
          22 22 24 24 24 24
          24 24 24 24 24 24
          24 24 24 24 24 26
          26 26 26 26 26 26
          26 26 26 26 26 26
          26 26 28 28 28 28
          28 28 28 28 28 28
          28 28 28 28 28 30
          30 30 30 30 30 30
          30 30 30 30 30 30
          30 30 32 32 32 32
          32 32 32 32 32 32
          32 32 32 32 32 34
          34 34 34 34 34 34
          34 34 34 34 34 34
          34 34 36 36 36 36
          36 36 36 36 36 36
          36 36 36 36 36 38
          38 38 38 38 38 38
          38 38 38 38 38 38
          38 38 40 40 40 40
          40 40 40 40 40 40
          40 40 40 40 40 40
          40 40 40 40 2 2
          2 2 2 2 2 2
          2 2 2 2 2 2
          2 2 2 2 2 2
          4 4 4 4 4 4
          4 4 4 4 4 4
          4 4 4 6 6 6
          6 6 6 6 6 6
          6 6 6 6 6 6
          8 8 8 8 8 8
          8 8 8 8 8 8
          8 8 8 10 10 10
          10 10 10 10 10 10
          10 10 10 10 10 10
          12 12 12 12 12 12
          12 12 12 12 12 12
          12 12 12 14 14 14
          14 14 14 14 14 14
          14 14 14 14 14 14
          16 16 16 16 16 16
          16 16 16 16 16 16
          16 16 16 18 18 18
          18 18 18 18 18 18
          18 18 18 18 18 18
          20 20 20 20 20 20
          20 20 20 20 20 20
          20 20 20 22 22 22
          22 22 22 22 22 22
          22 22 22 22 22 22
          24 24 24 24 24 24
          24 24 24 24 24 24
          24 24 24 26 26 26
          26 26 26 26 26 26
          26 26 26 26 26 26
          28 28 28 28 28 28
          28 28 28 28 28 28
          28 28 28 30 30 30
          30 30 30 30 30 30
          30 30 30 30 30 30
          32 32 32 32 32 32
          32 32 32 32 32 32
          32 32 32 34 34 34
          34 34 34 34 34 34
          34 34 34 34 34 34
          36 36 36 36 36 36
          36 36 36 36 36 36
          36 36 36 38 38 38
          38 38 38 38 38 38
          38 38 38 38 38 38
          40 40 40 40 40 40
          40 40 40 40 40 40
          40 40 40 40 40 40
          40 40 2 2 2 2
          2 2 2 2 2 2
          2 2 2 2 2 2
          2 2 2 2 4 4
          4 4 4 4 4 4
          4 4 4 4 4 4
          4 6 6 6 6 6
          6 6 6 6 6 6
          6 6 6 6 8 8
          8 8 8 8 8 8
          8 8 8 8 8 8
          8 10 10 10 10 10
          10 10 10 10 10 10
          10 10 10 10 12 12
          12 12 12 12 12 12
          12 12 12 12 12 12
          12 14 14 14 14 14
          14 14 14 14 14 14
          14 14 14 14 16 16
          16 16 16 16 16 16
          16 16 16 16 16 16
          16 18 18 18 18 18
          18 18 18 18 18 18
          18 18 18 18 20 20
          20 20 20 20 20 20
          20 20 20 20 20 20
          20 22 22 22 22 22
          22 22 22 22 22 22
          22 22 22 22 24 24
          24 24 24 24 24 24
          24 24 24 24 24 24
          24 26 26 26 26 26
          26 26 26 26 26 26
          26 26 26 26 28 28
          28 28 28 28 28 28
          28 28 28 28 28 28
          28 30 30 30 30 30
          30 30 30 30 30 30
          30 30 30 30 32 32
          32 32 32 32 32 32
          32 32 32 32 32 32
          32 34 34 34 34 34
          34 34 34 34 34 34
          34 34 34 34 36 36
          36 36 36 36 36 36
          36 36 36 36 36 36
          36 38 38 38 38 38
          38 38 38 38 38 38
          38 38 38 38 40 40
          40 40 40 40 40 40
          40 40 40 40 40 40
          40 40 40 40 40 40
          2 2 2 2 2 2
          2 2 2 2 2 2
          2 2 2 2 2 2
          2 2 4 4 4 4
          4 4 4 4 4 4
          4 4 4 4 4 6
          6 6 6 6 6 6
          6 6 6 6 6 6
          6 6 8 8 8 8
          8 8 8 8 8 8
          8 8 8 8 8 10
          10 10 10 10 10 10
          10 10 10 10 10 10
          10 10 12 12 12 12
          12 12 12 12 12 12
          12 12 12 12 12 14
          14 14 14 14 14 14
          14 14 14 14 14 14
          14 14 16 16 16 16
          16 16 16 16 16 16
          16 16 16 16 16 18
          18 18 18 18 18 18
          18 18 18 18 18 18
          18 18 20 20 20 20
          20 20 20 20 20 20
          20 20 20 20 20 22
          22 22 22 22 22 22
          22 22 22 22 22 22
          22 22 24 24 24 24
          24 24 24 24 24 24
          24 24 24 24 24 26
          26 26 26 26 26 26
          26 26 26 26 26 26
          26 26 28 28 28 28
          28 28 28 28 28 28
          28 28 28 28 28 30
          30 30 30 30 30 30
          30 30 30 30 30 30
          30 30 32 32 32 32
          32 32 32 32 32 32
          32 32 32 32 32 34
          34 34 34 34 34 34
          34 34 34 34 34 34
          34 34 36 36 36 36
          36 36 36 36 36 36
          36 36 36 36 36 38
          38 38 38 38 38 38
          38 38 38 38 38 38
          38 38 40 40 40 40
          40 40 40 40 40 40
          40 40 40 40 40 40
          40 40 40 40 2 2
          2 2 2 2 2 2
          2 2 2 2 2 2
          2 2 2 2 2 2
          4 4 4 4 4 4
          4 4 4 4 4 4
          4 4 4 6 6 6
          6 6 6 6 6 6
          6 6 6 6 6 6
          8 8 8 8 8 8
          8 8 8 8 8 8
          8 8 8 10 10 10
          10 10 10 10 10 10
          10 10 10 10 10 10
          12 12 12 12 12 12
          12 12 12 12 12 12
          12 12 12 14 14 14
          14 14 14 14 14 14
          14 14 14 14 14 14
          16 16 16 16 16 16
          16 16 16 16 16 16
          16 16 16 18 18 18
          18 18 18 18 18 18
          18 18 18 18 18 18
          20 20 20 20 20 20
          20 20 20 20 20 20
          20 20 20 22 22 22
          22 22 22 22 22 22
          22 22 22 22 22 22
          24 24 24 24 24 24
          24 24 24 24 24 24
          24 24 24 26 26 26
          26 26 26 26 26 26
          26 26 26 26 26 26
          28 28 28 28 28 28
          28 28 28 28 28 28
          28 28 28 30 30 30
          30 30 30 30 30 30
          30 30 30 30 30 30
          32 32 32 32 32 32
          32 32 32 32 32 32
          32 32 32 34 34 34
          34 34 34 34 34 34
          34 34 34 34 34 34
          36 36 36 36 36 36
          36 36 36 36 36 36
          36 36 36 38 38 38
          38 38 38 38 38 38
          38 38 38 38 38 38
          40 40 40 40 40 40
          40 40 40 40 40 40
          40 40 40 40 40 40
          40 40 2 2 2 2
          2 3 3 3 3 3
          3 3 3 3 3 3
          3 3 3 3 5 5
          5 5 5 5 5 5
          5 5 5 5 5 5
          5 7 7 7 7 7
          7 7 7 7 7 7
          7 7 7 7 9 9
          9 9 9 9 9 9
          9 9 9 9 9 9
          9 11 11 11 11 11
          11 11 11 11 11 11
          11 11 11 11 13 13
          13 13 13 13 13 13
          13 13 13 13 13 13
          13 15 15 15 15 15
          15 15 15 15 15 15
          15 15 15 15 17 17
          17 17 17 17 17 17
          17 17 17 17 17 17
          17 19 19 19 19 19
          19 19 19 19 19 19
          19 19 19 19 21 21
          21 21 21 21 21 21
          21 21 21 21 21 21
          21 23 23 23 23 23
          23 23 23 23 23 23
          23 23 23 23 25 25
          25 25 25 25 25 25
          25 25 25 25 25 25
          25 27 27 27 27 27
          27 27 27 27 27 27
          27 27 27 27 29 29
          29 29 29 29 29 29
          29 29 29 29 29 29
          29 31 31 31 31 31
          31 31 31 31 31 31
          31 31 31 31 33 33
          33 33 33 33 33 33
          33 33 33 33 33 33
          33 35 35 35 35 35
          35 35 35 35 35 35
          35 35 35 35 37 37
          37 37 37 37 37 37
          37 37 37 37 37 37
          37 39 39 39 39 39
          39 39 39 39 39 39
          39 39 39 39 41 41
          41 41 41 41 41 41
          41 41 41 41 41 41
          41 40 40 40 40 40
          2 2 2 2 2 3
          3 3 3 3 3 3
          3 3 3 3 3 3
          3 3 5 5 5 5
          5 5 5 5 5 5
          5 5 5 5 5 7
          7 7 7 7 7 7
          7 7 7 7 7 7
          7 7 9 9 9 9
          9 9 9 9 9 9
          9 9 9 9 9 11
          11 11 11 11 11 11
          11 11 11 11 11 11
          11 11 13 13 13 13
          13 13 13 13 13 13
          13 13 13 13 13 15
          15 15 15 15 15 15
          15 15 15 15 15 15
          15 15 17 17 17 17
          17 17 17 17 17 17
          17 17 17 17 17 19
          19 19 19 19 19 19
          19 19 19 19 19 19
          19 19 21 21 21 21
          21 21 21 21 21 21
          21 21 21 21 21 23
          23 23 23 23 23 23
          23 23 23 23 23 23
          23 23 25 25 25 25
          25 25 25 25 25 25
          25 25 25 25 25 27
          27 27 27 27 27 27
          27 27 27 27 27 27
          27 27 29 29 29 29
          29 29 29 29 29 29
          29 29 29 29 29 31
          31 31 31 31 31 31
          31 31 31 31 31 31
          31 31 33 33 33 33
          33 33 33 33 33 33
          33 33 33 33 33 35
          35 35 35 35 35 35
          35 35 35 35 35 35
          35 35 37 37 37 37
          37 37 37 37 37 37
          37 37 37 37 37 39
          39 39 39 39 39 39
          39 39 39 39 39 39
          39 39 41 41 41 41
          41 41 41 41 41 41
          41 41 41 41 41 40
          40 40 40 40 2 2
          2 2 2 2 2 2
          2 2 2 2 2 2
          2 2 2 2 2 2
          4 4 4 4 4 4
          4 4 4 4 4 4
          4 4 4 6 6 6
          6 6 6 6 6 6
          6 6 6 6 6 6
          8 8 8 8 8 8
          8 8 8 8 8 8
          8 8 8 10 10 10
          10 10 10 10 10 10
          10 10 10 10 10 10
          12 12 12 12 12 12
          12 12 12 12 12 12
          12 12 12 14 14 14
          14 14 14 14 14 14
          14 14 14 14 14 14
          16 16 16 16 16 16
          16 16 16 16 16 16
          16 16 16 18 18 18
          18 18 18 18 18 18
          18 18 18 18 18 18
          20 20 20 20 20 20
          20 20 20 20 20 20
          20 20 20 22 22 22
          22 22 22 22 22 22
          22 22 22 22 22 22
          24 24 24 24 24 24
          24 24 24 24 24 24
          24 24 24 26 26 26
          26 26 26 26 26 26
          26 26 26 26 26 26
          28 28 28 28 28 28
          28 28 28 28 28 28
          28 28 28 30 30 30
          30 30 30 30 30 30
          30 30 30 30 30 30
          32 32 32 32 32 32
          32 32 32 32 32 32
          32 32 32 34 34 34
          34 34 34 34 34 34
          34 34 34 34 34 34
          36 36 36 36 36 36
          36 36 36 36 36 36
          36 36 36 38 38 38
          38 38 38 38 38 38
          38 38 38 38 38 38
          40 40 40 40 40 40
          40 40 40 40 40 40
          40 40 40 40 40 40
          40 40 2 2 2 2
          2 2 2 2 2 2
          2 2 2 2 2 2
          2 2 2 2 4 4
          4 4 4 4 4 4
          4 4 4 4 4 4
          4 6 6 6 6 6
          6 6 6 6 6 6
          6 6 6 6 8 8
          8 8 8 8 8 8
          8 8 8 8 8 8
          8 10 10 10 10 10
          10 10 10 10 10 10
          10 10 10 10 12 12
          12 12 12 12 12 12
          12 12 12 12 12 12
          12 14 14 14 14 14
          14 14 14 14 14 14
          14 14 14 14 16 16
          16 16 16 16 16 16
          16 16 16 16 16 16
          16 18 18 18 18 18
          18 18 18 18 18 18
          18 18 18 18 20 20
          20 20 20 20 20 20
          20 20 20 20 20 20
          20 22 22 22 22 22
          22 22 22 22 22 22
          22 22 22 22 24 24
          24 24 24 24 24 24
          24 24 24 24 24 24
          24 26 26 26 26 26
          26 26 26 26 26 26
          26 26 26 26 28 28
          28 28 28 28 28 28
          28 28 28 28 28 28
          28 30 30 30 30 30
          30 30 30 30 30 30
          30 30 30 30 32 32
          32 32 32 32 32 32
          32 32 32 32 32 32
          32 34 34 34 34 34
          34 34 34 34 34 34
          34 34 34 34 36 36
          36 36 36 36 36 36
          36 36 36 36 36 36
          36 38 38 38 38 38
          38 38 38 38 38 38
          38 38 38 38 40 40
          40 40 40 40 40 40
          40 40 40 40 40 40
          40 40 40 40 40 40
          2 2 2 2 2 3
          3 3 3 3 3 3
          3 3 3 3 3 3
          3 3 5 5 5 5
          5 5 5 5 5 5
          5 5 5 5 5 7
          7 7 7 7 7 7
          7 7 7 7 7 7
          7 7 9 9 9 9
          9 9 9 9 9 9
          9 9 9 9 9 11
          11 11 11 11 11 11
          11 11 11 11 11 11
          11 11 13 13 13 13
          13 13 13 13 13 13
          13 13 13 13 13 15
          15 15 15 15 15 15
          15 15 15 15 15 15
          15 15 17 17 17 17
          17 17 17 17 17 17
          17 17 17 17 17 19
          19 19 19 19 19 19
          19 19 19 19 19 19
          19 19 21 21 21 21
          21 21 21 21 21 21
          21 21 21 21 21 23
          23 23 23 23 23 23
          23 23 23 23 23 23
          23 23 25 25 25 25
          25 25 25 25 25 25
          25 25 25 25 25 27
          27 27 27 27 27 27
          27 27 27 27 27 27
          27 27 29 29 29 29
          29 29 29 29 29 29
          29 29 29 29 29 31
          31 31 31 31 31 31
          31 31 31 31 31 31
          31 31 33 33 33 33
          33 33 33 33 33 33
          33 33 33 33 33 35
          35 35 35 35 35 35
          35 35 35 35 35 35
          35 35 37 37 37 37
          37 37 37 37 37 37
          37 37 37 37 37 39
          39 39 39 39 39 39
          39 39 39 39 39 39
          39 39 41 41 41 41
          41 41 41 41 41 41
          41 41 41 41 41 40
          40 40 40 40 2 2
          2 2 2 3 3 3
          3 3 3 3 3 3
          3 3 3 3 3 3
          5 5 5 5 5 5
          5 5 5 5 5 5
          5 5 5 7 7 7
          7 7 7 7 7 7
          7 7 7 7 7 7
          9 9 9 9 9 9
          9 9 9 9 9 9
          9 9 9 11 11 11
          11 11 11 11 11 11
          11 11 11 11 11 11
          13 13 13 13 13 13
          13 13 13 13 13 13
          13 13 13 15 15 15
          15 15 15 15 15 15
          15 15 15 15 15 15
          17 17 17 17 17 17
          17 17 17 17 17 17
          17 17 17 19 19 19
          19 19 19 19 19 19
          19 19 19 19 19 19
          21 21 21 21 21 21
          21 21 21 21 21 21
          21 21 21 23 23 23
          23 23 23 23 23 23
          23 23 23 23 23 23
          25 25 25 25 25 25
          25 25 25 25 25 25
          25 25 25 27 27 27
          27 27 27 27 27 27
          27 27 27 27 27 27
          29 29 29 29 29 29
          29 29 29 29 29 29
          29 29 29 31 31 31
          31 31 31 31 31 31
          31 31 31 31 31 31
          33 33 33 33 33 33
          33 33 33 33 33 33
          33 33 33 35 35 35
          35 35 35 35 35 35
          35 35 35 35 35 35
          37 37 37 37 37 37
          37 37 37 37 37 37
          37 37 37 39 39 39
          39 39 39 39 39 39
          39 39 39 39 39 39
          41 41 41 41 41 41
          41 41 41 41 41 41
          41 41 41 40 40 40
          40 40 2 2 2 2
          2 2 2 2 2 2
          2 2 2 2 2 2
          2 2 2 2 4 4
          4 4 4 4 4 4
          4 4 4 4 4 4
          4 6 6 6 6 6
          6 6 6 6 6 6
          6 6 6 6 8 8
          8 8 8 8 8 8
          8 8 8 8 8 8
          8 10 10 10 10 10
          10 10 10 10 10 10
          10 10 10 10 12 12
          12 12 12 12 12 12
          12 12 12 12 12 12
          12 14 14 14 14 14
          14 14 14 14 14 14
          14 14 14 14 16 16
          16 16 16 16 16 16
          16 16 16 16 16 16
          16 18 18 18 18 18
          18 18 18 18 18 18
          18 18 18 18 20 20
          20 20 20 20 20 20
          20 20 20 20 20 20
          20 22 22 22 22 22
          22 22 22 22 22 22
          22 22 22 22 24 24
          24 24 24 24 24 24
          24 24 24 24 24 24
          24 26 26 26 26 26
          26 26 26 26 26 26
          26 26 26 26 28 28
          28 28 28 28 28 28
          28 28 28 28 28 28
          28 30 30 30 30 30
          30 30 30 30 30 30
          30 30 30 30 32 32
          32 32 32 32 32 32
          32 32 32 32 32 32
          32 34 34 34 34 34
          34 34 34 34 34 34
          34 34 34 34 36 36
          36 36 36 36 36 36
          36 36 36 36 36 36
          36 38 38 38 38 38
          38 38 38 38 38 38
          38 38 38 38 40 40
          40 40 40 40 40 40
          40 40 40 40 40 40
          40 40 40 40 40 40
          2 2 2 2 2 2
          2 2 2 2 2 2
          2 2 2 2 2 2
          2 2 4 4 4 4
          4 4 4 4 4 4
          4 4 4 4 4 6
          6 6 6 6 6 6
          6 6 6 6 6 6
          6 6 8 8 8 8
          8 8 8 8 8 8
          8 8 8 8 8 10
          10 10 10 10 10 10
          10 10 10 10 10 10
          10 10 12 12 12 12
          12 12 12 12 12 12
          12 12 12 12 12 14
          14 14 14 14 14 14
          14 14 14 14 14 14
          14 14 16 16 16 16
          16 16 16 16 16 16
          16 16 16 16 16 18
          18 18 18 18 18 18
          18 18 18 18 18 18
          18 18 20 20 20 20
          20 20 20 20 20 20
          20 20 20 20 20 22
          22 22 22 22 22 22
          22 22 22 22 22 22
          22 22 24 24 24 24
          24 24 24 24 24 24
          24 24 24 24 24 26
          26 26 26 26 26 26
          26 26 26 26 26 26
          26 26 28 28 28 28
          28 28 28 28 28 28
          28 28 28 28 28 30
          30 30 30 30 30 30
          30 30 30 30 30 30
          30 30 32 32 32 32
          32 32 32 32 32 32
          32 32 32 32 32 34
          34 34 34 34 34 34
          34 34 34 34 34 34
          34 34 36 36 36 36
          36 36 36 36 36 36
          36 36 36 36 36 38
          38 38 38 38 38 38
          38 38 38 38 38 38
          38 38 40 40 40 40
          40 40 40 40 40 40
          40 40 40 40 40 40
          40 40 40 40 2 2
          2 2 2 2 2 2
          2 2 2 2 2 2
          2 2 2 2 2 2
          4 4 4 4 4 4
          4 4 4 4 4 4
          4 4 4 6 6 6
          6 6 6 6 6 6
          6 6 6 6 6 6
          8 8 8 8 8 8
          8 8 8 8 8 8
          8 8 8 10 10 10
          10 10 10 10 10 10
          10 10 10 10 10 10
          12 12 12 12 12 12
          12 12 12 12 12 12
          12 12 12 14 14 14
          14 14 14 14 14 14
          14 14 14 14 14 14
          16 16 16 16 16 16
          16 16 16 16 16 16
          16 16 16 18 18 18
          18 18 18 18 18 18
          18 18 18 18 18 18
          20 20 20 20 20 20
          20 20 20 20 20 20
          20 20 20 22 22 22
          22 22 22 22 22 22
          22 22 22 22 22 22
          24 24 24 24 24 24
          24 24 24 24 24 24
          24 24 24 26 26 26
          26 26 26 26 26 26
          26 26 26 26 26 26
          28 28 28 28 28 28
          28 28 28 28 28 28
          28 28 28 30 30 30
          30 30 30 30 30 30
          30 30 30 30 30 30
          32 32 32 32 32 32
          32 32 32 32 32 32
          32 32 32 34 34 34
          34 34 34 34 34 34
          34 34 34 34 34 34
          36 36 36 36 36 36
          36 36 36 36 36 36
          36 36 36 38 38 38
          38 38 38 38 38 38
          38 38 38 38 38 38
          40 40 40 40 40 40
          40 40 40 40 40 40
          40 40 40 40 40 40
          40 40 2 2 2 2
          2 2 2 2 2 2
          2 2 2 2 2 2
          2 2 2 2 4 4
          4 4 4 4 4 4
          4 4 4 4 4 4
          4 6 6 6 6 6
          6 6 6 6 6 6
          6 6 6 6 8 8
          8 8 8 8 8 8
          8 8 8 8 8 8
          8 10 10 10 10 10
          10 10 10 10 10 10
          10 10 10 10 12 12
          12 12 12 12 12 12
          12 12 12 12 12 12
          12 14 14 14 14 14
          14 14 14 14 14 14
          14 14 14 14 16 16
          16 16 16 16 16 16
          16 16 16 16 16 16
          16 18 18 18 18 18
          18 18 18 18 18 18
          18 18 18 18 20 20
          20 20 20 20 20 20
          20 20 20 20 20 20
          20 22 22 22 22 22
          22 22 22 22 22 22
          22 22 22 22 24 24
          24 24 24 24 24 24
          24 24 24 24 24 24
          24 26 26 26 26 26
          26 26 26 26 26 26
          26 26 26 26 28 28
          28 28 28 28 28 28
          28 28 28 28 28 28
          28 30 30 30 30 30
          30 30 30 30 30 30
          30 30 30 30 32 32
          32 32 32 32 32 32
          32 32 32 32 32 32
          32 34 34 34 34 34
          34 34 34 34 34 34
          34 34 34 34 36 36
          36 36 36 36 36 36
          36 36 36 36 36 36
          36 38 38 38 38 38
          38 38 38 38 38 38
          38 38 38 38 40 40
          40 40 40 40 40 40
          40 40 40 40 40 40
          40 40 40 40 40 40
          2 2 2 2 2 2
          2 2 2 2 2 2
          2 2 2 2 2 2
          2 2 4 4 4 4
          4 4 4 4 4 4
          4 4 4 4 4 6
          6 6 6 6 6 6
          6 6 6 6 6 6
          6 6 8 8 8 8
          8 8 8 8 8 8
          8 8 8 8 8 10
          10 10 10 10 10 10
          10 10 10 10 10 10
          10 10 12 12 12 12
          12 12 12 12 12 12
          12 12 12 12 12 14
          14 14 14 14 14 14
          14 14 14 14 14 14
          14 14 16 16 16 16
          16 16 16 16 16 16
          16 16 16 16 16 18
          18 18 18 18 18 18
          18 18 18 18 18 18
          18 18 20 20 20 20
          20 20 20 20 20 20
          20 20 20 20 20 22
          22 22 22 22 22 22
          22 22 22 22 22 22
          22 22 24 24 24 24
          24 24 24 24 24 24
          24 24 24 24 24 26
          26 26 26 26 26 26
          26 26 26 26 26 26
          26 26 28 28 28 28
          28 28 28 28 28 28
          28 28 28 28 28 30
          30 30 30 30 30 30
          30 30 30 30 30 30
          30 30 32 32 32 32
          32 32 32 32 32 32
          32 32 32 32 32 34
          34 34 34 34 34 34
          34 34 34 34 34 34
          34 34 36 36 36 36
          36 36 36 36 36 36
          36 36 36 36 36 38
          38 38 38 38 38 38
          38 38 38 38 38 38
          38 38 40 40 40 40
          40 40 40 40 40 40
          40 40 40 40 40 40
          40 40 40 40
        </DataArray>
      </CellData>
      <Points>
        <DataArray type="Float32" Name="Points" NumberOfComponents="3" format="ascii">
                        -3.1000  -0.2000  -0.2000  -3.0000  -0.2000  -0.2000
              -2.9000  -0.2000  -0.2000  -2.8000  -0.2000  -0.2000
              -2.7000  -0.2000  -0.2000  -2.6000  -0.2000  -0.2000
              -2.5000  -0.2000  -0.2000  -2.4000  -0.2000  -0.2000
              -2.3000  -0.2000  -0.2000  -2.2000  -0.2000  -0.2000
              -2.1000  -0.2000  -0.2000  -2.0000  -0.2000  -0.2000
              -1.9000  -0.2000  -0.2000  -1.8000  -0.2000  -0.2000
              -1.7000  -0.2000  -0.2000  -1.6000  -0.2000  -0.2000
              -1.5000  -0.2000  -0.2000  -1.4000  -0.2000  -0.2000
              -1.3000  -0.2000  -0.2000  -1.2000  -0.2000  -0.2000
              -1.1000  -0.2000  -0.2000  -1.0000  -0.2000  -0.2000
              -0.9000  -0.2000  -0.2000  -0.8000  -0.2000  -0.2000
              -0.7000  -0.2000  -0.2000  -0.6000  -0.2000  -0.2000
              -0.5000  -0.2000  -0.2000  -0.4000  -0.2000  -0.2000
              -0.3000  -0.2000  -0.2000  -0.2000  -0.2000  -0.2000
              -0.1000  -0.2000  -0.2000        0  -0.2000  -0.2000
              0.1000  -0.2000  -0.2000   0.2000  -0.2000  -0.2000
              0.3000  -0.2000  -0.2000   0.4000  -0.2000  -0.2000
              0.5000  -0.2000  -0.2000   0.6000  -0.2000  -0.2000
              0.7000  -0.2000  -0.2000   0.8000  -0.2000  -0.2000
              0.9000  -0.2000  -0.2000   1.0000  -0.2000  -0.2000
              1.1000  -0.2000  -0.2000   1.2000  -0.2000  -0.2000
              1.3000  -0.2000  -0.2000   1.4000  -0.2000  -0.2000
              1.5000  -0.2000  -0.2000   1.6000  -0.2000  -0.2000
              1.7000  -0.2000  -0.2000   1.8000  -0.2000  -0.2000
              1.9000  -0.2000  -0.2000   2.0000  -0.2000  -0.2000
              2.1000  -0.2000  -0.2000   2.2000  -0.2000  -0.2000
              2.3000  -0.2000  -0.2000   2.4000  -0.2000  -0.2000
              2.5000  -0.2000  -0.2000   2.6000  -0.2000  -0.2000
              2.7000  -0.2000  -0.2000   2.8000  -0.2000  -0.2000
              2.9000  -0.2000  -0.2000   3.0000  -0.2000  -0.2000
              3.1000  -0.2000  -0.2000  -3.1000  -0.1000  -0.2000
              -3.0000  -0.1000  -0.2000  -2.9000  -0.1000  -0.2000
              -2.8000  -0.1000  -0.2000  -2.7000  -0.1000  -0.2000
              -2.6000  -0.1000  -0.2000  -2.5000  -0.1000  -0.2000
              -2.4000  -0.1000  -0.2000  -2.3000  -0.1000  -0.2000
              -2.2000  -0.1000  -0.2000  -2.1000  -0.1000  -0.2000
              -2.0000  -0.1000  -0.2000  -1.9000  -0.1000  -0.2000
              -1.8000  -0.1000  -0.2000  -1.7000  -0.1000  -0.2000
              -1.6000  -0.1000  -0.2000  -1.5000  -0.1000  -0.2000
              -1.4000  -0.1000  -0.2000  -1.3000  -0.1000  -0.2000
              -1.2000  -0.1000  -0.2000  -1.1000  -0.1000  -0.2000
              -1.0000  -0.1000  -0.2000  -0.9000  -0.1000  -0.2000
              -0.8000  -0.1000  -0.2000  -0.7000  -0.1000  -0.2000
              -0.6000  -0.1000  -0.2000  -0.5000  -0.1000  -0.2000
              -0.4000  -0.1000  -0.2000  -0.3000  -0.1000  -0.2000
              -0.2000  -0.1000  -0.2000  -0.1000  -0.1000  -0.2000
                  0  -0.1000  -0.2000   0.1000  -0.1000  -0.2000
              0.2000  -0.1000  -0.2000   0.3000  -0.1000  -0.2000
              0.4000  -0.1000  -0.2000   0.5000  -0.1000  -0.2000
              0.6000  -0.1000  -0.2000   0.7000  -0.1000  -0.2000
              0.8000  -0.1000  -0.2000   0.9000  -0.1000  -0.2000
              1.0000  -0.1000  -0.2000   1.1000  -0.1000  -0.2000
              1.2000  -0.1000  -0.2000   1.3000  -0.1000  -0.2000
              1.4000  -0.1000  -0.2000   1.5000  -0.1000  -0.2000
              1.6000  -0.1000  -0.2000   1.7000  -0.1000  -0.2000
              1.8000  -0.1000  -0.2000   1.9000  -0.1000  -0.2000
              2.0000  -0.1000  -0.2000   2.1000  -0.1000  -0.2000
              2.2000  -0.1000  -0.2000   2.3000  -0.1000  -0.2000
              2.4000  -0.1000  -0.2000   2.5000  -0.1000  -0.2000
              2.6000  -0.1000  -0.2000   2.7000  -0.1000  -0.2000
              2.8000  -0.1000  -0.2000   2.9000  -0.1000  -0.2000
              3.0000  -0.1000  -0.2000   3.1000  -0.1000  -0.2000
              -3.1000        0  -0.2000  -3.0000        0  -0.2000
              -2.9000        0  -0.2000  -2.8000        0  -0.2000
              -2.7000        0  -0.2000  -2.6000        0  -0.2000
              -2.5000        0  -0.2000  -2.4000        0  -0.2000
              -2.3000        0  -0.2000  -2.2000        0  -0.2000
              -2.1000        0  -0.2000  -2.0000        0  -0.2000
              -1.9000        0  -0.2000  -1.8000        0  -0.2000
              -1.7000        0  -0.2000  -1.6000        0  -0.2000
              -1.5000        0  -0.2000  -1.4000        0  -0.2000
              -1.3000        0  -0.2000  -1.2000        0  -0.2000
              -1.1000        0  -0.2000  -1.0000        0  -0.2000
              -0.9000        0  -0.2000  -0.8000        0  -0.2000
              -0.7000        0  -0.2000  -0.6000        0  -0.2000
              -0.5000        0  -0.2000  -0.4000        0  -0.2000
              -0.3000        0  -0.2000  -0.2000        0  -0.2000
              -0.1000        0  -0.2000        0        0  -0.2000
              0.1000        0  -0.2000   0.2000        0  -0.2000
              0.3000        0  -0.2000   0.4000        0  -0.2000
              0.5000        0  -0.2000   0.6000        0  -0.2000
              0.7000        0  -0.2000   0.8000        0  -0.2000
              0.9000        0  -0.2000   1.0000        0  -0.2000
              1.1000        0  -0.2000   1.2000        0  -0.2000
              1.3000        0  -0.2000   1.4000        0  -0.2000
              1.5000        0  -0.2000   1.6000        0  -0.2000
              1.7000        0  -0.2000   1.8000        0  -0.2000
              1.9000        0  -0.2000   2.0000        0  -0.2000
              2.1000        0  -0.2000   2.2000        0  -0.2000
              2.3000        0  -0.2000   2.4000        0  -0.2000
              2.5000        0  -0.2000   2.6000        0  -0.2000
              2.7000        0  -0.2000   2.8000        0  -0.2000
              2.9000        0  -0.2000   3.0000        0  -0.2000
              3.1000        0  -0.2000  -3.1000   0.1000  -0.2000
              -3.0000   0.1000  -0.2000  -2.9000   0.1000  -0.2000
              -2.8000   0.1000  -0.2000  -2.7000   0.1000  -0.2000
              -2.6000   0.1000  -0.2000  -2.5000   0.1000  -0.2000
              -2.4000   0.1000  -0.2000  -2.3000   0.1000  -0.2000
              -2.2000   0.1000  -0.2000  -2.1000   0.1000  -0.2000
              -2.0000   0.1000  -0.2000  -1.9000   0.1000  -0.2000
              -1.8000   0.1000  -0.2000  -1.7000   0.1000  -0.2000
              -1.6000   0.1000  -0.2000  -1.5000   0.1000  -0.2000
              -1.4000   0.1000  -0.2000  -1.3000   0.1000  -0.2000
              -1.2000   0.1000  -0.2000  -1.1000   0.1000  -0.2000
              -1.0000   0.1000  -0.2000  -0.9000   0.1000  -0.2000
              -0.8000   0.1000  -0.2000  -0.7000   0.1000  -0.2000
              -0.6000   0.1000  -0.2000  -0.5000   0.1000  -0.2000
              -0.4000   0.1000  -0.2000  -0.3000   0.1000  -0.2000
              -0.2000   0.1000  -0.2000  -0.1000   0.1000  -0.2000
                  0   0.1000  -0.2000   0.1000   0.1000  -0.2000
              0.2000   0.1000  -0.2000   0.3000   0.1000  -0.2000
              0.4000   0.1000  -0.2000   0.5000   0.1000  -0.2000
              0.6000   0.1000  -0.2000   0.7000   0.1000  -0.2000
              0.8000   0.1000  -0.2000   0.9000   0.1000  -0.2000
              1.0000   0.1000  -0.2000   1.1000   0.1000  -0.2000
              1.2000   0.1000  -0.2000   1.3000   0.1000  -0.2000
              1.4000   0.1000  -0.2000   1.5000   0.1000  -0.2000
              1.6000   0.1000  -0.2000   1.7000   0.1000  -0.2000
              1.8000   0.1000  -0.2000   1.9000   0.1000  -0.2000
              2.0000   0.1000  -0.2000   2.1000   0.1000  -0.2000
              2.2000   0.1000  -0.2000   2.3000   0.1000  -0.2000
              2.4000   0.1000  -0.2000   2.5000   0.1000  -0.2000
              2.6000   0.1000  -0.2000   2.7000   0.1000  -0.2000
              2.8000   0.1000  -0.2000   2.9000   0.1000  -0.2000
              3.0000   0.1000  -0.2000   3.1000   0.1000  -0.2000
              -3.1000   0.2000  -0.2000  -3.0000   0.2000  -0.2000
              -2.9000   0.2000  -0.2000  -2.8000   0.2000  -0.2000
              -2.7000   0.2000  -0.2000  -2.6000   0.2000  -0.2000
              -2.5000   0.2000  -0.2000  -2.4000   0.2000  -0.2000
              -2.3000   0.2000  -0.2000  -2.2000   0.2000  -0.2000
              -2.1000   0.2000  -0.2000  -2.0000   0.2000  -0.2000
              -1.9000   0.2000  -0.2000  -1.8000   0.2000  -0.2000
              -1.7000   0.2000  -0.2000  -1.6000   0.2000  -0.2000
              -1.5000   0.2000  -0.2000  -1.4000   0.2000  -0.2000
              -1.3000   0.2000  -0.2000  -1.2000   0.2000  -0.2000
              -1.1000   0.2000  -0.2000  -1.0000   0.2000  -0.2000
              -0.9000   0.2000  -0.2000  -0.8000   0.2000  -0.2000
              -0.7000   0.2000  -0.2000  -0.6000   0.2000  -0.2000
              -0.5000   0.2000  -0.2000  -0.4000   0.2000  -0.2000
              -0.3000   0.2000  -0.2000  -0.2000   0.2000  -0.2000
              -0.1000   0.2000  -0.2000        0   0.2000  -0.2000
              0.1000   0.2000  -0.2000   0.2000   0.2000  -0.2000
              0.3000   0.2000  -0.2000   0.4000   0.2000  -0.2000
              0.5000   0.2000  -0.2000   0.6000   0.2000  -0.2000
              0.7000   0.2000  -0.2000   0.8000   0.2000  -0.2000
              0.9000   0.2000  -0.2000   1.0000   0.2000  -0.2000
              1.1000   0.2000  -0.2000   1.2000   0.2000  -0.2000
              1.3000   0.2000  -0.2000   1.4000   0.2000  -0.2000
              1.5000   0.2000  -0.2000   1.6000   0.2000  -0.2000
              1.7000   0.2000  -0.2000   1.8000   0.2000  -0.2000
              1.9000   0.2000  -0.2000   2.0000   0.2000  -0.2000
              2.1000   0.2000  -0.2000   2.2000   0.2000  -0.2000
              2.3000   0.2000  -0.2000   2.4000   0.2000  -0.2000
              2.5000   0.2000  -0.2000   2.6000   0.2000  -0.2000
              2.7000   0.2000  -0.2000   2.8000   0.2000  -0.2000
              2.9000   0.2000  -0.2000   3.0000   0.2000  -0.2000
              3.1000   0.2000  -0.2000  -3.1000  -0.2000  -0.1000
              -3.0000  -0.2000  -0.1000  -2.9000  -0.2000  -0.1000
              -2.8000  -0.2000  -0.1000  -2.7000  -0.2000  -0.1000
              -2.6000  -0.2000  -0.1000  -2.5000  -0.2000  -0.1000
              -2.4000  -0.2000  -0.1000  -2.3000  -0.2000  -0.1000
              -2.2000  -0.2000  -0.1000  -2.1000  -0.2000  -0.1000
              -2.0000  -0.2000  -0.1000  -1.9000  -0.2000  -0.1000
              -1.8000  -0.2000  -0.1000  -1.7000  -0.2000  -0.1000
              -1.6000  -0.2000  -0.1000  -1.5000  -0.2000  -0.1000
              -1.4000  -0.2000  -0.1000  -1.3000  -0.2000  -0.1000
              -1.2000  -0.2000  -0.1000  -1.1000  -0.2000  -0.1000
              -1.0000  -0.2000  -0.1000  -0.9000  -0.2000  -0.1000
              -0.8000  -0.2000  -0.1000  -0.7000  -0.2000  -0.1000
              -0.6000  -0.2000  -0.1000  -0.5000  -0.2000  -0.1000
              -0.4000  -0.2000  -0.1000  -0.3000  -0.2000  -0.1000
              -0.2000  -0.2000  -0.1000  -0.1000  -0.2000  -0.1000
                  0  -0.2000  -0.1000   0.1000  -0.2000  -0.1000
              0.2000  -0.2000  -0.1000   0.3000  -0.2000  -0.1000
              0.4000  -0.2000  -0.1000   0.5000  -0.2000  -0.1000
              0.6000  -0.2000  -0.1000   0.7000  -0.2000  -0.1000
              0.8000  -0.2000  -0.1000   0.9000  -0.2000  -0.1000
              1.0000  -0.2000  -0.1000   1.1000  -0.2000  -0.1000
              1.2000  -0.2000  -0.1000   1.3000  -0.2000  -0.1000
              1.4000  -0.2000  -0.1000   1.5000  -0.2000  -0.1000
              1.6000  -0.2000  -0.1000   1.7000  -0.2000  -0.1000
              1.8000  -0.2000  -0.1000   1.9000  -0.2000  -0.1000
              2.0000  -0.2000  -0.1000   2.1000  -0.2000  -0.1000
              2.2000  -0.2000  -0.1000   2.3000  -0.2000  -0.1000
              2.4000  -0.2000  -0.1000   2.5000  -0.2000  -0.1000
              2.6000  -0.2000  -0.1000   2.7000  -0.2000  -0.1000
              2.8000  -0.2000  -0.1000   2.9000  -0.2000  -0.1000
              3.0000  -0.2000  -0.1000   3.1000  -0.2000  -0.1000
              -3.1000  -0.1000  -0.1000  -3.0000  -0.1000  -0.1000
              -2.9000  -0.1000  -0.1000  -2.8000  -0.1000  -0.1000
              -2.7000  -0.1000  -0.1000  -2.6000  -0.1000  -0.1000
              -2.5000  -0.1000  -0.1000  -2.4000  -0.1000  -0.1000
              -2.3000  -0.1000  -0.1000  -2.2000  -0.1000  -0.1000
              -2.1000  -0.1000  -0.1000  -2.0000  -0.1000  -0.1000
              -1.9000  -0.1000  -0.1000  -1.8000  -0.1000  -0.1000
              -1.7000  -0.1000  -0.1000  -1.6000  -0.1000  -0.1000
              -1.5000  -0.1000  -0.1000  -1.4000  -0.1000  -0.1000
              -1.3000  -0.1000  -0.1000  -1.2000  -0.1000  -0.1000
              -1.1000  -0.1000  -0.1000  -1.0000  -0.1000  -0.1000
              -0.9000  -0.1000  -0.1000  -0.8000  -0.1000  -0.1000
              -0.7000  -0.1000  -0.1000  -0.6000  -0.1000  -0.1000
              -0.5000  -0.1000  -0.1000  -0.4000  -0.1000  -0.1000
              -0.3000  -0.1000  -0.1000  -0.2000  -0.1000  -0.1000
              -0.1000  -0.1000  -0.1000        0  -0.1000  -0.1000
              0.1000  -0.1000  -0.1000   0.2000  -0.1000  -0.1000
              0.3000  -0.1000  -0.1000   0.4000  -0.1000  -0.1000
              0.5000  -0.1000  -0.1000   0.6000  -0.1000  -0.1000
              0.7000  -0.1000  -0.1000   0.8000  -0.1000  -0.1000
              0.9000  -0.1000  -0.1000   1.0000  -0.1000  -0.1000
              1.1000  -0.1000  -0.1000   1.2000  -0.1000  -0.1000
              1.3000  -0.1000  -0.1000   1.4000  -0.1000  -0.1000
              1.5000  -0.1000  -0.1000   1.6000  -0.1000  -0.1000
              1.7000  -0.1000  -0.1000   1.8000  -0.1000  -0.1000
              1.9000  -0.1000  -0.1000   2.0000  -0.1000  -0.1000
              2.1000  -0.1000  -0.1000   2.2000  -0.1000  -0.1000
              2.3000  -0.1000  -0.1000   2.4000  -0.1000  -0.1000
              2.5000  -0.1000  -0.1000   2.6000  -0.1000  -0.1000
              2.7000  -0.1000  -0.1000   2.8000  -0.1000  -0.1000
              2.9000  -0.1000  -0.1000   3.0000  -0.1000  -0.1000
              3.1000  -0.1000  -0.1000  -3.1000        0  -0.1000
              -3.0000        0  -0.1000  -2.9000        0  -0.1000
              -2.8000        0  -0.1000  -2.7000        0  -0.1000
              -2.6000        0  -0.1000  -2.5000        0  -0.1000
              -2.4000        0  -0.1000  -2.3000        0  -0.1000
              -2.2000        0  -0.1000  -2.1000        0  -0.1000
              -2.0000        0  -0.1000  -1.9000        0  -0.1000
              -1.8000        0  -0.1000  -1.7000        0  -0.1000
              -1.6000        0  -0.1000  -1.5000        0  -0.1000
              -1.4000        0  -0.1000  -1.3000        0  -0.1000
              -1.2000        0  -0.1000  -1.1000        0  -0.1000
              -1.0000        0  -0.1000  -0.9000        0  -0.1000
              -0.8000        0  -0.1000  -0.7000        0  -0.1000
              -0.6000        0  -0.1000  -0.5000        0  -0.1000
              -0.4000        0  -0.1000  -0.3000        0  -0.1000
              -0.2000        0  -0.1000  -0.1000        0  -0.1000
                  0        0  -0.1000   0.1000        0  -0.1000
              0.2000        0  -0.1000   0.3000        0  -0.1000
              0.4000        0  -0.1000   0.5000        0  -0.1000
              0.6000        0  -0.1000   0.7000        0  -0.1000
              0.8000        0  -0.1000   0.9000        0  -0.1000
              1.0000        0  -0.1000   1.1000        0  -0.1000
              1.2000        0  -0.1000   1.3000        0  -0.1000
              1.4000        0  -0.1000   1.5000        0  -0.1000
              1.6000        0  -0.1000   1.7000        0  -0.1000
              1.8000        0  -0.1000   1.9000        0  -0.1000
              2.0000        0  -0.1000   2.1000        0  -0.1000
              2.2000        0  -0.1000   2.3000        0  -0.1000
              2.4000        0  -0.1000   2.5000        0  -0.1000
              2.6000        0  -0.1000   2.7000        0  -0.1000
              2.8000        0  -0.1000   2.9000        0  -0.1000
              3.0000        0  -0.1000   3.1000        0  -0.1000
              -3.1000   0.1000  -0.1000  -3.0000   0.1000  -0.1000
              -2.9000   0.1000  -0.1000  -2.8000   0.1000  -0.1000
              -2.7000   0.1000  -0.1000  -2.6000   0.1000  -0.1000
              -2.5000   0.1000  -0.1000  -2.4000   0.1000  -0.1000
              -2.3000   0.1000  -0.1000  -2.2000   0.1000  -0.1000
              -2.1000   0.1000  -0.1000  -2.0000   0.1000  -0.1000
              -1.9000   0.1000  -0.1000  -1.8000   0.1000  -0.1000
              -1.7000   0.1000  -0.1000  -1.6000   0.1000  -0.1000
              -1.5000   0.1000  -0.1000  -1.4000   0.1000  -0.1000
              -1.3000   0.1000  -0.1000  -1.2000   0.1000  -0.1000
              -1.1000   0.1000  -0.1000  -1.0000   0.1000  -0.1000
              -0.9000   0.1000  -0.1000  -0.8000   0.1000  -0.1000
              -0.7000   0.1000  -0.1000  -0.6000   0.1000  -0.1000
              -0.5000   0.1000  -0.1000  -0.4000   0.1000  -0.1000
              -0.3000   0.1000  -0.1000  -0.2000   0.1000  -0.1000
              -0.1000   0.1000  -0.1000        0   0.1000  -0.1000
              0.1000   0.1000  -0.1000   0.2000   0.1000  -0.1000
              0.3000   0.1000  -0.1000   0.4000   0.1000  -0.1000
              0.5000   0.1000  -0.1000   0.6000   0.1000  -0.1000
              0.7000   0.1000  -0.1000   0.8000   0.1000  -0.1000
              0.9000   0.1000  -0.1000   1.0000   0.1000  -0.1000
              1.1000   0.1000  -0.1000   1.2000   0.1000  -0.1000
              1.3000   0.1000  -0.1000   1.4000   0.1000  -0.1000
              1.5000   0.1000  -0.1000   1.6000   0.1000  -0.1000
              1.7000   0.1000  -0.1000   1.8000   0.1000  -0.1000
              1.9000   0.1000  -0.1000   2.0000   0.1000  -0.1000
              2.1000   0.1000  -0.1000   2.2000   0.1000  -0.1000
              2.3000   0.1000  -0.1000   2.4000   0.1000  -0.1000
              2.5000   0.1000  -0.1000   2.6000   0.1000  -0.1000
              2.7000   0.1000  -0.1000   2.8000   0.1000  -0.1000
              2.9000   0.1000  -0.1000   3.0000   0.1000  -0.1000
              3.1000   0.1000  -0.1000  -3.1000   0.2000  -0.1000
              -3.0000   0.2000  -0.1000  -2.9000   0.2000  -0.1000
              -2.8000   0.2000  -0.1000  -2.7000   0.2000  -0.1000
              -2.6000   0.2000  -0.1000  -2.5000   0.2000  -0.1000
              -2.4000   0.2000  -0.1000  -2.3000   0.2000  -0.1000
              -2.2000   0.2000  -0.1000  -2.1000   0.2000  -0.1000
              -2.0000   0.2000  -0.1000  -1.9000   0.2000  -0.1000
              -1.8000   0.2000  -0.1000  -1.7000   0.2000  -0.1000
              -1.6000   0.2000  -0.1000  -1.5000   0.2000  -0.1000
              -1.4000   0.2000  -0.1000  -1.3000   0.2000  -0.1000
              -1.2000   0.2000  -0.1000  -1.1000   0.2000  -0.1000
              -1.0000   0.2000  -0.1000  -0.9000   0.2000  -0.1000
              -0.8000   0.2000  -0.1000  -0.7000   0.2000  -0.1000
              -0.6000   0.2000  -0.1000  -0.5000   0.2000  -0.1000
              -0.4000   0.2000  -0.1000  -0.3000   0.2000  -0.1000
              -0.2000   0.2000  -0.1000  -0.1000   0.2000  -0.1000
                  0   0.2000  -0.1000   0.1000   0.2000  -0.1000
              0.2000   0.2000  -0.1000   0.3000   0.2000  -0.1000
              0.4000   0.2000  -0.1000   0.5000   0.2000  -0.1000
              0.6000   0.2000  -0.1000   0.7000   0.2000  -0.1000
              0.8000   0.2000  -0.1000   0.9000   0.2000  -0.1000
              1.0000   0.2000  -0.1000   1.1000   0.2000  -0.1000
              1.2000   0.2000  -0.1000   1.3000   0.2000  -0.1000
              1.4000   0.2000  -0.1000   1.5000   0.2000  -0.1000
              1.6000   0.2000  -0.1000   1.7000   0.2000  -0.1000
              1.8000   0.2000  -0.1000   1.9000   0.2000  -0.1000
              2.0000   0.2000  -0.1000   2.1000   0.2000  -0.1000
              2.2000   0.2000  -0.1000   2.3000   0.2000  -0.1000
              2.4000   0.2000  -0.1000   2.5000   0.2000  -0.1000
              2.6000   0.2000  -0.1000   2.7000   0.2000  -0.1000
              2.8000   0.2000  -0.1000   2.9000   0.2000  -0.1000
              3.0000   0.2000  -0.1000   3.1000   0.2000  -0.1000
              -3.1000  -0.2000        0  -3.0000  -0.2000        0
              -2.9000  -0.2000        0  -2.8000  -0.2000        0
              -2.7000  -0.2000        0  -2.6000  -0.2000        0
              -2.5000  -0.2000        0  -2.4000  -0.2000        0
              -2.3000  -0.2000        0  -2.2000  -0.2000        0
              -2.1000  -0.2000        0  -2.0000  -0.2000        0
              -1.9000  -0.2000        0  -1.8000  -0.2000        0
              -1.7000  -0.2000        0  -1.6000  -0.2000        0
              -1.5000  -0.2000        0  -1.4000  -0.2000        0
              -1.3000  -0.2000        0  -1.2000  -0.2000        0
              -1.1000  -0.2000        0  -1.0000  -0.2000        0
              -0.9000  -0.2000        0  -0.8000  -0.2000        0
              -0.7000  -0.2000        0  -0.6000  -0.2000        0
              -0.5000  -0.2000        0  -0.4000  -0.2000        0
              -0.3000  -0.2000        0  -0.2000  -0.2000        0
              -0.1000  -0.2000        0        0  -0.2000        0
              0.1000  -0.2000        0   0.2000  -0.2000        0
              0.3000  -0.2000        0   0.4000  -0.2000        0
              0.5000  -0.2000        0   0.6000  -0.2000        0
              0.7000  -0.2000        0   0.8000  -0.2000        0
              0.9000  -0.2000        0   1.0000  -0.2000        0
              1.1000  -0.2000        0   1.2000  -0.2000        0
              1.3000  -0.2000        0   1.4000  -0.2000        0
              1.5000  -0.2000        0   1.6000  -0.2000        0
              1.7000  -0.2000        0   1.8000  -0.2000        0
              1.9000  -0.2000        0   2.0000  -0.2000        0
              2.1000  -0.2000        0   2.2000  -0.2000        0
              2.3000  -0.2000        0   2.4000  -0.2000        0
              2.5000  -0.2000        0   2.6000  -0.2000        0
              2.7000  -0.2000        0   2.8000  -0.2000        0
              2.9000  -0.2000        0   3.0000  -0.2000        0
              3.1000  -0.2000        0  -3.1000  -0.1000        0
              -3.0000  -0.1000        0  -2.9000  -0.1000        0
              -2.8000  -0.1000        0  -2.7000  -0.1000        0
              -2.6000  -0.1000        0  -2.5000  -0.1000        0
              -2.4000  -0.1000        0  -2.3000  -0.1000        0
              -2.2000  -0.1000        0  -2.1000  -0.1000        0
              -2.0000  -0.1000        0  -1.9000  -0.1000        0
              -1.8000  -0.1000        0  -1.7000  -0.1000        0
              -1.6000  -0.1000        0  -1.5000  -0.1000        0
              -1.4000  -0.1000        0  -1.3000  -0.1000        0
              -1.2000  -0.1000        0  -1.1000  -0.1000        0
              -1.0000  -0.1000        0  -0.9000  -0.1000        0
              -0.8000  -0.1000        0  -0.7000  -0.1000        0
              -0.6000  -0.1000        0  -0.5000  -0.1000        0
              -0.4000  -0.1000        0  -0.3000  -0.1000        0
              -0.2000  -0.1000        0  -0.1000  -0.1000        0
                  0  -0.1000        0   0.1000  -0.1000        0
              0.2000  -0.1000        0   0.3000  -0.1000        0
              0.4000  -0.1000        0   0.5000  -0.1000        0
              0.6000  -0.1000        0   0.7000  -0.1000        0
              0.8000  -0.1000        0   0.9000  -0.1000        0
              1.0000  -0.1000        0   1.1000  -0.1000        0
              1.2000  -0.1000        0   1.3000  -0.1000        0
              1.4000  -0.1000        0   1.5000  -0.1000        0
              1.6000  -0.1000        0   1.7000  -0.1000        0
              1.8000  -0.1000        0   1.9000  -0.1000        0
              2.0000  -0.1000        0   2.1000  -0.1000        0
              2.2000  -0.1000        0   2.3000  -0.1000        0
              2.4000  -0.1000        0   2.5000  -0.1000        0
              2.6000  -0.1000        0   2.7000  -0.1000        0
              2.8000  -0.1000        0   2.9000  -0.1000        0
              3.0000  -0.1000        0   3.1000  -0.1000        0
              -3.1000        0        0  -3.0000        0        0
              -2.9000        0        0  -2.8000        0        0
              -2.7000        0        0  -2.6000        0        0
              -2.5000        0        0  -2.4000        0        0
              -2.3000        0        0  -2.2000        0        0
              -2.1000        0        0  -2.0000        0        0
              -1.9000        0        0  -1.8000        0        0
              -1.7000        0        0  -1.6000        0        0
              -1.5000        0        0  -1.4000        0        0
              -1.3000        0        0  -1.2000        0        0
              -1.1000        0        0  -1.0000        0        0
              -0.9000        0        0  -0.8000        0        0
              -0.7000        0        0  -0.6000        0        0
              -0.5000        0        0  -0.4000        0        0
              -0.3000        0        0  -0.2000        0        0
              -0.1000        0        0        0        0        0
              0.1000        0        0   0.2000        0        0
              0.3000        0        0   0.4000        0        0
              0.5000        0        0   0.6000        0        0
              0.7000        0        0   0.8000        0        0
              0.9000        0        0   1.0000        0        0
              1.1000        0        0   1.2000        0        0
              1.3000        0        0   1.4000        0        0
              1.5000        0        0   1.6000        0        0
              1.7000        0        0   1.8000        0        0
              1.9000        0        0   2.0000        0        0
              2.1000        0        0   2.2000        0        0
              2.3000        0        0   2.4000        0        0
              2.5000        0        0   2.6000        0        0
              2.7000        0        0   2.8000        0        0
              2.9000        0        0   3.0000        0        0
              3.1000        0        0  -3.1000   0.1000        0
              -3.0000   0.1000        0  -2.9000   0.1000        0
              -2.8000   0.1000        0  -2.7000   0.1000        0
              -2.6000   0.1000        0  -2.5000   0.1000        0
              -2.4000   0.1000        0  -2.3000   0.1000        0
              -2.2000   0.1000        0  -2.1000   0.1000        0
              -2.0000   0.1000        0  -1.9000   0.1000        0
              -1.8000   0.1000        0  -1.7000   0.1000        0
              -1.6000   0.1000        0  -1.5000   0.1000        0
              -1.4000   0.1000        0  -1.3000   0.1000        0
              -1.2000   0.1000        0  -1.1000   0.1000        0
              -1.0000   0.1000        0  -0.9000   0.1000        0
              -0.8000   0.1000        0  -0.7000   0.1000        0
              -0.6000   0.1000        0  -0.5000   0.1000        0
              -0.4000   0.1000        0  -0.3000   0.1000        0
              -0.2000   0.1000        0  -0.1000   0.1000        0
                  0   0.1000        0   0.1000   0.1000        0
              0.2000   0.1000        0   0.3000   0.1000        0
              0.4000   0.1000        0   0.5000   0.1000        0
              0.6000   0.1000        0   0.7000   0.1000        0
              0.8000   0.1000        0   0.9000   0.1000        0
              1.0000   0.1000        0   1.1000   0.1000        0
              1.2000   0.1000        0   1.3000   0.1000        0
              1.4000   0.1000        0   1.5000   0.1000        0
              1.6000   0.1000        0   1.7000   0.1000        0
              1.8000   0.1000        0   1.9000   0.1000        0
              2.0000   0.1000        0   2.1000   0.1000        0
              2.2000   0.1000        0   2.3000   0.1000        0
              2.4000   0.1000        0   2.5000   0.1000        0
              2.6000   0.1000        0   2.7000   0.1000        0
              2.8000   0.1000        0   2.9000   0.1000        0
              3.0000   0.1000        0   3.1000   0.1000        0
              -3.1000   0.2000        0  -3.0000   0.2000        0
              -2.9000   0.2000        0  -2.8000   0.2000        0
              -2.7000   0.2000        0  -2.6000   0.2000        0
              -2.5000   0.2000        0  -2.4000   0.2000        0
              -2.3000   0.2000        0  -2.2000   0.2000        0
              -2.1000   0.2000        0  -2.0000   0.2000        0
              -1.9000   0.2000        0  -1.8000   0.2000        0
              -1.7000   0.2000        0  -1.6000   0.2000        0
              -1.5000   0.2000        0  -1.4000   0.2000        0
              -1.3000   0.2000        0  -1.2000   0.2000        0
              -1.1000   0.2000        0  -1.0000   0.2000        0
              -0.9000   0.2000        0  -0.8000   0.2000        0
              -0.7000   0.2000        0  -0.6000   0.2000        0
              -0.5000   0.2000        0  -0.4000   0.2000        0
              -0.3000   0.2000        0  -0.2000   0.2000        0
              -0.1000   0.2000        0        0   0.2000        0
              0.1000   0.2000        0   0.2000   0.2000        0
              0.3000   0.2000        0   0.4000   0.2000        0
              0.5000   0.2000        0   0.6000   0.2000        0
              0.7000   0.2000        0   0.8000   0.2000        0
              0.9000   0.2000        0   1.0000   0.2000        0
              1.1000   0.2000        0   1.2000   0.2000        0
              1.3000   0.2000        0   1.4000   0.2000        0
              1.5000   0.2000        0   1.6000   0.2000        0
              1.7000   0.2000        0   1.8000   0.2000        0
              1.9000   0.2000        0   2.0000   0.2000        0
              2.1000   0.2000        0   2.2000   0.2000        0
              2.3000   0.2000        0   2.4000   0.2000        0
              2.5000   0.2000        0   2.6000   0.2000        0
              2.7000   0.2000        0   2.8000   0.2000        0
              2.9000   0.2000        0   3.0000   0.2000        0
              3.1000   0.2000        0  -3.1000  -0.2000   0.1000
              -3.0000  -0.2000   0.1000  -2.9000  -0.2000   0.1000
              -2.8000  -0.2000   0.1000  -2.7000  -0.2000   0.1000
              -2.6000  -0.2000   0.1000  -2.5000  -0.2000   0.1000
              -2.4000  -0.2000   0.1000  -2.3000  -0.2000   0.1000
              -2.2000  -0.2000   0.1000  -2.1000  -0.2000   0.1000
              -2.0000  -0.2000   0.1000  -1.9000  -0.2000   0.1000
              -1.8000  -0.2000   0.1000  -1.7000  -0.2000   0.1000
              -1.6000  -0.2000   0.1000  -1.5000  -0.2000   0.1000
              -1.4000  -0.2000   0.1000  -1.3000  -0.2000   0.1000
              -1.2000  -0.2000   0.1000  -1.1000  -0.2000   0.1000
              -1.0000  -0.2000   0.1000  -0.9000  -0.2000   0.1000
              -0.8000  -0.2000   0.1000  -0.7000  -0.2000   0.1000
              -0.6000  -0.2000   0.1000  -0.5000  -0.2000   0.1000
              -0.4000  -0.2000   0.1000  -0.3000  -0.2000   0.1000
              -0.2000  -0.2000   0.1000  -0.1000  -0.2000   0.1000
                  0  -0.2000   0.1000   0.1000  -0.2000   0.1000
              0.2000  -0.2000   0.1000   0.3000  -0.2000   0.1000
              0.4000  -0.2000   0.1000   0.5000  -0.2000   0.1000
              0.6000  -0.2000   0.1000   0.7000  -0.2000   0.1000
              0.8000  -0.2000   0.1000   0.9000  -0.2000   0.1000
              1.0000  -0.2000   0.1000   1.1000  -0.2000   0.1000
              1.2000  -0.2000   0.1000   1.3000  -0.2000   0.1000
              1.4000  -0.2000   0.1000   1.5000  -0.2000   0.1000
              1.6000  -0.2000   0.1000   1.7000  -0.2000   0.1000
              1.8000  -0.2000   0.1000   1.9000  -0.2000   0.1000
              2.0000  -0.2000   0.1000   2.1000  -0.2000   0.1000
              2.2000  -0.2000   0.1000   2.3000  -0.2000   0.1000
              2.4000  -0.2000   0.1000   2.5000  -0.2000   0.1000
              2.6000  -0.2000   0.1000   2.7000  -0.2000   0.1000
              2.8000  -0.2000   0.1000   2.9000  -0.2000   0.1000
              3.0000  -0.2000   0.1000   3.1000  -0.2000   0.1000
              -3.1000  -0.1000   0.1000  -3.0000  -0.1000   0.1000
              -2.9000  -0.1000   0.1000  -2.8000  -0.1000   0.1000
              -2.7000  -0.1000   0.1000  -2.6000  -0.1000   0.1000
              -2.5000  -0.1000   0.1000  -2.4000  -0.1000   0.1000
              -2.3000  -0.1000   0.1000  -2.2000  -0.1000   0.1000
              -2.1000  -0.1000   0.1000  -2.0000  -0.1000   0.1000
              -1.9000  -0.1000   0.1000  -1.8000  -0.1000   0.1000
              -1.7000  -0.1000   0.1000  -1.6000  -0.1000   0.1000
              -1.5000  -0.1000   0.1000  -1.4000  -0.1000   0.1000
              -1.3000  -0.1000   0.1000  -1.2000  -0.1000   0.1000
              -1.1000  -0.1000   0.1000  -1.0000  -0.1000   0.1000
              -0.9000  -0.1000   0.1000  -0.8000  -0.1000   0.1000
              -0.7000  -0.1000   0.1000  -0.6000  -0.1000   0.1000
              -0.5000  -0.1000   0.1000  -0.4000  -0.1000   0.1000
              -0.3000  -0.1000   0.1000  -0.2000  -0.1000   0.1000
              -0.1000  -0.1000   0.1000        0  -0.1000   0.1000
              0.1000  -0.1000   0.1000   0.2000  -0.1000   0.1000
              0.3000  -0.1000   0.1000   0.4000  -0.1000   0.1000
              0.5000  -0.1000   0.1000   0.6000  -0.1000   0.1000
              0.7000  -0.1000   0.1000   0.8000  -0.1000   0.1000
              0.9000  -0.1000   0.1000   1.0000  -0.1000   0.1000
              1.1000  -0.1000   0.1000   1.2000  -0.1000   0.1000
              1.3000  -0.1000   0.1000   1.4000  -0.1000   0.1000
              1.5000  -0.1000   0.1000   1.6000  -0.1000   0.1000
              1.7000  -0.1000   0.1000   1.8000  -0.1000   0.1000
              1.9000  -0.1000   0.1000   2.0000  -0.1000   0.1000
              2.1000  -0.1000   0.1000   2.2000  -0.1000   0.1000
              2.3000  -0.1000   0.1000   2.4000  -0.1000   0.1000
              2.5000  -0.1000   0.1000   2.6000  -0.1000   0.1000
              2.7000  -0.1000   0.1000   2.8000  -0.1000   0.1000
              2.9000  -0.1000   0.1000   3.0000  -0.1000   0.1000
              3.1000  -0.1000   0.1000  -3.1000        0   0.1000
              -3.0000        0   0.1000  -2.9000        0   0.1000
              -2.8000        0   0.1000  -2.7000        0   0.1000
              -2.6000        0   0.1000  -2.5000        0   0.1000
              -2.4000        0   0.1000  -2.3000        0   0.1000
              -2.2000        0   0.1000  -2.1000        0   0.1000
              -2.0000        0   0.1000  -1.9000        0   0.1000
              -1.8000        0   0.1000  -1.7000        0   0.1000
              -1.6000        0   0.1000  -1.5000        0   0.1000
              -1.4000        0   0.1000  -1.3000        0   0.1000
              -1.2000        0   0.1000  -1.1000        0   0.1000
              -1.0000        0   0.1000  -0.9000        0   0.1000
              -0.8000        0   0.1000  -0.7000        0   0.1000
              -0.6000        0   0.1000  -0.5000        0   0.1000
              -0.4000        0   0.1000  -0.3000        0   0.1000
              -0.2000        0   0.1000  -0.1000        0   0.1000
                  0        0   0.1000   0.1000        0   0.1000
              0.2000        0   0.1000   0.3000        0   0.1000
              0.4000        0   0.1000   0.5000        0   0.1000
              0.6000        0   0.1000   0.7000        0   0.1000
              0.8000        0   0.1000   0.9000        0   0.1000
              1.0000        0   0.1000   1.1000        0   0.1000
              1.2000        0   0.1000   1.3000        0   0.1000
              1.4000        0   0.1000   1.5000        0   0.1000
              1.6000        0   0.1000   1.7000        0   0.1000
              1.8000        0   0.1000   1.9000        0   0.1000
              2.0000        0   0.1000   2.1000        0   0.1000
              2.2000        0   0.1000   2.3000        0   0.1000
              2.4000        0   0.1000   2.5000        0   0.1000
              2.6000        0   0.1000   2.7000        0   0.1000
              2.8000        0   0.1000   2.9000        0   0.1000
              3.0000        0   0.1000   3.1000        0   0.1000
              -3.1000   0.1000   0.1000  -3.0000   0.1000   0.1000
              -2.9000   0.1000   0.1000  -2.8000   0.1000   0.1000
              -2.7000   0.1000   0.1000  -2.6000   0.1000   0.1000
              -2.5000   0.1000   0.1000  -2.4000   0.1000   0.1000
              -2.3000   0.1000   0.1000  -2.2000   0.1000   0.1000
              -2.1000   0.1000   0.1000  -2.0000   0.1000   0.1000
              -1.9000   0.1000   0.1000  -1.8000   0.1000   0.1000
              -1.7000   0.1000   0.1000  -1.6000   0.1000   0.1000
              -1.5000   0.1000   0.1000  -1.4000   0.1000   0.1000
              -1.3000   0.1000   0.1000  -1.2000   0.1000   0.1000
              -1.1000   0.1000   0.1000  -1.0000   0.1000   0.1000
              -0.9000   0.1000   0.1000  -0.8000   0.1000   0.1000
              -0.7000   0.1000   0.1000  -0.6000   0.1000   0.1000
              -0.5000   0.1000   0.1000  -0.4000   0.1000   0.1000
              -0.3000   0.1000   0.1000  -0.2000   0.1000   0.1000
              -0.1000   0.1000   0.1000        0   0.1000   0.1000
              0.1000   0.1000   0.1000   0.2000   0.1000   0.1000
              0.3000   0.1000   0.1000   0.4000   0.1000   0.1000
              0.5000   0.1000   0.1000   0.6000   0.1000   0.1000
              0.7000   0.1000   0.1000   0.8000   0.1000   0.1000
              0.9000   0.1000   0.1000   1.0000   0.1000   0.1000
              1.1000   0.1000   0.1000   1.2000   0.1000   0.1000
              1.3000   0.1000   0.1000   1.4000   0.1000   0.1000
              1.5000   0.1000   0.1000   1.6000   0.1000   0.1000
              1.7000   0.1000   0.1000   1.8000   0.1000   0.1000
              1.9000   0.1000   0.1000   2.0000   0.1000   0.1000
              2.1000   0.1000   0.1000   2.2000   0.1000   0.1000
              2.3000   0.1000   0.1000   2.4000   0.1000   0.1000
              2.5000   0.1000   0.1000   2.6000   0.1000   0.1000
              2.7000   0.1000   0.1000   2.8000   0.1000   0.1000
              2.9000   0.1000   0.1000   3.0000   0.1000   0.1000
              3.1000   0.1000   0.1000  -3.1000   0.2000   0.1000
              -3.0000   0.2000   0.1000  -2.9000   0.2000   0.1000
              -2.8000   0.2000   0.1000  -2.7000   0.2000   0.1000
              -2.6000   0.2000   0.1000  -2.5000   0.2000   0.1000
              -2.4000   0.2000   0.1000  -2.3000   0.2000   0.1000
              -2.2000   0.2000   0.1000  -2.1000   0.2000   0.1000
              -2.0000   0.2000   0.1000  -1.9000   0.2000   0.1000
              -1.8000   0.2000   0.1000  -1.7000   0.2000   0.1000
              -1.6000   0.2000   0.1000  -1.5000   0.2000   0.1000
              -1.4000   0.2000   0.1000  -1.3000   0.2000   0.1000
              -1.2000   0.2000   0.1000  -1.1000   0.2000   0.1000
              -1.0000   0.2000   0.1000  -0.9000   0.2000   0.1000
              -0.8000   0.2000   0.1000  -0.7000   0.2000   0.1000
              -0.6000   0.2000   0.1000  -0.5000   0.2000   0.1000
              -0.4000   0.2000   0.1000  -0.3000   0.2000   0.1000
              -0.2000   0.2000   0.1000  -0.1000   0.2000   0.1000
                  0   0.2000   0.1000   0.1000   0.2000   0.1000
              0.2000   0.2000   0.1000   0.3000   0.2000   0.1000
              0.4000   0.2000   0.1000   0.5000   0.2000   0.1000
              0.6000   0.2000   0.1000   0.7000   0.2000   0.1000
              0.8000   0.2000   0.1000   0.9000   0.2000   0.1000
              1.0000   0.2000   0.1000   1.1000   0.2000   0.1000
              1.2000   0.2000   0.1000   1.3000   0.2000   0.1000
              1.4000   0.2000   0.1000   1.5000   0.2000   0.1000
              1.6000   0.2000   0.1000   1.7000   0.2000   0.1000
              1.8000   0.2000   0.1000   1.9000   0.2000   0.1000
              2.0000   0.2000   0.1000   2.1000   0.2000   0.1000
              2.2000   0.2000   0.1000   2.3000   0.2000   0.1000
              2.4000   0.2000   0.1000   2.5000   0.2000   0.1000
              2.6000   0.2000   0.1000   2.7000   0.2000   0.1000
              2.8000   0.2000   0.1000   2.9000   0.2000   0.1000
              3.0000   0.2000   0.1000   3.1000   0.2000   0.1000
              -3.1000  -0.2000   0.2000  -3.0000  -0.2000   0.2000
              -2.9000  -0.2000   0.2000  -2.8000  -0.2000   0.2000
              -2.7000  -0.2000   0.2000  -2.6000  -0.2000   0.2000
              -2.5000  -0.2000   0.2000  -2.4000  -0.2000   0.2000
              -2.3000  -0.2000   0.2000  -2.2000  -0.2000   0.2000
              -2.1000  -0.2000   0.2000  -2.0000  -0.2000   0.2000
              -1.9000  -0.2000   0.2000  -1.8000  -0.2000   0.2000
              -1.7000  -0.2000   0.2000  -1.6000  -0.2000   0.2000
              -1.5000  -0.2000   0.2000  -1.4000  -0.2000   0.2000
              -1.3000  -0.2000   0.2000  -1.2000  -0.2000   0.2000
              -1.1000  -0.2000   0.2000  -1.0000  -0.2000   0.2000
              -0.9000  -0.2000   0.2000  -0.8000  -0.2000   0.2000
              -0.7000  -0.2000   0.2000  -0.6000  -0.2000   0.2000
              -0.5000  -0.2000   0.2000  -0.4000  -0.2000   0.2000
              -0.3000  -0.2000   0.2000  -0.2000  -0.2000   0.2000
              -0.1000  -0.2000   0.2000        0  -0.2000   0.2000
              0.1000  -0.2000   0.2000   0.2000  -0.2000   0.2000
              0.3000  -0.2000   0.2000   0.4000  -0.2000   0.2000
              0.5000  -0.2000   0.2000   0.6000  -0.2000   0.2000
              0.7000  -0.2000   0.2000   0.8000  -0.2000   0.2000
              0.9000  -0.2000   0.2000   1.0000  -0.2000   0.2000
              1.1000  -0.2000   0.2000   1.2000  -0.2000   0.2000
              1.3000  -0.2000   0.2000   1.4000  -0.2000   0.2000
              1.5000  -0.2000   0.2000   1.6000  -0.2000   0.2000
              1.7000  -0.2000   0.2000   1.8000  -0.2000   0.2000
              1.9000  -0.2000   0.2000   2.0000  -0.2000   0.2000
              2.1000  -0.2000   0.2000   2.2000  -0.2000   0.2000
              2.3000  -0.2000   0.2000   2.4000  -0.2000   0.2000
              2.5000  -0.2000   0.2000   2.6000  -0.2000   0.2000
              2.7000  -0.2000   0.2000   2.8000  -0.2000   0.2000
              2.9000  -0.2000   0.2000   3.0000  -0.2000   0.2000
              3.1000  -0.2000   0.2000  -3.1000  -0.1000   0.2000
              -3.0000  -0.1000   0.2000  -2.9000  -0.1000   0.2000
              -2.8000  -0.1000   0.2000  -2.7000  -0.1000   0.2000
              -2.6000  -0.1000   0.2000  -2.5000  -0.1000   0.2000
              -2.4000  -0.1000   0.2000  -2.3000  -0.1000   0.2000
              -2.2000  -0.1000   0.2000  -2.1000  -0.1000   0.2000
              -2.0000  -0.1000   0.2000  -1.9000  -0.1000   0.2000
              -1.8000  -0.1000   0.2000  -1.7000  -0.1000   0.2000
              -1.6000  -0.1000   0.2000  -1.5000  -0.1000   0.2000
              -1.4000  -0.1000   0.2000  -1.3000  -0.1000   0.2000
              -1.2000  -0.1000   0.2000  -1.1000  -0.1000   0.2000
              -1.0000  -0.1000   0.2000  -0.9000  -0.1000   0.2000
              -0.8000  -0.1000   0.2000  -0.7000  -0.1000   0.2000
              -0.6000  -0.1000   0.2000  -0.5000  -0.1000   0.2000
              -0.4000  -0.1000   0.2000  -0.3000  -0.1000   0.2000
              -0.2000  -0.1000   0.2000  -0.1000  -0.1000   0.2000
                  0  -0.1000   0.2000   0.1000  -0.1000   0.2000
              0.2000  -0.1000   0.2000   0.3000  -0.1000   0.2000
              0.4000  -0.1000   0.2000   0.5000  -0.1000   0.2000
              0.6000  -0.1000   0.2000   0.7000  -0.1000   0.2000
              0.8000  -0.1000   0.2000   0.9000  -0.1000   0.2000
              1.0000  -0.1000   0.2000   1.1000  -0.1000   0.2000
              1.2000  -0.1000   0.2000   1.3000  -0.1000   0.2000
              1.4000  -0.1000   0.2000   1.5000  -0.1000   0.2000
              1.6000  -0.1000   0.2000   1.7000  -0.1000   0.2000
              1.8000  -0.1000   0.2000   1.9000  -0.1000   0.2000
              2.0000  -0.1000   0.2000   2.1000  -0.1000   0.2000
              2.2000  -0.1000   0.2000   2.3000  -0.1000   0.2000
              2.4000  -0.1000   0.2000   2.5000  -0.1000   0.2000
              2.6000  -0.1000   0.2000   2.7000  -0.1000   0.2000
              2.8000  -0.1000   0.2000   2.9000  -0.1000   0.2000
              3.0000  -0.1000   0.2000   3.1000  -0.1000   0.2000
              -3.1000        0   0.2000  -3.0000        0   0.2000
              -2.9000        0   0.2000  -2.8000        0   0.2000
              -2.7000        0   0.2000  -2.6000        0   0.2000
              -2.5000        0   0.2000  -2.4000        0   0.2000
              -2.3000        0   0.2000  -2.2000        0   0.2000
              -2.1000        0   0.2000  -2.0000        0   0.2000
              -1.9000        0   0.2000  -1.8000        0   0.2000
              -1.7000        0   0.2000  -1.6000        0   0.2000
              -1.5000        0   0.2000  -1.4000        0   0.2000
              -1.3000        0   0.2000  -1.2000        0   0.2000
              -1.1000        0   0.2000  -1.0000        0   0.2000
              -0.9000        0   0.2000  -0.8000        0   0.2000
              -0.7000        0   0.2000  -0.6000        0   0.2000
              -0.5000        0   0.2000  -0.4000        0   0.2000
              -0.3000        0   0.2000  -0.2000        0   0.2000
              -0.1000        0   0.2000        0        0   0.2000
              0.1000        0   0.2000   0.2000        0   0.2000
              0.3000        0   0.2000   0.4000        0   0.2000
              0.5000        0   0.2000   0.6000        0   0.2000
              0.7000        0   0.2000   0.8000        0   0.2000
              0.9000        0   0.2000   1.0000        0   0.2000
              1.1000        0   0.2000   1.2000        0   0.2000
              1.3000        0   0.2000   1.4000        0   0.2000
              1.5000        0   0.2000   1.6000        0   0.2000
              1.7000        0   0.2000   1.8000        0   0.2000
              1.9000        0   0.2000   2.0000        0   0.2000
              2.1000        0   0.2000   2.2000        0   0.2000
              2.3000        0   0.2000   2.4000        0   0.2000
              2.5000        0   0.2000   2.6000        0   0.2000
              2.7000        0   0.2000   2.8000        0   0.2000
              2.9000        0   0.2000   3.0000        0   0.2000
              3.1000        0   0.2000  -3.1000   0.1000   0.2000
              -3.0000   0.1000   0.2000  -2.9000   0.1000   0.2000
              -2.8000   0.1000   0.2000  -2.7000   0.1000   0.2000
              -2.6000   0.1000   0.2000  -2.5000   0.1000   0.2000
              -2.4000   0.1000   0.2000  -2.3000   0.1000   0.2000
              -2.2000   0.1000   0.2000  -2.1000   0.1000   0.2000
              -2.0000   0.1000   0.2000  -1.9000   0.1000   0.2000
              -1.8000   0.1000   0.2000  -1.7000   0.1000   0.2000
              -1.6000   0.1000   0.2000  -1.5000   0.1000   0.2000
              -1.4000   0.1000   0.2000  -1.3000   0.1000   0.2000
              -1.2000   0.1000   0.2000  -1.1000   0.1000   0.2000
              -1.0000   0.1000   0.2000  -0.9000   0.1000   0.2000
              -0.8000   0.1000   0.2000  -0.7000   0.1000   0.2000
              -0.6000   0.1000   0.2000  -0.5000   0.1000   0.2000
              -0.4000   0.1000   0.2000  -0.3000   0.1000   0.2000
              -0.2000   0.1000   0.2000  -0.1000   0.1000   0.2000
                  0   0.1000   0.2000   0.1000   0.1000   0.2000
              0.2000   0.1000   0.2000   0.3000   0.1000   0.2000
              0.4000   0.1000   0.2000   0.5000   0.1000   0.2000
              0.6000   0.1000   0.2000   0.7000   0.1000   0.2000
              0.8000   0.1000   0.2000   0.9000   0.1000   0.2000
              1.0000   0.1000   0.2000   1.1000   0.1000   0.2000
              1.2000   0.1000   0.2000   1.3000   0.1000   0.2000
              1.4000   0.1000   0.2000   1.5000   0.1000   0.2000
              1.6000   0.1000   0.2000   1.7000   0.1000   0.2000
              1.8000   0.1000   0.2000   1.9000   0.1000   0.2000
              2.0000   0.1000   0.2000   2.1000   0.1000   0.2000
              2.2000   0.1000   0.2000   2.3000   0.1000   0.2000
              2.4000   0.1000   0.2000   2.5000   0.1000   0.2000
              2.6000   0.1000   0.2000   2.7000   0.1000   0.2000
              2.8000   0.1000   0.2000   2.9000   0.1000   0.2000
              3.0000   0.1000   0.2000   3.1000   0.1000   0.2000
              -3.1000   0.2000   0.2000  -3.0000   0.2000   0.2000
              -2.9000   0.2000   0.2000  -2.8000   0.2000   0.2000
              -2.7000   0.2000   0.2000  -2.6000   0.2000   0.2000
              -2.5000   0.2000   0.2000  -2.4000   0.2000   0.2000
              -2.3000   0.2000   0.2000  -2.2000   0.2000   0.2000
              -2.1000   0.2000   0.2000  -2.0000   0.2000   0.2000
              -1.9000   0.2000   0.2000  -1.8000   0.2000   0.2000
              -1.7000   0.2000   0.2000  -1.6000   0.2000   0.2000
              -1.5000   0.2000   0.2000  -1.4000   0.2000   0.2000
              -1.3000   0.2000   0.2000  -1.2000   0.2000   0.2000
              -1.1000   0.2000   0.2000  -1.0000   0.2000   0.2000
              -0.9000   0.2000   0.2000  -0.8000   0.2000   0.2000
              -0.7000   0.2000   0.2000  -0.6000   0.2000   0.2000
              -0.5000   0.2000   0.2000  -0.4000   0.2000   0.2000
              -0.3000   0.2000   0.2000  -0.2000   0.2000   0.2000
              -0.1000   0.2000   0.2000        0   0.2000   0.2000
              0.1000   0.2000   0.2000   0.2000   0.2000   0.2000
              0.3000   0.2000   0.2000   0.4000   0.2000   0.2000
              0.5000   0.2000   0.2000   0.6000   0.2000   0.2000
              0.7000   0.2000   0.2000   0.8000   0.2000   0.2000
              0.9000   0.2000   0.2000   1.0000   0.2000   0.2000
              1.1000   0.2000   0.2000   1.2000   0.2000   0.2000
              1.3000   0.2000   0.2000   1.4000   0.2000   0.2000
              1.5000   0.2000   0.2000   1.6000   0.2000   0.2000
              1.7000   0.2000   0.2000   1.8000   0.2000   0.2000
              1.9000   0.2000   0.2000   2.0000   0.2000   0.2000
              2.1000   0.2000   0.2000   2.2000   0.2000   0.2000
              2.3000   0.2000   0.2000   2.4000   0.2000   0.2000
              2.5000   0.2000   0.2000   2.6000   0.2000   0.2000
              2.7000   0.2000   0.2000   2.8000   0.2000   0.2000
              2.9000   0.2000   0.2000   3.0000   0.2000   0.2000
              3.1000   0.2000   0.2000
        </DataArray>
      </Points>
      <Cells>
        <DataArray type="Int64" Name="connectivity" format="ascii">
          0 1 63 315 63 1
          64 379 1 315 316 379
          1 63 315 379 315 63
          378 379 1 2 65 317
          64 1 65 379 65 1
          317 379 1 316 317 379
          317 65 379 380 2 3
          65 317 65 3 66 381
          3 317 318 381 3 65
          317 381 317 65 380 381
          3 4 67 319 66 3
          67 381 67 3 319 381
          3 318 319 381 319 67
          381 382 4 5 67 319
          67 5 68 383 5 319
          320 383 5 67 319 383
          319 67 382 383 5 6
          69 321 68 5 69 383
          69 5 321 383 5 320
          321 383 321 69 383 384
          6 7 69 321 69 7
          70 385 7 321 322 385
          7 69 321 385 321 69
          384 385 7 8 71 323
          70 7 71 385 71 7
          323 385 7 322 323 385
          323 71 385 386 8 9
          71 323 71 9 72 387
          9 323 324 387 9 71
          323 387 323 71 386 387
          9 10 73 325 72 9
          73 387 73 9 325 387
          9 324 325 387 325 73
          387 388 10 11 73 325
          73 11 74 389 11 325
          326 389 11 73 325 389
          325 73 388 389 11 12
          75 327 74 11 75 389
          75 11 327 389 11 326
          327 389 327 75 389 390
          12 13 75 327 75 13
          76 391 13 327 328 391
          13 75 327 391 327 75
          390 391 13 14 77 329
          76 13 77 391 77 13
          329 391 13 328 329 391
          329 77 391 392 14 15
          77 329 77 15 78 393
          15 329 330 393 15 77
          329 393 329 77 392 393
          15 16 79 331 78 15
          79 393 79 15 331 393
          15 330 331 393 331 79
          393 394 16 17 79 331
          79 17 80 395 17 331
          332 395 17 79 331 395
          331 79 394 395 17 18
          81 333 80 17 81 395
          81 17 333 395 17 332
          333 395 333 81 395 396
          18 19 81 333 81 19
          82 397 19 333 334 397
          19 81 333 397 333 81
          396 397 19 20 83 335
          82 19 83 397 83 19
          335 397 19 334 335 397
          335 83 397 398 20 21
          83 335 83 21 84 399
          21 335 336 399 21 83
          335 399 335 83 398 399
          21 22 85 337 84 21
          85 399 85 21 337 399
          21 336 337 399 337 85
          399 400 22 23 85 337
          85 23 86 401 23 337
          338 401 23 85 337 401
          337 85 400 401 23 24
          87 339 86 23 87 401
          87 23 339 401 23 338
          339 401 339 87 401 402
          24 25 87 339 87 25
          88 403 25 339 340 403
          25 87 339 403 339 87
          402 403 25 26 89 341
          88 25 89 403 89 25
          341 403 25 340 341 403
          341 89 403 404 26 27
          89 341 89 27 90 405
          27 341 342 405 27 89
          341 405 341 89 404 405
          27 28 91 343 90 27
          91 405 91 27 343 405
          27 342 343 405 343 91
          405 406 28 29 91 343
          91 29 92 407 29 343
          344 407 29 91 343 407
          343 91 406 407 29 30
          93 345 92 29 93 407
          93 29 345 407 29 344
          345 407 345 93 407 408
          30 31 93 345 93 31
          94 409 31 345 346 409
          31 93 345 409 345 93
          408 409 31 32 95 347
          94 31 95 409 95 31
          347 409 31 346 347 409
          347 95 409 410 32 33
          95 347 95 33 96 411
          33 347 348 411 33 95
          347 411 347 95 410 411
          33 34 97 349 96 33
          97 411 97 33 349 411
          33 348 349 411 349 97
          411 412 34 35 97 349
          97 35 98 413 35 349
          350 413 35 97 349 413
          349 97 412 413 35 36
          99 351 98 35 99 413
          99 35 351 413 35 350
          351 413 351 99 413 414
          36 37 99 351 99 37
          100 415 37 351 352 415
          37 99 351 415 351 99
          414 415 37 38 101 353
          100 37 101 415 101 37
          353 415 37 352 353 415
          353 101 415 416 38 39
          101 353 101 39 102 417
          39 353 354 417 39 101
          353 417 353 101 416 417
          39 40 103 355 102 39
          103 417 103 39 355 417
          39 354 355 417 355 103
          417 418 40 41 103 355
          103 41 104 419 41 355
          356 419 41 103 355 419
          355 103 418 419 41 42
          105 357 104 41 105 419
          105 41 357 419 41 356
          357 419 357 105 419 420
          42 43 105 357 105 43
          106 421 43 357 358 421
          43 105 357 421 357 105
          420 421 43 44 107 359
          106 43 107 421 107 43
          359 421 43 358 359 421
          359 107 421 422 44 45
          107 359 107 45 108 423
          45 359 360 423 45 107
          359 423 359 107 422 423
          45 46 109 361 108 45
          109 423 109 45 361 423
          45 360 361 423 361 109
          423 424 46 47 109 361
          109 47 110 425 47 361
          362 425 47 109 361 425
          361 109 424 425 47 48
          111 363 110 47 111 425
          111 47 363 425 47 362
          363 425 363 111 425 426
          48 49 111 363 111 49
          112 427 49 363 364 427
          49 111 363 427 363 111
          426 427 49 50 113 365
          112 49 113 427 113 49
          365 427 49 364 365 427
          365 113 427 428 50 51
          113 365 113 51 114 429
          51 365 366 429 51 113
          365 429 365 113 428 429
          51 52 115 367 114 51
          115 429 115 51 367 429
          51 366 367 429 367 115
          429 430 52 53 115 367
          115 53 116 431 53 367
          368 431 53 115 367 431
          367 115 430 431 53 54
          117 369 116 53 117 431
          117 53 369 431 53 368
          369 431 369 117 431 432
          54 55 117 369 117 55
          118 433 55 369 370 433
          55 117 369 433 369 117
          432 433 55 56 119 371
          118 55 119 433 119 55
          371 433 55 370 371 433
          371 119 433 434 56 57
          119 371 119 57 120 435
          57 371 372 435 57 119
          371 435 371 119 434 435
          57 58 121 373 120 57
          121 435 121 57 373 435
          57 372 373 435 373 121
          435 436 58 59 121 373
          121 59 122 437 59 373
          374 437 59 121 373 437
          373 121 436 437 59 60
          123 375 122 59 123 437
          123 59 375 437 59 374
          375 437 375 123 437 438
          60 61 123 375 123 61
          124 439 61 375 376 439
          61 123 375 439 375 123
          438 439 61 62 125 377
          124 61 125 439 125 61
          377 439 61 376 377 439
          377 125 439 440 63 64
          127 379 126 63 127 441
          127 63 379 441 63 378
          379 441 379 127 441 442
          64 65 127 379 127 65
          128 443 65 379 380 443
          65 127 379 443 379 127
          442 443 65 66 129 381
          128 65 129 443 129 65
          381 443 65 380 381 443
          381 129 443 444 66 67
          129 381 129 67 130 445
          67 381 382 445 67 129
          381 445 381 129 444 445
          67 68 131 383 130 67
          131 445 131 67 383 445
          67 382 383 445 383 131
          445 446 68 69 131 383
          131 69 132 447 69 383
          384 447 69 131 383 447
          383 131 446 447 69 70
          133 385 132 69 133 447
          133 69 385 447 69 384
          385 447 385 133 447 448
          70 71 133 385 133 71
          134 449 71 385 386 449
          71 133 385 449 385 133
          448 449 71 72 135 387
          134 71 135 449 135 71
          387 449 71 386 387 449
          387 135 449 450 72 73
          135 387 135 73 136 451
          73 387 388 451 73 135
          387 451 387 135 450 451
          73 74 137 389 136 73
          137 451 137 73 389 451
          73 388 389 451 389 137
          451 452 74 75 137 389
          137 75 138 453 75 389
          390 453 75 137 389 453
          389 137 452 453 75 76
          139 391 138 75 139 453
          139 75 391 453 75 390
          391 453 391 139 453 454
          76 77 139 391 139 77
          140 455 77 391 392 455
          77 139 391 455 391 139
          454 455 77 78 141 393
          140 77 141 455 141 77
          393 455 77 392 393 455
          393 141 455 456 78 79
          141 393 141 79 142 457
          79 393 394 457 79 141
          393 457 393 141 456 457
          79 80 143 395 142 79
          143 457 143 79 395 457
          79 394 395 457 395 143
          457 458 80 81 143 395
          143 81 144 459 81 395
          396 459 81 143 395 459
          395 143 458 459 81 82
          145 397 144 81 145 459
          145 81 397 459 81 396
          397 459 397 145 459 460
          82 83 145 397 145 83
          146 461 83 397 398 461
          83 145 397 461 397 145
          460 461 83 84 147 399
          146 83 147 461 147 83
          399 461 83 398 399 461
          399 147 461 462 84 85
          147 399 147 85 148 463
          85 399 400 463 85 147
          399 463 399 147 462 463
          85 86 149 401 148 85
          149 463 149 85 401 463
          85 400 401 463 401 149
          463 464 86 87 149 401
          149 87 150 465 87 401
          402 465 87 149 401 465
          401 149 464 465 87 88
          151 403 150 87 151 465
          151 87 403 465 87 402
          403 465 403 151 465 466
          88 89 151 403 151 89
          152 467 89 403 404 467
          89 151 403 467 403 151
          466 467 89 90 153 405
          152 89 153 467 153 89
          405 467 89 404 405 467
          405 153 467 468 90 91
          153 405 153 91 154 469
          91 405 406 469 91 153
          405 469 405 153 468 469
          91 92 155 407 154 91
          155 469 155 91 407 469
          91 406 407 469 407 155
          469 470 92 93 155 407
          155 93 156 471 93 407
          408 471 93 155 407 471
          407 155 470 471 93 94
          157 409 156 93 157 471
          157 93 409 471 93 408
          409 471 409 157 471 472
          94 95 157 409 157 95
          158 473 95 409 410 473
          95 157 409 473 409 157
          472 473 95 96 159 411
          158 95 159 473 159 95
          411 473 95 410 411 473
          411 159 473 474 96 97
          159 411 159 97 160 475
          97 411 412 475 97 159
          411 475 411 159 474 475
          97 98 161 413 160 97
          161 475 161 97 413 475
          97 412 413 475 413 161
          475 476 98 99 161 413
          161 99 162 477 99 413
          414 477 99 161 413 477
          413 161 476 477 99 100
          163 415 162 99 163 477
          163 99 415 477 99 414
          415 477 415 163 477 478
          100 101 163 415 163 101
          164 479 101 415 416 479
          101 163 415 479 415 163
          478 479 101 102 165 417
          164 101 165 479 165 101
          417 479 101 416 417 479
          417 165 479 480 102 103
          165 417 165 103 166 481
          103 417 418 481 103 165
          417 481 417 165 480 481
          103 104 167 419 166 103
          167 481 167 103 419 481
          103 418 419 481 419 167
          481 482 104 105 167 419
          167 105 168 483 105 419
          420 483 105 167 419 483
          419 167 482 483 105 106
          169 421 168 105 169 483
          169 105 421 483 105 420
          421 483 421 169 483 484
          106 107 169 421 169 107
          170 485 107 421 422 485
          107 169 421 485 421 169
          484 485 107 108 171 423
          170 107 171 485 171 107
          423 485 107 422 423 485
          423 171 485 486 108 109
          171 423 171 109 172 487
          109 423 424 487 109 171
          423 487 423 171 486 487
          109 110 173 425 172 109
          173 487 173 109 425 487
          109 424 425 487 425 173
          487 488 110 111 173 425
          173 111 174 489 111 425
          426 489 111 173 425 489
          425 173 488 489 111 112
          175 427 174 111 175 489
          175 111 427 489 111 426
          427 489 427 175 489 490
          112 113 175 427 175 113
          176 491 113 427 428 491
          113 175 427 491 427 175
          490 491 113 114 177 429
          176 113 177 491 177 113
          429 491 113 428 429 491
          429 177 491 492 114 115
          177 429 177 115 178 493
          115 429 430 493 115 177
          429 493 429 177 492 493
          115 116 179 431 178 115
          179 493 179 115 431 493
          115 430 431 493 431 179
          493 494 116 117 179 431
          179 117 180 495 117 431
          432 495 117 179 431 495
          431 179 494 495 117 118
          181 433 180 117 181 495
          181 117 433 495 117 432
          433 495 433 181 495 496
          118 119 181 433 181 119
          182 497 119 433 434 497
          119 181 433 497 433 181
          496 497 119 120 183 435
          182 119 183 497 183 119
          435 497 119 434 435 497
          435 183 497 498 120 121
          183 435 183 121 184 499
          121 435 436 499 121 183
          435 499 435 183 498 499
          121 122 185 437 184 121
          185 499 185 121 437 499
          121 436 437 499 437 185
          499 500 122 123 185 437
          185 123 186 501 123 437
          438 501 123 185 437 501
          437 185 500 501 123 124
          187 439 186 123 187 501
          187 123 439 501 123 438
          439 501 439 187 501 502
          124 125 187 439 187 125
          188 503 125 439 440 503
          125 187 439 503 439 187
          502 503 126 127 189 441
          189 127 190 505 127 441
          442 505 127 189 441 505
          441 189 504 505 127 128
          191 443 190 127 191 505
          191 127 443 505 127 442
          443 505 443 191 505 506
          128 129 191 443 191 129
          192 507 129 443 444 507
          129 191 443 507 443 191
          506 507 129 130 193 445
          192 129 193 507 193 129
          445 507 129 444 445 507
          445 193 507 508 130 131
          193 445 193 131 194 509
          131 445 446 509 131 193
          445 509 445 193 508 509
          131 132 195 447 194 131
          195 509 195 131 447 509
          131 446 447 509 447 195
          509 510 132 133 195 447
          195 133 196 511 133 447
          448 511 133 195 447 511
          447 195 510 511 133 134
          197 449 196 133 197 511
          197 133 449 511 133 448
          449 511 449 197 511 512
          134 135 197 449 197 135
          198 513 135 449 450 513
          135 197 449 513 449 197
          512 513 135 136 199 451
          198 135 199 513 199 135
          451 513 135 450 451 513
          451 199 513 514 136 137
          199 451 199 137 200 515
          137 451 452 515 137 199
          451 515 451 199 514 515
          137 138 201 453 200 137
          201 515 201 137 453 515
          137 452 453 515 453 201
          515 516 138 139 201 453
          201 139 202 517 139 453
          454 517 139 201 453 517
          453 201 516 517 139 140
          203 455 202 139 203 517
          203 139 455 517 139 454
          455 517 455 203 517 518
          140 141 203 455 203 141
          204 519 141 455 456 519
          141 203 455 519 455 203
          518 519 141 142 205 457
          204 141 205 519 205 141
          457 519 141 456 457 519
          457 205 519 520 142 143
          205 457 205 143 206 521
          143 457 458 521 143 205
          457 521 457 205 520 521
          143 144 207 459 206 143
          207 521 207 143 459 521
          143 458 459 521 459 207
          521 522 144 145 207 459
          207 145 208 523 145 459
          460 523 145 207 459 523
          459 207 522 523 145 146
          209 461 208 145 209 523
          209 145 461 523 145 460
          461 523 461 209 523 524
          146 147 209 461 209 147
          210 525 147 461 462 525
          147 209 461 525 461 209
          524 525 147 148 211 463
          210 147 211 525 211 147
          463 525 147 462 463 525
          463 211 525 526 148 149
          211 463 211 149 212 527
          149 463 464 527 149 211
          463 527 463 211 526 527
          149 150 213 465 212 149
          213 527 213 149 465 527
          149 464 465 527 465 213
          527 528 150 151 213 465
          213 151 214 529 151 465
          466 529 151 213 465 529
          465 213 528 529 151 152
          215 467 214 151 215 529
          215 151 467 529 151 466
          467 529 467 215 529 530
          152 153 215 467 215 153
          216 531 153 467 468 531
          153 215 467 531 467 215
          530 531 153 154 217 469
          216 153 217 531 217 153
          469 531 153 468 469 531
          469 217 531 532 154 155
          217 469 217 155 218 533
          155 469 470 533 155 217
          469 533 469 217 532 533
          155 156 219 471 218 155
          219 533 219 155 471 533
          155 470 471 533 471 219
          533 534 156 157 219 471
          219 157 220 535 157 471
          472 535 157 219 471 535
          471 219 534 535 157 158
          221 473 220 157 221 535
          221 157 473 535 157 472
          473 535 473 221 535 536
          158 159 221 473 221 159
          222 537 159 473 474 537
          159 221 473 537 473 221
          536 537 159 160 223 475
          222 159 223 537 223 159
          475 537 159 474 475 537
          475 223 537 538 160 161
          223 475 223 161 224 539
          161 475 476 539 161 223
          475 539 475 223 538 539
          161 162 225 477 224 161
          225 539 225 161 477 539
          161 476 477 539 477 225
          539 540 162 163 225 477
          225 163 226 541 163 477
          478 541 163 225 477 541
          477 225 540 541 163 164
          227 479 226 163 227 541
          227 163 479 541 163 478
          479 541 479 227 541 542
          164 165 227 479 227 165
          228 543 165 479 480 543
          165 227 479 543 479 227
          542 543 165 166 229 481
          228 165 229 543 229 165
          481 543 165 480 481 543
          481 229 543 544 166 167
          229 481 229 167 230 545
          167 481 482 545 167 229
          481 545 481 229 544 545
          167 168 231 483 230 167
          231 545 231 167 483 545
          167 482 483 545 483 231
          545 546 168 169 231 483
          231 169 232 547 169 483
          484 547 169 231 483 547
          483 231 546 547 169 170
          233 485 232 169 233 547
          233 169 485 547 169 484
          485 547 485 233 547 548
          170 171 233 485 233 171
          234 549 171 485 486 549
          171 233 485 549 485 233
          548 549 171 172 235 487
          234 171 235 549 235 171
          487 549 171 486 487 549
          487 235 549 550 172 173
          235 487 235 173 236 551
          173 487 488 551 173 235
          487 551 487 235 550 551
          173 174 237 489 236 173
          237 551 237 173 489 551
          173 488 489 551 489 237
          551 552 174 175 237 489
          237 175 238 553 175 489
          490 553 175 237 489 553
          489 237 552 553 175 176
          239 491 238 175 239 553
          239 175 491 553 175 490
          491 553 491 239 553 554
          176 177 239 491 239 177
          240 555 177 491 492 555
          177 239 491 555 491 239
          554 555 177 178 241 493
          240 177 241 555 241 177
          493 555 177 492 493 555
          493 241 555 556 178 179
          241 493 241 179 242 557
          179 493 494 557 179 241
          493 557 493 241 556 557
          179 180 243 495 242 179
          243 557 243 179 495 557
          179 494 495 557 495 243
          557 558 180 181 243 495
          243 181 244 559 181 495
          496 559 181 243 495 559
          495 243 558 559 181 182
          245 497 244 181 245 559
          245 181 497 559 181 496
          497 559 497 245 559 560
          182 183 245 497 245 183
          246 561 183 497 498 561
          183 245 497 561 497 245
          560 561 183 184 247 499
          246 183 247 561 247 183
          499 561 183 498 499 561
          499 247 561 562 184 185
          247 499 247 185 248 563
          185 499 500 563 185 247
          499 563 499 247 562 563
          185 186 249 501 248 185
          249 563 249 185 501 563
          185 500 501 563 501 249
          563 564 186 187 249 501
          249 187 250 565 187 501
          502 565 187 249 501 565
          501 249 564 565 187 188
          251 503 250 187 251 565
          251 187 503 565 187 502
          503 565 503 251 565 566
          189 190 253 505 252 189
          253 567 253 189 505 567
          189 504 505 567 505 253
          567 568 190 191 253 505
          253 191 254 569 191 505
          506 569 191 253 505 569
          505 253 568 569 191 192
          255 507 254 191 255 569
          255 191 507 569 191 506
          507 569 507 255 569 570
          192 193 255 507 255 193
          256 571 193 507 508 571
          193 255 507 571 507 255
          570 571 193 194 257 509
          256 193 257 571 257 193
          509 571 193 508 509 571
          509 257 571 572 194 195
          257 509 257 195 258 573
          195 509 510 573 195 257
          509 573 509 257 572 573
          195 196 259 511 258 195
          259 573 259 195 511 573
          195 510 511 573 511 259
          573 574 196 197 259 511
          259 197 260 575 197 511
          512 575 197 259 511 575
          511 259 574 575 197 198
          261 513 260 197 261 575
          261 197 513 575 197 512
          513 575 513 261 575 576
          198 199 261 513 261 199
          262 577 199 513 514 577
          199 261 513 577 513 261
          576 577 199 200 263 515
          262 199 263 577 263 199
          515 577 199 514 515 577
          515 263 577 578 200 201
          263 515 263 201 264 579
          201 515 516 579 201 263
          515 579 515 263 578 579
          201 202 265 517 264 201
          265 579 265 201 517 579
          201 516 517 579 517 265
          579 580 202 203 265 517
          265 203 266 581 203 517
          518 581 203 265 517 581
          517 265 580 581 203 204
          267 519 266 203 267 581
          267 203 519 581 203 518
          519 581 519 267 581 582
          204 205 267 519 267 205
          268 583 205 519 520 583
          205 267 519 583 519 267
          582 583 205 206 269 521
          268 205 269 583 269 205
          521 583 205 520 521 583
          521 269 583 584 206 207
          269 521 269 207 270 585
          207 521 522 585 207 269
          521 585 521 269 584 585
          207 208 271 523 270 207
          271 585 271 207 523 585
          207 522 523 585 523 271
          585 586 208 209 271 523
          271 209 272 587 209 523
          524 587 209 271 523 587
          523 271 586 587 209 210
          273 525 272 209 273 587
          273 209 525 587 209 524
          525 587 525 273 587 588
          210 211 273 525 273 211
          274 589 211 525 526 589
          211 273 525 589 525 273
          588 589 211 212 275 527
          274 211 275 589 275 211
          527 589 211 526 527 589
          527 275 589 590 212 213
          275 527 275 213 276 591
          213 527 528 591 213 275
          527 591 527 275 590 591
          213 214 277 529 276 213
          277 591 277 213 529 591
          213 528 529 591 529 277
          591 592 214 215 277 529
          277 215 278 593 215 529
          530 593 215 277 529 593
          529 277 592 593 215 216
          279 531 278 215 279 593
          279 215 531 593 215 530
          531 593 531 279 593 594
          216 217 279 531 279 217
          280 595 217 531 532 595
          217 279 531 595 531 279
          594 595 217 218 281 533
          280 217 281 595 281 217
          533 595 217 532 533 595
          533 281 595 596 218 219
          281 533 281 219 282 597
          219 533 534 597 219 281
          533 597 533 281 596 597
          219 220 283 535 282 219
          283 597 283 219 535 597
          219 534 535 597 535 283
          597 598 220 221 283 535
          283 221 284 599 221 535
          536 599 221 283 535 599
          535 283 598 599 221 222
          285 537 284 221 285 599
          285 221 537 599 221 536
          537 599 537 285 599 600
          222 223 285 537 285 223
          286 601 223 537 538 601
          223 285 537 601 537 285
          600 601 223 224 287 539
          286 223 287 601 287 223
          539 601 223 538 539 601
          539 287 601 602 224 225
          287 539 287 225 288 603
          225 539 540 603 225 287
          539 603 539 287 602 603
          225 226 289 541 288 225
          289 603 289 225 541 603
          225 540 541 603 541 289
          603 604 226 227 289 541
          289 227 290 605 227 541
          542 605 227 289 541 605
          541 289 604 605 227 228
          291 543 290 227 291 605
          291 227 543 605 227 542
          543 605 543 291 605 606
          228 229 291 543 291 229
          292 607 229 543 544 607
          229 291 543 607 543 291
          606 607 229 230 293 545
          292 229 293 607 293 229
          545 607 229 544 545 607
          545 293 607 608 230 231
          293 545 293 231 294 609
          231 545 546 609 231 293
          545 609 545 293 608 609
          231 232 295 547 294 231
          295 609 295 231 547 609
          231 546 547 609 547 295
          609 610 232 233 295 547
          295 233 296 611 233 547
          548 611 233 295 547 611
          547 295 610 611 233 234
          297 549 296 233 297 611
          297 233 549 611 233 548
          549 611 549 297 611 612
          234 235 297 549 297 235
          298 613 235 549 550 613
          235 297 549 613 549 297
          612 613 235 236 299 551
          298 235 299 613 299 235
          551 613 235 550 551 613
          551 299 613 614 236 237
          299 551 299 237 300 615
          237 551 552 615 237 299
          551 615 551 299 614 615
          237 238 301 553 300 237
          301 615 301 237 553 615
          237 552 553 615 553 301
          615 616 238 239 301 553
          301 239 302 617 239 553
          554 617 239 301 553 617
          553 301 616 617 239 240
          303 555 302 239 303 617
          303 239 555 617 239 554
          555 617 555 303 617 618
          240 241 303 555 303 241
          304 619 241 555 556 619
          241 303 555 619 555 303
          618 619 241 242 305 557
          304 241 305 619 305 241
          557 619 241 556 557 619
          557 305 619 620 242 243
          305 557 305 243 306 621
          243 557 558 621 243 305
          557 621 557 305 620 621
          243 244 307 559 306 243
          307 621 307 243 559 621
          243 558 559 621 559 307
          621 622 244 245 307 559
          307 245 308 623 245 559
          560 623 245 307 559 623
          559 307 622 623 245 246
          309 561 308 245 309 623
          309 245 561 623 245 560
          561 623 561 309 623 624
          246 247 309 561 309 247
          310 625 247 561 562 625
          247 309 561 625 561 309
          624 625 247 248 311 563
          310 247 311 625 311 247
          563 625 247 562 563 625
          563 311 625 626 248 249
          311 563 311 249 312 627
          249 563 564 627 249 311
          563 627 563 311 626 627
          249 250 313 565 312 249
          313 627 313 249 565 627
          249 564 565 627 565 313
          627 628 250 251 313 565
          313 251 314 629 251 565
          566 629 251 313 565 629
          565 313 628 629 315 316
          379 631 378 315 379 693
          379 315 631 693 315 630
          631 693 631 379 693 694
          316 317 379 631 379 317
          380 695 317 631 632 695
          317 379 631 695 631 379
          694 695 317 318 381 633
          380 317 381 695 381 317
          633 695 317 632 633 695
          633 381 695 696 318 319
          381 633 381 319 382 697
          319 633 634 697 319 381
          633 697 633 381 696 697
          319 320 383 635 382 319
          383 697 383 319 635 697
          319 634 635 697 635 383
          697 698 320 321 383 635
          383 321 384 699 321 635
          636 699 321 383 635 699
          635 383 698 699 321 322
          385 637 384 321 385 699
          385 321 637 699 321 636
          637 699 637 385 699 700
          322 323 385 637 385 323
          386 701 323 637 638 701
          323 385 637 701 637 385
          700 701 323 324 387 639
          386 323 387 701 387 323
          639 701 323 638 639 701
          639 387 701 702 324 325
          387 639 387 325 388 703
          325 639 640 703 325 387
          639 703 639 387 702 703
          325 326 389 641 388 325
          389 703 389 325 641 703
          325 640 641 703 641 389
          703 704 326 327 389 641
          389 327 390 705 327 641
          642 705 327 389 641 705
          641 389 704 705 327 328
          391 643 390 327 391 705
          391 327 643 705 327 642
          643 705 643 391 705 706
          328 329 391 643 391 329
          392 707 329 643 644 707
          329 391 643 707 643 391
          706 707 329 330 393 645
          392 329 393 707 393 329
          645 707 329 644 645 707
          645 393 707 708 330 331
          393 645 393 331 394 709
          331 645 646 709 331 393
          645 709 645 393 708 709
          331 332 395 647 394 331
          395 709 395 331 647 709
          331 646 647 709 647 395
          709 710 332 333 395 647
          395 333 396 711 333 647
          648 711 333 395 647 711
          647 395 710 711 333 334
          397 649 396 333 397 711
          397 333 649 711 333 648
          649 711 649 397 711 712
          334 335 397 649 397 335
          398 713 335 649 650 713
          335 397 649 713 649 397
          712 713 335 336 399 651
          398 335 399 713 399 335
          651 713 335 650 651 713
          651 399 713 714 336 337
          399 651 399 337 400 715
          337 651 652 715 337 399
          651 715 651 399 714 715
          337 338 401 653 400 337
          401 715 401 337 653 715
          337 652 653 715 653 401
          715 716 338 339 401 653
          401 339 402 717 339 653
          654 717 339 401 653 717
          653 401 716 717 339 340
          403 655 402 339 403 717
          403 339 655 717 339 654
          655 717 655 403 717 718
          340 341 403 655 403 341
          404 719 341 655 656 719
          341 403 655 719 655 403
          718 719 341 342 405 657
          404 341 405 719 405 341
          657 719 341 656 657 719
          657 405 719 720 342 343
          405 657 405 343 406 721
          343 657 658 721 343 405
          657 721 657 405 720 721
          343 344 407 659 406 343
          407 721 407 343 659 721
          343 658 659 721 659 407
          721 722 344 345 407 659
          407 345 408 723 345 659
          660 723 345 407 659 723
          659 407 722 723 345 346
          409 661 408 345 409 723
          409 345 661 723 345 660
          661 723 661 409 723 724
          346 347 409 661 409 347
          410 725 347 661 662 725
          347 409 661 725 661 409
          724 725 347 348 411 663
          410 347 411 725 411 347
          663 725 347 662 663 725
          663 411 725 726 348 349
          411 663 411 349 412 727
          349 663 664 727 349 411
          663 727 663 411 726 727
          349 350 413 665 412 349
          413 727 413 349 665 727
          349 664 665 727 665 413
          727 728 350 351 413 665
          413 351 414 729 351 665
          666 729 351 413 665 729
          665 413 728 729 351 352
          415 667 414 351 415 729
          415 351 667 729 351 666
          667 729 667 415 729 730
          352 353 415 667 415 353
          416 731 353 667 668 731
          353 415 667 731 667 415
          730 731 353 354 417 669
          416 353 417 731 417 353
          669 731 353 668 669 731
          669 417 731 732 354 355
          417 669 417 355 418 733
          355 669 670 733 355 417
          669 733 669 417 732 733
          355 356 419 671 418 355
          419 733 419 355 671 733
          355 670 671 733 671 419
          733 734 356 357 419 671
          419 357 420 735 357 671
          672 735 357 419 671 735
          671 419 734 735 357 358
          421 673 420 357 421 735
          421 357 673 735 357 672
          673 735 673 421 735 736
          358 359 421 673 421 359
          422 737 359 673 674 737
          359 421 673 737 673 421
          736 737 359 360 423 675
          422 359 423 737 423 359
          675 737 359 674 675 737
          675 423 737 738 360 361
          423 675 423 361 424 739
          361 675 676 739 361 423
          675 739 675 423 738 739
          361 362 425 677 424 361
          425 739 425 361 677 739
          361 676 677 739 677 425
          739 740 362 363 425 677
          425 363 426 741 363 677
          678 741 363 425 677 741
          677 425 740 741 363 364
          427 679 426 363 427 741
          427 363 679 741 363 678
          679 741 679 427 741 742
          364 365 427 679 427 365
          428 743 365 679 680 743
          365 427 679 743 679 427
          742 743 365 366 429 681
          428 365 429 743 429 365
          681 743 365 680 681 743
          681 429 743 744 366 367
          429 681 429 367 430 745
          367 681 682 745 367 429
          681 745 681 429 744 745
          367 368 431 683 430 367
          431 745 431 367 683 745
          367 682 683 745 683 431
          745 746 368 369 431 683
          431 369 432 747 369 683
          684 747 369 431 683 747
          683 431 746 747 369 370
          433 685 432 369 433 747
          433 369 685 747 369 684
          685 747 685 433 747 748
          370 371 433 685 433 371
          434 749 371 685 686 749
          371 433 685 749 685 433
          748 749 371 372 435 687
          434 371 435 749 435 371
          687 749 371 686 687 749
          687 435 749 750 372 373
          435 687 435 373 436 751
          373 687 688 751 373 435
          687 751 687 435 750 751
          373 374 437 689 436 373
          437 751 437 373 689 751
          373 688 689 751 689 437
          751 752 374 375 437 689
          437 375 438 753 375 689
          690 753 375 437 689 753
          689 437 752 753 375 376
          439 691 438 375 439 753
          439 375 691 753 375 690
          691 753 691 439 753 754
          376 377 439 691 439 377
          440 755 377 691 692 755
          377 439 691 755 691 439
          754 755 378 379 441 693
          441 379 442 757 379 693
          694 757 379 441 693 757
          693 441 756 757 379 380
          443 695 442 379 443 757
          443 379 695 757 379 694
          695 757 695 443 757 758
          380 381 443 695 443 381
          444 759 381 695 696 759
          381 443 695 759 695 443
          758 759 381 382 445 697
          444 381 445 759 445 381
          697 759 381 696 697 759
          697 445 759 760 382 383
          445 697 445 383 446 761
          383 697 698 761 383 445
          697 761 697 445 760 761
          383 384 447 699 446 383
          447 761 447 383 699 761
          383 698 699 761 699 447
          761 762 384 385 447 699
          447 385 448 763 385 699
          700 763 385 447 699 763
          699 447 762 763 385 386
          449 701 448 385 449 763
          449 385 701 763 385 700
          701 763 701 449 763 764
          386 387 449 701 449 387
          450 765 387 701 702 765
          387 449 701 765 701 449
          764 765 387 388 451 703
          450 387 451 765 451 387
          703 765 387 702 703 765
          703 451 765 766 388 389
          451 703 451 389 452 767
          389 703 704 767 389 451
          703 767 703 451 766 767
          389 390 453 705 452 389
          453 767 453 389 705 767
          389 704 705 767 705 453
          767 768 390 391 453 705
          453 391 454 769 391 705
          706 769 391 453 705 769
          705 453 768 769 391 392
          455 707 454 391 455 769
          455 391 707 769 391 706
          707 769 707 455 769 770
          392 393 455 707 455 393
          456 771 393 707 708 771
          393 455 707 771 707 455
          770 771 393 394 457 709
          456 393 457 771 457 393
          709 771 393 708 709 771
          709 457 771 772 394 395
          457 709 457 395 458 773
          395 709 710 773 395 457
          709 773 709 457 772 773
          395 396 459 711 458 395
          459 773 459 395 711 773
          395 710 711 773 711 459
          773 774 396 397 459 711
          459 397 460 775 397 711
          712 775 397 459 711 775
          711 459 774 775 397 398
          461 713 460 397 461 775
          461 397 713 775 397 712
          713 775 713 461 775 776
          398 399 461 713 461 399
          462 777 399 713 714 777
          399 461 713 777 713 461
          776 777 399 400 463 715
          462 399 463 777 463 399
          715 777 399 714 715 777
          715 463 777 778 400 401
          463 715 463 401 464 779
          401 715 716 779 401 463
          715 779 715 463 778 779
          401 402 465 717 464 401
          465 779 465 401 717 779
          401 716 717 779 717 465
          779 780 402 403 465 717
          465 403 466 781 403 717
          718 781 403 465 717 781
          717 465 780 781 403 404
          467 719 466 403 467 781
          467 403 719 781 403 718
          719 781 719 467 781 782
          404 405 467 719 467 405
          468 783 405 719 720 783
          405 467 719 783 719 467
          782 783 405 406 469 721
          468 405 469 783 469 405
          721 783 405 720 721 783
          721 469 783 784 406 407
          469 721 469 407 470 785
          407 721 722 785 407 469
          721 785 721 469 784 785
          407 408 471 723 470 407
          471 785 471 407 723 785
          407 722 723 785 723 471
          785 786 408 409 471 723
          471 409 472 787 409 723
          724 787 409 471 723 787
          723 471 786 787 409 410
          473 725 472 409 473 787
          473 409 725 787 409 724
          725 787 725 473 787 788
          410 411 473 725 473 411
          474 789 411 725 726 789
          411 473 725 789 725 473
          788 789 411 412 475 727
          474 411 475 789 475 411
          727 789 411 726 727 789
          727 475 789 790 412 413
          475 727 475 413 476 791
          413 727 728 791 413 475
          727 791 727 475 790 791
          413 414 477 729 476 413
          477 791 477 413 729 791
          413 728 729 791 729 477
          791 792 414 415 477 729
          477 415 478 793 415 729
          730 793 415 477 729 793
          729 477 792 793 415 416
          479 731 478 415 479 793
          479 415 731 793 415 730
          731 793 731 479 793 794
          416 417 479 731 479 417
          480 795 417 731 732 795
          417 479 731 795 731 479
          794 795 417 418 481 733
          480 417 481 795 481 417
          733 795 417 732 733 795
          733 481 795 796 418 419
          481 733 481 419 482 797
          419 733 734 797 419 481
          733 797 733 481 796 797
          419 420 483 735 482 419
          483 797 483 419 735 797
          419 734 735 797 735 483
          797 798 420 421 483 735
          483 421 484 799 421 735
          736 799 421 483 735 799
          735 483 798 799 421 422
          485 737 484 421 485 799
          485 421 737 799 421 736
          737 799 737 485 799 800
          422 423 485 737 485 423
          486 801 423 737 738 801
          423 485 737 801 737 485
          800 801 423 424 487 739
          486 423 487 801 487 423
          739 801 423 738 739 801
          739 487 801 802 424 425
          487 739 487 425 488 803
          425 739 740 803 425 487
          739 803 739 487 802 803
          425 426 489 741 488 425
          489 803 489 425 741 803
          425 740 741 803 741 489
          803 804 426 427 489 741
          489 427 490 805 427 741
          742 805 427 489 741 805
          741 489 804 805 427 428
          491 743 490 427 491 805
          491 427 743 805 427 742
          743 805 743 491 805 806
          428 429 491 743 491 429
          492 807 429 743 744 807
          429 491 743 807 743 491
          806 807 429 430 493 745
          492 429 493 807 493 429
          745 807 429 744 745 807
          745 493 807 808 430 431
          493 745 493 431 494 809
          431 745 746 809 431 493
          745 809 745 493 808 809
          431 432 495 747 494 431
          495 809 495 431 747 809
          431 746 747 809 747 495
          809 810 432 433 495 747
          495 433 496 811 433 747
          748 811 433 495 747 811
          747 495 810 811 433 434
          497 749 496 433 497 811
          497 433 749 811 433 748
          749 811 749 497 811 812
          434 435 497 749 497 435
          498 813 435 749 750 813
          435 497 749 813 749 497
          812 813 435 436 499 751
          498 435 499 813 499 435
          751 813 435 750 751 813
          751 499 813 814 436 437
          499 751 499 437 500 815
          437 751 752 815 437 499
          751 815 751 499 814 815
          437 438 501 753 500 437
          501 815 501 437 753 815
          437 752 753 815 753 501
          815 816 438 439 501 753
          501 439 502 817 439 753
          754 817 439 501 753 817
          753 501 816 817 439 440
          503 755 502 439 503 817
          503 439 755 817 439 754
          755 817 755 503 817 818
          441 442 505 757 504 441
          505 819 505 441 757 819
          441 756 757 819 757 505
          819 820 442 443 505 757
          505 443 506 821 443 757
          758 821 443 505 757 821
          757 505 820 821 443 444
          507 759 506 443 507 821
          507 443 759 821 443 758
          759 821 759 507 821 822
          444 445 507 759 507 445
          508 823 445 759 760 823
          445 507 759 823 759 507
          822 823 445 446 509 761
          508 445 509 823 509 445
          761 823 445 760 761 823
          761 509 823 824 446 447
          509 761 509 447 510 825
          447 761 762 825 447 509
          761 825 761 509 824 825
          447 448 511 763 510 447
          511 825 511 447 763 825
          447 762 763 825 763 511
          825 826 448 449 511 763
          511 449 512 827 449 763
          764 827 449 511 763 827
          763 511 826 827 449 450
          513 765 512 449 513 827
          513 449 765 827 449 764
          765 827 765 513 827 828
          450 451 513 765 513 451
          514 829 451 765 766 829
          451 513 765 829 765 513
          828 829 451 452 515 767
          514 451 515 829 515 451
          767 829 451 766 767 829
          767 515 829 830 452 453
          515 767 515 453 516 831
          453 767 768 831 453 515
          767 831 767 515 830 831
          453 454 517 769 516 453
          517 831 517 453 769 831
          453 768 769 831 769 517
          831 832 454 455 517 769
          517 455 518 833 455 769
          770 833 455 517 769 833
          769 517 832 833 455 456
          519 771 518 455 519 833
          519 455 771 833 455 770
          771 833 771 519 833 834
          456 457 519 771 519 457
          520 835 457 771 772 835
          457 519 771 835 771 519
          834 835 457 458 521 773
          520 457 521 835 521 457
          773 835 457 772 773 835
          773 521 835 836 458 459
          521 773 521 459 522 837
          459 773 774 837 459 521
          773 837 773 521 836 837
          459 460 523 775 522 459
          523 837 523 459 775 837
          459 774 775 837 775 523
          837 838 460 461 523 775
          523 461 524 839 461 775
          776 839 461 523 775 839
          775 523 838 839 461 462
          525 777 524 461 525 839
          525 461 777 839 461 776
          777 839 777 525 839 840
          462 463 525 777 525 463
          526 841 463 777 778 841
          463 525 777 841 777 525
          840 841 463 464 527 779
          526 463 527 841 527 463
          779 841 463 778 779 841
          779 527 841 842 464 465
          527 779 527 465 528 843
          465 779 780 843 465 527
          779 843 779 527 842 843
          465 466 529 781 528 465
          529 843 529 465 781 843
          465 780 781 843 781 529
          843 844 466 467 529 781
          529 467 530 845 467 781
          782 845 467 529 781 845
          781 529 844 845 467 468
          531 783 530 467 531 845
          531 467 783 845 467 782
          783 845 783 531 845 846
          468 469 531 783 531 469
          532 847 469 783 784 847
          469 531 783 847 783 531
          846 847 469 470 533 785
          532 469 533 847 533 469
          785 847 469 784 785 847
          785 533 847 848 470 471
          533 785 533 471 534 849
          471 785 786 849 471 533
          785 849 785 533 848 849
          471 472 535 787 534 471
          535 849 535 471 787 849
          471 786 787 849 787 535
          849 850 472 473 535 787
          535 473 536 851 473 787
          788 851 473 535 787 851
          787 535 850 851 473 474
          537 789 536 473 537 851
          537 473 789 851 473 788
          789 851 789 537 851 852
          474 475 537 789 537 475
          538 853 475 789 790 853
          475 537 789 853 789 537
          852 853 475 476 539 791
          538 475 539 853 539 475
          791 853 475 790 791 853
          791 539 853 854 476 477
          539 791 539 477 540 855
          477 791 792 855 477 539
          791 855 791 539 854 855
          477 478 541 793 540 477
          541 855 541 477 793 855
          477 792 793 855 793 541
          855 856 478 479 541 793
          541 479 542 857 479 793
          794 857 479 541 793 857
          793 541 856 857 479 480
          543 795 542 479 543 857
          543 479 795 857 479 794
          795 857 795 543 857 858
          480 481 543 795 543 481
          544 859 481 795 796 859
          481 543 795 859 795 543
          858 859 481 482 545 797
          544 481 545 859 545 481
          797 859 481 796 797 859
          797 545 859 860 482 483
          545 797 545 483 546 861
          483 797 798 861 483 545
          797 861 797 545 860 861
          483 484 547 799 546 483
          547 861 547 483 799 861
          483 798 799 861 799 547
          861 862 484 485 547 799
          547 485 548 863 485 799
          800 863 485 547 799 863
          799 547 862 863 485 486
          549 801 548 485 549 863
          549 485 801 863 485 800
          801 863 801 549 863 864
          486 487 549 801 549 487
          550 865 487 801 802 865
          487 549 801 865 801 549
          864 865 487 488 551 803
          550 487 551 865 551 487
          803 865 487 802 803 865
          803 551 865 866 488 489
          551 803 551 489 552 867
          489 803 804 867 489 551
          803 867 803 551 866 867
          489 490 553 805 552 489
          553 867 553 489 805 867
          489 804 805 867 805 553
          867 868 490 491 553 805
          553 491 554 869 491 805
          806 869 491 553 805 869
          805 553 868 869 491 492
          555 807 554 491 555 869
          555 491 807 869 491 806
          807 869 807 555 869 870
          492 493 555 807 555 493
          556 871 493 807 808 871
          493 555 807 871 807 555
          870 871 493 494 557 809
          556 493 557 871 557 493
          809 871 493 808 809 871
          809 557 871 872 494 495
          557 809 557 495 558 873
          495 809 810 873 495 557
          809 873 809 557 872 873
          495 496 559 811 558 495
          559 873 559 495 811 873
          495 810 811 873 811 559
          873 874 496 497 559 811
          559 497 560 875 497 811
          812 875 497 559 811 875
          811 559 874 875 497 498
          561 813 560 497 561 875
          561 497 813 875 497 812
          813 875 813 561 875 876
          498 499 561 813 561 499
          562 877 499 813 814 877
          499 561 813 877 813 561
          876 877 499 500 563 815
          562 499 563 877 563 499
          815 877 499 814 815 877
          815 563 877 878 500 501
          563 815 563 501 564 879
          501 815 816 879 501 563
          815 879 815 563 878 879
          501 502 565 817 564 501
          565 879 565 501 817 879
          501 816 817 879 817 565
          879 880 502 503 565 817
          565 503 566 881 503 817
          818 881 503 565 817 881
          817 565 880 881 504 505
          567 819 567 505 568 883
          505 819 820 883 505 567
          819 883 819 567 882 883
          505 506 569 821 568 505
          569 883 569 505 821 883
          505 820 821 883 821 569
          883 884 506 507 569 821
          569 507 570 885 507 821
          822 885 507 569 821 885
          821 569 884 885 507 508
          571 823 570 507 571 885
          571 507 823 885 507 822
          823 885 823 571 885 886
          508 509 571 823 571 509
          572 887 509 823 824 887
          509 571 823 887 823 571
          886 887 509 510 573 825
          572 509 573 887 573 509
          825 887 509 824 825 887
          825 573 887 888 510 511
          573 825 573 511 574 889
          511 825 826 889 511 573
          825 889 825 573 888 889
          511 512 575 827 574 511
          575 889 575 511 827 889
          511 826 827 889 827 575
          889 890 512 513 575 827
          575 513 576 891 513 827
          828 891 513 575 827 891
          827 575 890 891 513 514
          577 829 576 513 577 891
          577 513 829 891 513 828
          829 891 829 577 891 892
          514 515 577 829 577 515
          578 893 515 829 830 893
          515 577 829 893 829 577
          892 893 515 516 579 831
          578 515 579 893 579 515
          831 893 515 830 831 893
          831 579 893 894 516 517
          579 831 579 517 580 895
          517 831 832 895 517 579
          831 895 831 579 894 895
          517 518 581 833 580 517
          581 895 581 517 833 895
          517 832 833 895 833 581
          895 896 518 519 581 833
          581 519 582 897 519 833
          834 897 519 581 833 897
          833 581 896 897 519 520
          583 835 582 519 583 897
          583 519 835 897 519 834
          835 897 835 583 897 898
          520 521 583 835 583 521
          584 899 521 835 836 899
          521 583 835 899 835 583
          898 899 521 522 585 837
          584 521 585 899 585 521
          837 899 521 836 837 899
          837 585 899 900 522 523
          585 837 585 523 586 901
          523 837 838 901 523 585
          837 901 837 585 900 901
          523 524 587 839 586 523
          587 901 587 523 839 901
          523 838 839 901 839 587
          901 902 524 525 587 839
          587 525 588 903 525 839
          840 903 525 587 839 903
          839 587 902 903 525 526
          589 841 588 525 589 903
          589 525 841 903 525 840
          841 903 841 589 903 904
          526 527 589 841 589 527
          590 905 527 841 842 905
          527 589 841 905 841 589
          904 905 527 528 591 843
          590 527 591 905 591 527
          843 905 527 842 843 905
          843 591 905 906 528 529
          591 843 591 529 592 907
          529 843 844 907 529 591
          843 907 843 591 906 907
          529 530 593 845 592 529
          593 907 593 529 845 907
          529 844 845 907 845 593
          907 908 530 531 593 845
          593 531 594 909 531 845
          846 909 531 593 845 909
          845 593 908 909 531 532
          595 847 594 531 595 909
          595 531 847 909 531 846
          847 909 847 595 909 910
          532 533 595 847 595 533
          596 911 533 847 848 911
          533 595 847 911 847 595
          910 911 533 534 597 849
          596 533 597 911 597 533
          849 911 533 848 849 911
          849 597 911 912 534 535
          597 849 597 535 598 913
          535 849 850 913 535 597
          849 913 849 597 912 913
          535 536 599 851 598 535
          599 913 599 535 851 913
          535 850 851 913 851 599
          913 914 536 537 599 851
          599 537 600 915 537 851
          852 915 537 599 851 915
          851 599 914 915 537 538
          601 853 600 537 601 915
          601 537 853 915 537 852
          853 915 853 601 915 916
          538 539 601 853 601 539
          602 917 539 853 854 917
          539 601 853 917 853 601
          916 917 539 540 603 855
          602 539 603 917 603 539
          855 917 539 854 855 917
          855 603 917 918 540 541
          603 855 603 541 604 919
          541 855 856 919 541 603
          855 919 855 603 918 919
          541 542 605 857 604 541
          605 919 605 541 857 919
          541 856 857 919 857 605
          919 920 542 543 605 857
          605 543 606 921 543 857
          858 921 543 605 857 921
          857 605 920 921 543 544
          607 859 606 543 607 921
          607 543 859 921 543 858
          859 921 859 607 921 922
          544 545 607 859 607 545
          608 923 545 859 860 923
          545 607 859 923 859 607
          922 923 545 546 609 861
          608 545 609 923 609 545
          861 923 545 860 861 923
          861 609 923 924 546 547
          609 861 609 547 610 925
          547 861 862 925 547 609
          861 925 861 609 924 925
          547 548 611 863 610 547
          611 925 611 547 863 925
          547 862 863 925 863 611
          925 926 548 549 611 863
          611 549 612 927 549 863
          864 927 549 611 863 927
          863 611 926 927 549 550
          613 865 612 549 613 927
          613 549 865 927 549 864
          865 927 865 613 927 928
          550 551 613 865 613 551
          614 929 551 865 866 929
          551 613 865 929 865 613
          928 929 551 552 615 867
          614 551 615 929 615 551
          867 929 551 866 867 929
          867 615 929 930 552 553
          615 867 615 553 616 931
          553 867 868 931 553 615
          867 931 867 615 930 931
          553 554 617 869 616 553
          617 931 617 553 869 931
          553 868 869 931 869 617
          931 932 554 555 617 869
          617 555 618 933 555 869
          870 933 555 617 869 933
          869 617 932 933 555 556
          619 871 618 555 619 933
          619 555 871 933 555 870
          871 933 871 619 933 934
          556 557 619 871 619 557
          620 935 557 871 872 935
          557 619 871 935 871 619
          934 935 557 558 621 873
          620 557 621 935 621 557
          873 935 557 872 873 935
          873 621 935 936 558 559
          621 873 621 559 622 937
          559 873 874 937 559 621
          873 937 873 621 936 937
          559 560 623 875 622 559
          623 937 623 559 875 937
          559 874 875 937 875 623
          937 938 560 561 623 875
          623 561 624 939 561 875
          876 939 561 623 875 939
          875 623 938 939 561 562
          625 877 624 561 625 939
          625 561 877 939 561 876
          877 939 877 625 939 940
          562 563 625 877 625 563
          626 941 563 877 878 941
          563 625 877 941 877 625
          940 941 563 564 627 879
          626 563 627 941 627 563
          879 941 563 878 879 941
          879 627 941 942 564 565
          627 879 627 565 628 943
          565 879 880 943 565 627
          879 943 879 627 942 943
          565 566 629 881 628 565
          629 943 629 565 881 943
          565 880 881 943 881 629
          943 944 630 631 693 945
          693 631 694 1009 631 945
          946 1009 631 693 945 1009
          945 693 1008 1009 631 632
          695 947 694 631 695 1009
          695 631 947 1009 631 946
          947 1009 947 695 1009 1010
          632 633 695 947 695 633
          696 1011 633 947 948 1011
          633 695 947 1011 947 695
          1010 1011 633 634 697 949
          696 633 697 1011 697 633
          949 1011 633 948 949 1011
          949 697 1011 1012 634 635
          697 949 697 635 698 1013
          635 949 950 1013 635 697
          949 1013 949 697 1012 1013
          635 636 699 951 698 635
          699 1013 699 635 951 1013
          635 950 951 1013 951 699
          1013 1014 636 637 699 951
          699 637 700 1015 637 951
          952 1015 637 699 951 1015
          951 699 1014 1015 637 638
          701 953 700 637 701 1015
          701 637 953 1015 637 952
          953 1015 953 701 1015 1016
          638 639 701 953 701 639
          702 1017 639 953 954 1017
          639 701 953 1017 953 701
          1016 1017 639 640 703 955
          702 639 703 1017 703 639
          955 1017 639 954 955 1017
          955 703 1017 1018 640 641
          703 955 703 641 704 1019
          641 955 956 1019 641 703
          955 1019 955 703 1018 1019
          641 642 705 957 704 641
          705 1019 705 641 957 1019
          641 956 957 1019 957 705
          1019 1020 642 643 705 957
          705 643 706 1021 643 957
          958 1021 643 705 957 1021
          957 705 1020 1021 643 644
          707 959 706 643 707 1021
          707 643 959 1021 643 958
          959 1021 959 707 1021 1022
          644 645 707 959 707 645
          708 1023 645 959 960 1023
          645 707 959 1023 959 707
          1022 1023 645 646 709 961
          708 645 709 1023 709 645
          961 1023 645 960 961 1023
          961 709 1023 1024 646 647
          709 961 709 647 710 1025
          647 961 962 1025 647 709
          961 1025 961 709 1024 1025
          647 648 711 963 710 647
          711 1025 711 647 963 1025
          647 962 963 1025 963 711
          1025 1026 648 649 711 963
          711 649 712 1027 649 963
          964 1027 649 711 963 1027
          963 711 1026 1027 649 650
          713 965 712 649 713 1027
          713 649 965 1027 649 964
          965 1027 965 713 1027 1028
          650 651 713 965 713 651
          714 1029 651 965 966 1029
          651 713 965 1029 965 713
          1028 1029 651 652 715 967
          714 651 715 1029 715 651
          967 1029 651 966 967 1029
          967 715 1029 1030 652 653
          715 967 715 653 716 1031
          653 967 968 1031 653 715
          967 1031 967 715 1030 1031
          653 654 717 969 716 653
          717 1031 717 653 969 1031
          653 968 969 1031 969 717
          1031 1032 654 655 717 969
          717 655 718 1033 655 969
          970 1033 655 717 969 1033
          969 717 1032 1033 655 656
          719 971 718 655 719 1033
          719 655 971 1033 655 970
          971 1033 971 719 1033 1034
          656 657 719 971 719 657
          720 1035 657 971 972 1035
          657 719 971 1035 971 719
          1034 1035 657 658 721 973
          720 657 721 1035 721 657
          973 1035 657 972 973 1035
          973 721 1035 1036 658 659
          721 973 721 659 722 1037
          659 973 974 1037 659 721
          973 1037 973 721 1036 1037
          659 660 723 975 722 659
          723 1037 723 659 975 1037
          659 974 975 1037 975 723
          1037 1038 660 661 723 975
          723 661 724 1039 661 975
          976 1039 661 723 975 1039
          975 723 1038 1039 661 662
          725 977 724 661 725 1039
          725 661 977 1039 661 976
          977 1039 977 725 1039 1040
          662 663 725 977 725 663
          726 1041 663 977 978 1041
          663 725 977 1041 977 725
          1040 1041 663 664 727 979
          726 663 727 1041 727 663
          979 1041 663 978 979 1041
          979 727 1041 1042 664 665
          727 979 727 665 728 1043
          665 979 980 1043 665 727
          979 1043 979 727 1042 1043
          665 666 729 981 728 665
          729 1043 729 665 981 1043
          665 980 981 1043 981 729
          1043 1044 666 667 729 981
          729 667 730 1045 667 981
          982 1045 667 729 981 1045
          981 729 1044 1045 667 668
          731 983 730 667 731 1045
          731 667 983 1045 667 982
          983 1045 983 731 1045 1046
          668 669 731 983 731 669
          732 1047 669 983 984 1047
          669 731 983 1047 983 731
          1046 1047 669 670 733 985
          732 669 733 1047 733 669
          985 1047 669 984 985 1047
          985 733 1047 1048 670 671
          733 985 733 671 734 1049
          671 985 986 1049 671 733
          985 1049 985 733 1048 1049
          671 672 735 987 734 671
          735 1049 735 671 987 1049
          671 986 987 1049 987 735
          1049 1050 672 673 735 987
          735 673 736 1051 673 987
          988 1051 673 735 987 1051
          987 735 1050 1051 673 674
          737 989 736 673 737 1051
          737 673 989 1051 673 988
          989 1051 989 737 1051 1052
          674 675 737 989 737 675
          738 1053 675 989 990 1053
          675 737 989 1053 989 737
          1052 1053 675 676 739 991
          738 675 739 1053 739 675
          991 1053 675 990 991 1053
          991 739 1053 1054 676 677
          739 991 739 677 740 1055
          677 991 992 1055 677 739
          991 1055 991 739 1054 1055
          677 678 741 993 740 677
          741 1055 741 677 993 1055
          677 992 993 1055 993 741
          1055 1056 678 679 741 993
          741 679 742 1057 679 993
          994 1057 679 741 993 1057
          993 741 1056 1057 679 680
          743 995 742 679 743 1057
          743 679 995 1057 679 994
          995 1057 995 743 1057 1058
          680 681 743 995 743 681
          744 1059 681 995 996 1059
          681 743 995 1059 995 743
          1058 1059 681 682 745 997
          744 681 745 1059 745 681
          997 1059 681 996 997 1059
          997 745 1059 1060 682 683
          745 997 745 683 746 1061
          683 997 998 1061 683 745
          997 1061 997 745 1060 1061
          683 684 747 999 746 683
          747 1061 747 683 999 1061
          683 998 999 1061 999 747
          1061 1062 684 685 747 999
          747 685 748 1063 685 999
          1000 1063 685 747 999 1063
          999 747 1062 1063 685 686
          749 1001 748 685 749 1063
          749 685 1001 1063 685 1000
          1001 1063 1001 749 1063 1064
          686 687 749 1001 749 687
          750 1065 687 1001 1002 1065
          687 749 1001 1065 1001 749
          1064 1065 687 688 751 1003
          750 687 751 1065 751 687
          1003 1065 687 1002 1003 1065
          1003 751 1065 1066 688 689
          751 1003 751 689 752 1067
          689 1003 1004 1067 689 751
          1003 1067 1003 751 1066 1067
          689 690 753 1005 752 689
          753 1067 753 689 1005 1067
          689 1004 1005 1067 1005 753
          1067 1068 690 691 753 1005
          753 691 754 1069 691 1005
          1006 1069 691 753 1005 1069
          1005 753 1068 1069 691 692
          755 1007 754 691 755 1069
          755 691 1007 1069 691 1006
          1007 1069 1007 755 1069 1070
          693 694 757 1009 756 693
          757 1071 757 693 1009 1071
          693 1008 1009 1071 1009 757
          1071 1072 694 695 757 1009
          757 695 758 1073 695 1009
          1010 1073 695 757 1009 1073
          1009 757 1072 1073 695 696
          759 1011 758 695 759 1073
          759 695 1011 1073 695 1010
          1011 1073 1011 759 1073 1074
          696 697 759 1011 759 697
          760 1075 697 1011 1012 1075
          697 759 1011 1075 1011 759
          1074 1075 697 698 761 1013
          760 697 761 1075 761 697
          1013 1075 697 1012 1013 1075
          1013 761 1075 1076 698 699
          761 1013 761 699 762 1077
          699 1013 1014 1077 699 761
          1013 1077 1013 761 1076 1077
          699 700 763 1015 762 699
          763 1077 763 699 1015 1077
          699 1014 1015 1077 1015 763
          1077 1078 700 701 763 1015
          763 701 764 1079 701 1015
          1016 1079 701 763 1015 1079
          1015 763 1078 1079 701 702
          765 1017 764 701 765 1079
          765 701 1017 1079 701 1016
          1017 1079 1017 765 1079 1080
          702 703 765 1017 765 703
          766 1081 703 1017 1018 1081
          703 765 1017 1081 1017 765
          1080 1081 703 704 767 1019
          766 703 767 1081 767 703
          1019 1081 703 1018 1019 1081
          1019 767 1081 1082 704 705
          767 1019 767 705 768 1083
          705 1019 1020 1083 705 767
          1019 1083 1019 767 1082 1083
          705 706 769 1021 768 705
          769 1083 769 705 1021 1083
          705 1020 1021 1083 1021 769
          1083 1084 706 707 769 1021
          769 707 770 1085 707 1021
          1022 1085 707 769 1021 1085
          1021 769 1084 1085 707 708
          771 1023 770 707 771 1085
          771 707 1023 1085 707 1022
          1023 1085 1023 771 1085 1086
          708 709 771 1023 771 709
          772 1087 709 1023 1024 1087
          709 771 1023 1087 1023 771
          1086 1087 709 710 773 1025
          772 709 773 1087 773 709
          1025 1087 709 1024 1025 1087
          1025 773 1087 1088 710 711
          773 1025 773 711 774 1089
          711 1025 1026 1089 711 773
          1025 1089 1025 773 1088 1089
          711 712 775 1027 774 711
          775 1089 775 711 1027 1089
          711 1026 1027 1089 1027 775
          1089 1090 712 713 775 1027
          775 713 776 1091 713 1027
          1028 1091 713 775 1027 1091
          1027 775 1090 1091 713 714
          777 1029 776 713 777 1091
          777 713 1029 1091 713 1028
          1029 1091 1029 777 1091 1092
          714 715 777 1029 777 715
          778 1093 715 1029 1030 1093
          715 777 1029 1093 1029 777
          1092 1093 715 716 779 1031
          778 715 779 1093 779 715
          1031 1093 715 1030 1031 1093
          1031 779 1093 1094 716 717
          779 1031 779 717 780 1095
          717 1031 1032 1095 717 779
          1031 1095 1031 779 1094 1095
          717 718 781 1033 780 717
          781 1095 781 717 1033 1095
          717 1032 1033 1095 1033 781
          1095 1096 718 719 781 1033
          781 719 782 1097 719 1033
          1034 1097 719 781 1033 1097
          1033 781 1096 1097 719 720
          783 1035 782 719 783 1097
          783 719 1035 1097 719 1034
          1035 1097 1035 783 1097 1098
          720 721 783 1035 783 721
          784 1099 721 1035 1036 1099
          721 783 1035 1099 1035 783
          1098 1099 721 722 785 1037
          784 721 785 1099 785 721
          1037 1099 721 1036 1037 1099
          1037 785 1099 1100 722 723
          785 1037 785 723 786 1101
          723 1037 1038 1101 723 785
          1037 1101 1037 785 1100 1101
          723 724 787 1039 786 723
          787 1101 787 723 1039 1101
          723 1038 1039 1101 1039 787
          1101 1102 724 725 787 1039
          787 725 788 1103 725 1039
          1040 1103 725 787 1039 1103
          1039 787 1102 1103 725 726
          789 1041 788 725 789 1103
          789 725 1041 1103 725 1040
          1041 1103 1041 789 1103 1104
          726 727 789 1041 789 727
          790 1105 727 1041 1042 1105
          727 789 1041 1105 1041 789
          1104 1105 727 728 791 1043
          790 727 791 1105 791 727
          1043 1105 727 1042 1043 1105
          1043 791 1105 1106 728 729
          791 1043 791 729 792 1107
          729 1043 1044 1107 729 791
          1043 1107 1043 791 1106 1107
          729 730 793 1045 792 729
          793 1107 793 729 1045 1107
          729 1044 1045 1107 1045 793
          1107 1108 730 731 793 1045
          793 731 794 1109 731 1045
          1046 1109 731 793 1045 1109
          1045 793 1108 1109 731 732
          795 1047 794 731 795 1109
          795 731 1047 1109 731 1046
          1047 1109 1047 795 1109 1110
          732 733 795 1047 795 733
          796 1111 733 1047 1048 1111
          733 795 1047 1111 1047 795
          1110 1111 733 734 797 1049
          796 733 797 1111 797 733
          1049 1111 733 1048 1049 1111
          1049 797 1111 1112 734 735
          797 1049 797 735 798 1113
          735 1049 1050 1113 735 797
          1049 1113 1049 797 1112 1113
          735 736 799 1051 798 735
          799 1113 799 735 1051 1113
          735 1050 1051 1113 1051 799
          1113 1114 736 737 799 1051
          799 737 800 1115 737 1051
          1052 1115 737 799 1051 1115
          1051 799 1114 1115 737 738
          801 1053 800 737 801 1115
          801 737 1053 1115 737 1052
          1053 1115 1053 801 1115 1116
          738 739 801 1053 801 739
          802 1117 739 1053 1054 1117
          739 801 1053 1117 1053 801
          1116 1117 739 740 803 1055
          802 739 803 1117 803 739
          1055 1117 739 1054 1055 1117
          1055 803 1117 1118 740 741
          803 1055 803 741 804 1119
          741 1055 1056 1119 741 803
          1055 1119 1055 803 1118 1119
          741 742 805 1057 804 741
          805 1119 805 741 1057 1119
          741 1056 1057 1119 1057 805
          1119 1120 742 743 805 1057
          805 743 806 1121 743 1057
          1058 1121 743 805 1057 1121
          1057 805 1120 1121 743 744
          807 1059 806 743 807 1121
          807 743 1059 1121 743 1058
          1059 1121 1059 807 1121 1122
          744 745 807 1059 807 745
          808 1123 745 1059 1060 1123
          745 807 1059 1123 1059 807
          1122 1123 745 746 809 1061
          808 745 809 1123 809 745
          1061 1123 745 1060 1061 1123
          1061 809 1123 1124 746 747
          809 1061 809 747 810 1125
          747 1061 1062 1125 747 809
          1061 1125 1061 809 1124 1125
          747 748 811 1063 810 747
          811 1125 811 747 1063 1125
          747 1062 1063 1125 1063 811
          1125 1126 748 749 811 1063
          811 749 812 1127 749 1063
          1064 1127 749 811 1063 1127
          1063 811 1126 1127 749 750
          813 1065 812 749 813 1127
          813 749 1065 1127 749 1064
          1065 1127 1065 813 1127 1128
          750 751 813 1065 813 751
          814 1129 751 1065 1066 1129
          751 813 1065 1129 1065 813
          1128 1129 751 752 815 1067
          814 751 815 1129 815 751
          1067 1129 751 1066 1067 1129
          1067 815 1129 1130 752 753
          815 1067 815 753 816 1131
          753 1067 1068 1131 753 815
          1067 1131 1067 815 1130 1131
          753 754 817 1069 816 753
          817 1131 817 753 1069 1131
          753 1068 1069 1131 1069 817
          1131 1132 754 755 817 1069
          817 755 818 1133 755 1069
          1070 1133 755 817 1069 1133
          1069 817 1132 1133 756 757
          819 1071 819 757 820 1135
          757 1071 1072 1135 757 819
          1071 1135 1071 819 1134 1135
          757 758 821 1073 820 757
          821 1135 821 757 1073 1135
          757 1072 1073 1135 1073 821
          1135 1136 758 759 821 1073
          821 759 822 1137 759 1073
          1074 1137 759 821 1073 1137
          1073 821 1136 1137 759 760
          823 1075 822 759 823 1137
          823 759 1075 1137 759 1074
          1075 1137 1075 823 1137 1138
          760 761 823 1075 823 761
          824 1139 761 1075 1076 1139
          761 823 1075 1139 1075 823
          1138 1139 761 762 825 1077
          824 761 825 1139 825 761
          1077 1139 761 1076 1077 1139
          1077 825 1139 1140 762 763
          825 1077 825 763 826 1141
          763 1077 1078 1141 763 825
          1077 1141 1077 825 1140 1141
          763 764 827 1079 826 763
          827 1141 827 763 1079 1141
          763 1078 1079 1141 1079 827
          1141 1142 764 765 827 1079
          827 765 828 1143 765 1079
          1080 1143 765 827 1079 1143
          1079 827 1142 1143 765 766
          829 1081 828 765 829 1143
          829 765 1081 1143 765 1080
          1081 1143 1081 829 1143 1144
          766 767 829 1081 829 767
          830 1145 767 1081 1082 1145
          767 829 1081 1145 1081 829
          1144 1145 767 768 831 1083
          830 767 831 1145 831 767
          1083 1145 767 1082 1083 1145
          1083 831 1145 1146 768 769
          831 1083 831 769 832 1147
          769 1083 1084 1147 769 831
          1083 1147 1083 831 1146 1147
          769 770 833 1085 832 769
          833 1147 833 769 1085 1147
          769 1084 1085 1147 1085 833
          1147 1148 770 771 833 1085
          833 771 834 1149 771 1085
          1086 1149 771 833 1085 1149
          1085 833 1148 1149 771 772
          835 1087 834 771 835 1149
          835 771 1087 1149 771 1086
          1087 1149 1087 835 1149 1150
          772 773 835 1087 835 773
          836 1151 773 1087 1088 1151
          773 835 1087 1151 1087 835
          1150 1151 773 774 837 1089
          836 773 837 1151 837 773
          1089 1151 773 1088 1089 1151
          1089 837 1151 1152 774 775
          837 1089 837 775 838 1153
          775 1089 1090 1153 775 837
          1089 1153 1089 837 1152 1153
          775 776 839 1091 838 775
          839 1153 839 775 1091 1153
          775 1090 1091 1153 1091 839
          1153 1154 776 777 839 1091
          839 777 840 1155 777 1091
          1092 1155 777 839 1091 1155
          1091 839 1154 1155 777 778
          841 1093 840 777 841 1155
          841 777 1093 1155 777 1092
          1093 1155 1093 841 1155 1156
          778 779 841 1093 841 779
          842 1157 779 1093 1094 1157
          779 841 1093 1157 1093 841
          1156 1157 779 780 843 1095
          842 779 843 1157 843 779
          1095 1157 779 1094 1095 1157
          1095 843 1157 1158 780 781
          843 1095 843 781 844 1159
          781 1095 1096 1159 781 843
          1095 1159 1095 843 1158 1159
          781 782 845 1097 844 781
          845 1159 845 781 1097 1159
          781 1096 1097 1159 1097 845
          1159 1160 782 783 845 1097
          845 783 846 1161 783 1097
          1098 1161 783 845 1097 1161
          1097 845 1160 1161 783 784
          847 1099 846 783 847 1161
          847 783 1099 1161 783 1098
          1099 1161 1099 847 1161 1162
          784 785 847 1099 847 785
          848 1163 785 1099 1100 1163
          785 847 1099 1163 1099 847
          1162 1163 785 786 849 1101
          848 785 849 1163 849 785
          1101 1163 785 1100 1101 1163
          1101 849 1163 1164 786 787
          849 1101 849 787 850 1165
          787 1101 1102 1165 787 849
          1101 1165 1101 849 1164 1165
          787 788 851 1103 850 787
          851 1165 851 787 1103 1165
          787 1102 1103 1165 1103 851
          1165 1166 788 789 851 1103
          851 789 852 1167 789 1103
          1104 1167 789 851 1103 1167
          1103 851 1166 1167 789 790
          853 1105 852 789 853 1167
          853 789 1105 1167 789 1104
          1105 1167 1105 853 1167 1168
          790 791 853 1105 853 791
          854 1169 791 1105 1106 1169
          791 853 1105 1169 1105 853
          1168 1169 791 792 855 1107
          854 791 855 1169 855 791
          1107 1169 791 1106 1107 1169
          1107 855 1169 1170 792 793
          855 1107 855 793 856 1171
          793 1107 1108 1171 793 855
          1107 1171 1107 855 1170 1171
          793 794 857 1109 856 793
          857 1171 857 793 1109 1171
          793 1108 1109 1171 1109 857
          1171 1172 794 795 857 1109
          857 795 858 1173 795 1109
          1110 1173 795 857 1109 1173
          1109 857 1172 1173 795 796
          859 1111 858 795 859 1173
          859 795 1111 1173 795 1110
          1111 1173 1111 859 1173 1174
          796 797 859 1111 859 797
          860 1175 797 1111 1112 1175
          797 859 1111 1175 1111 859
          1174 1175 797 798 861 1113
          860 797 861 1175 861 797
          1113 1175 797 1112 1113 1175
          1113 861 1175 1176 798 799
          861 1113 861 799 862 1177
          799 1113 1114 1177 799 861
          1113 1177 1113 861 1176 1177
          799 800 863 1115 862 799
          863 1177 863 799 1115 1177
          799 1114 1115 1177 1115 863
          1177 1178 800 801 863 1115
          863 801 864 1179 801 1115
          1116 1179 801 863 1115 1179
          1115 863 1178 1179 801 802
          865 1117 864 801 865 1179
          865 801 1117 1179 801 1116
          1117 1179 1117 865 1179 1180
          802 803 865 1117 865 803
          866 1181 803 1117 1118 1181
          803 865 1117 1181 1117 865
          1180 1181 803 804 867 1119
          866 803 867 1181 867 803
          1119 1181 803 1118 1119 1181
          1119 867 1181 1182 804 805
          867 1119 867 805 868 1183
          805 1119 1120 1183 805 867
          1119 1183 1119 867 1182 1183
          805 806 869 1121 868 805
          869 1183 869 805 1121 1183
          805 1120 1121 1183 1121 869
          1183 1184 806 807 869 1121
          869 807 870 1185 807 1121
          1122 1185 807 869 1121 1185
          1121 869 1184 1185 807 808
          871 1123 870 807 871 1185
          871 807 1123 1185 807 1122
          1123 1185 1123 871 1185 1186
          808 809 871 1123 871 809
          872 1187 809 1123 1124 1187
          809 871 1123 1187 1123 871
          1186 1187 809 810 873 1125
          872 809 873 1187 873 809
          1125 1187 809 1124 1125 1187
          1125 873 1187 1188 810 811
          873 1125 873 811 874 1189
          811 1125 1126 1189 811 873
          1125 1189 1125 873 1188 1189
          811 812 875 1127 874 811
          875 1189 875 811 1127 1189
          811 1126 1127 1189 1127 875
          1189 1190 812 813 875 1127
          875 813 876 1191 813 1127
          1128 1191 813 875 1127 1191
          1127 875 1190 1191 813 814
          877 1129 876 813 877 1191
          877 813 1129 1191 813 1128
          1129 1191 1129 877 1191 1192
          814 815 877 1129 877 815
          878 1193 815 1129 1130 1193
          815 877 1129 1193 1129 877
          1192 1193 815 816 879 1131
          878 815 879 1193 879 815
          1131 1193 815 1130 1131 1193
          1131 879 1193 1194 816 817
          879 1131 879 817 880 1195
          817 1131 1132 1195 817 879
          1131 1195 1131 879 1194 1195
          817 818 881 1133 880 817
          881 1195 881 817 1133 1195
          817 1132 1133 1195 1133 881
          1195 1196 819 820 883 1135
          882 819 883 1197 883 819
          1135 1197 819 1134 1135 1197
          1135 883 1197 1198 820 821
          883 1135 883 821 884 1199
          821 1135 1136 1199 821 883
          1135 1199 1135 883 1198 1199
          821 822 885 1137 884 821
          885 1199 885 821 1137 1199
          821 1136 1137 1199 1137 885
          1199 1200 822 823 885 1137
          885 823 886 1201 823 1137
          1138 1201 823 885 1137 1201
          1137 885 1200 1201 823 824
          887 1139 886 823 887 1201
          887 823 1139 1201 823 1138
          1139 1201 1139 887 1201 1202
          824 825 887 1139 887 825
          888 1203 825 1139 1140 1203
          825 887 1139 1203 1139 887
          1202 1203 825 826 889 1141
          888 825 889 1203 889 825
          1141 1203 825 1140 1141 1203
          1141 889 1203 1204 826 827
          889 1141 889 827 890 1205
          827 1141 1142 1205 827 889
          1141 1205 1141 889 1204 1205
          827 828 891 1143 890 827
          891 1205 891 827 1143 1205
          827 1142 1143 1205 1143 891
          1205 1206 828 829 891 1143
          891 829 892 1207 829 1143
          1144 1207 829 891 1143 1207
          1143 891 1206 1207 829 830
          893 1145 892 829 893 1207
          893 829 1145 1207 829 1144
          1145 1207 1145 893 1207 1208
          830 831 893 1145 893 831
          894 1209 831 1145 1146 1209
          831 893 1145 1209 1145 893
          1208 1209 831 832 895 1147
          894 831 895 1209 895 831
          1147 1209 831 1146 1147 1209
          1147 895 1209 1210 832 833
          895 1147 895 833 896 1211
          833 1147 1148 1211 833 895
          1147 1211 1147 895 1210 1211
          833 834 897 1149 896 833
          897 1211 897 833 1149 1211
          833 1148 1149 1211 1149 897
          1211 1212 834 835 897 1149
          897 835 898 1213 835 1149
          1150 1213 835 897 1149 1213
          1149 897 1212 1213 835 836
          899 1151 898 835 899 1213
          899 835 1151 1213 835 1150
          1151 1213 1151 899 1213 1214
          836 837 899 1151 899 837
          900 1215 837 1151 1152 1215
          837 899 1151 1215 1151 899
          1214 1215 837 838 901 1153
          900 837 901 1215 901 837
          1153 1215 837 1152 1153 1215
          1153 901 1215 1216 838 839
          901 1153 901 839 902 1217
          839 1153 1154 1217 839 901
          1153 1217 1153 901 1216 1217
          839 840 903 1155 902 839
          903 1217 903 839 1155 1217
          839 1154 1155 1217 1155 903
          1217 1218 840 841 903 1155
          903 841 904 1219 841 1155
          1156 1219 841 903 1155 1219
          1155 903 1218 1219 841 842
          905 1157 904 841 905 1219
          905 841 1157 1219 841 1156
          1157 1219 1157 905 1219 1220
          842 843 905 1157 905 843
          906 1221 843 1157 1158 1221
          843 905 1157 1221 1157 905
          1220 1221 843 844 907 1159
          906 843 907 1221 907 843
          1159 1221 843 1158 1159 1221
          1159 907 1221 1222 844 845
          907 1159 907 845 908 1223
          845 1159 1160 1223 845 907
          1159 1223 1159 907 1222 1223
          845 846 909 1161 908 845
          909 1223 909 845 1161 1223
          845 1160 1161 1223 1161 909
          1223 1224 846 847 909 1161
          909 847 910 1225 847 1161
          1162 1225 847 909 1161 1225
          1161 909 1224 1225 847 848
          911 1163 910 847 911 1225
          911 847 1163 1225 847 1162
          1163 1225 1163 911 1225 1226
          848 849 911 1163 911 849
          912 1227 849 1163 1164 1227
          849 911 1163 1227 1163 911
          1226 1227 849 850 913 1165
          912 849 913 1227 913 849
          1165 1227 849 1164 1165 1227
          1165 913 1227 1228 850 851
          913 1165 913 851 914 1229
          851 1165 1166 1229 851 913
          1165 1229 1165 913 1228 1229
          851 852 915 1167 914 851
          915 1229 915 851 1167 1229
          851 1166 1167 1229 1167 915
          1229 1230 852 853 915 1167
          915 853 916 1231 853 1167
          1168 1231 853 915 1167 1231
          1167 915 1230 1231 853 854
          917 1169 916 853 917 1231
          917 853 1169 1231 853 1168
          1169 1231 1169 917 1231 1232
          854 855 917 1169 917 855
          918 1233 855 1169 1170 1233
          855 917 1169 1233 1169 917
          1232 1233 855 856 919 1171
          918 855 919 1233 919 855
          1171 1233 855 1170 1171 1233
          1171 919 1233 1234 856 857
          919 1171 919 857 920 1235
          857 1171 1172 1235 857 919
          1171 1235 1171 919 1234 1235
          857 858 921 1173 920 857
          921 1235 921 857 1173 1235
          857 1172 1173 1235 1173 921
          1235 1236 858 859 921 1173
          921 859 922 1237 859 1173
          1174 1237 859 921 1173 1237
          1173 921 1236 1237 859 860
          923 1175 922 859 923 1237
          923 859 1175 1237 859 1174
          1175 1237 1175 923 1237 1238
          860 861 923 1175 923 861
          924 1239 861 1175 1176 1239
          861 923 1175 1239 1175 923
          1238 1239 861 862 925 1177
          924 861 925 1239 925 861
          1177 1239 861 1176 1177 1239
          1177 925 1239 1240 862 863
          925 1177 925 863 926 1241
          863 1177 1178 1241 863 925
          1177 1241 1177 925 1240 1241
          863 864 927 1179 926 863
          927 1241 927 863 1179 1241
          863 1178 1179 1241 1179 927
          1241 1242 864 865 927 1179
          927 865 928 1243 865 1179
          1180 1243 865 927 1179 1243
          1179 927 1242 1243 865 866
          929 1181 928 865 929 1243
          929 865 1181 1243 865 1180
          1181 1243 1181 929 1243 1244
          866 867 929 1181 929 867
          930 1245 867 1181 1182 1245
          867 929 1181 1245 1181 929
          1244 1245 867 868 931 1183
          930 867 931 1245 931 867
          1183 1245 867 1182 1183 1245
          1183 931 1245 1246 868 869
          931 1183 931 869 932 1247
          869 1183 1184 1247 869 931
          1183 1247 1183 931 1246 1247
          869 870 933 1185 932 869
          933 1247 933 869 1185 1247
          869 1184 1185 1247 1185 933
          1247 1248 870 871 933 1185
          933 871 934 1249 871 1185
          1186 1249 871 933 1185 1249
          1185 933 1248 1249 871 872
          935 1187 934 871 935 1249
          935 871 1187 1249 871 1186
          1187 1249 1187 935 1249 1250
          872 873 935 1187 935 873
          936 1251 873 1187 1188 1251
          873 935 1187 1251 1187 935
          1250 1251 873 874 937 1189
          936 873 937 1251 937 873
          1189 1251 873 1188 1189 1251
          1189 937 1251 1252 874 875
          937 1189 937 875 938 1253
          875 1189 1190 1253 875 937
          1189 1253 1189 937 1252 1253
          875 876 939 1191 938 875
          939 1253 939 875 1191 1253
          875 1190 1191 1253 1191 939
          1253 1254 876 877 939 1191
          939 877 940 1255 877 1191
          1192 1255 877 939 1191 1255
          1191 939 1254 1255 877 878
          941 1193 940 877 941 1255
          941 877 1193 1255 877 1192
          1193 1255 1193 941 1255 1256
          878 879 941 1193 941 879
          942 1257 879 1193 1194 1257
          879 941 1193 1257 1193 941
          1256 1257 879 880 943 1195
          942 879 943 1257 943 879
          1195 1257 879 1194 1195 1257
          1195 943 1257 1258 880 881
          943 1195 943 881 944 1259
          881 1195 1196 1259 881 943
          1195 1259 1195 943 1258 1259
          945 946 1009 1261 1008 945
          1009 1323 1009 945 1261 1323
          945 1260 1261 1323 1261 1009
          1323 1324 946 947 1009 1261
          1009 947 1010 1325 947 1261
          1262 1325 947 1009 1261 1325
          1261 1009 1324 1325 947 948
          1011 1263 1010 947 1011 1325
          1011 947 1263 1325 947 1262
          1263 1325 1263 1011 1325 1326
          948 949 1011 1263 1011 949
          1012 1327 949 1263 1264 1327
          949 1011 1263 1327 1263 1011
          1326 1327 949 950 1013 1265
          1012 949 1013 1327 1013 949
          1265 1327 949 1264 1265 1327
          1265 1013 1327 1328 950 951
          1013 1265 1013 951 1014 1329
          951 1265 1266 1329 951 1013
          1265 1329 1265 1013 1328 1329
          951 952 1015 1267 1014 951
          1015 1329 1015 951 1267 1329
          951 1266 1267 1329 1267 1015
          1329 1330 952 953 1015 1267
          1015 953 1016 1331 953 1267
          1268 1331 953 1015 1267 1331
          1267 1015 1330 1331 953 954
          1017 1269 1016 953 1017 1331
          1017 953 1269 1331 953 1268
          1269 1331 1269 1017 1331 1332
          954 955 1017 1269 1017 955
          1018 1333 955 1269 1270 1333
          955 1017 1269 1333 1269 1017
          1332 1333 955 956 1019 1271
          1018 955 1019 1333 1019 955
          1271 1333 955 1270 1271 1333
          1271 1019 1333 1334 956 957
          1019 1271 1019 957 1020 1335
          957 1271 1272 1335 957 1019
          1271 1335 1271 1019 1334 1335
          957 958 1021 1273 1020 957
          1021 1335 1021 957 1273 1335
          957 1272 1273 1335 1273 1021
          1335 1336 958 959 1021 1273
          1021 959 1022 1337 959 1273
          1274 1337 959 1021 1273 1337
          1273 1021 1336 1337 959 960
          1023 1275 1022 959 1023 1337
          1023 959 1275 1337 959 1274
          1275 1337 1275 1023 1337 1338
          960 961 1023 1275 1023 961
          1024 1339 961 1275 1276 1339
          961 1023 1275 1339 1275 1023
          1338 1339 961 962 1025 1277
          1024 961 1025 1339 1025 961
          1277 1339 961 1276 1277 1339
          1277 1025 1339 1340 962 963
          1025 1277 1025 963 1026 1341
          963 1277 1278 1341 963 1025
          1277 1341 1277 1025 1340 1341
          963 964 1027 1279 1026 963
          1027 1341 1027 963 1279 1341
          963 1278 1279 1341 1279 1027
          1341 1342 964 965 1027 1279
          1027 965 1028 1343 965 1279
          1280 1343 965 1027 1279 1343
          1279 1027 1342 1343 965 966
          1029 1281 1028 965 1029 1343
          1029 965 1281 1343 965 1280
          1281 1343 1281 1029 1343 1344
          966 967 1029 1281 1029 967
          1030 1345 967 1281 1282 1345
          967 1029 1281 1345 1281 1029
          1344 1345 967 968 1031 1283
          1030 967 1031 1345 1031 967
          1283 1345 967 1282 1283 1345
          1283 1031 1345 1346 968 969
          1031 1283 1031 969 1032 1347
          969 1283 1284 1347 969 1031
          1283 1347 1283 1031 1346 1347
          969 970 1033 1285 1032 969
          1033 1347 1033 969 1285 1347
          969 1284 1285 1347 1285 1033
          1347 1348 970 971 1033 1285
          1033 971 1034 1349 971 1285
          1286 1349 971 1033 1285 1349
          1285 1033 1348 1349 971 972
          1035 1287 1034 971 1035 1349
          1035 971 1287 1349 971 1286
          1287 1349 1287 1035 1349 1350
          972 973 1035 1287 1035 973
          1036 1351 973 1287 1288 1351
          973 1035 1287 1351 1287 1035
          1350 1351 973 974 1037 1289
          1036 973 1037 1351 1037 973
          1289 1351 973 1288 1289 1351
          1289 1037 1351 1352 974 975
          1037 1289 1037 975 1038 1353
          975 1289 1290 1353 975 1037
          1289 1353 1289 1037 1352 1353
          975 976 1039 1291 1038 975
          1039 1353 1039 975 1291 1353
          975 1290 1291 1353 1291 1039
          1353 1354 976 977 1039 1291
          1039 977 1040 1355 977 1291
          1292 1355 977 1039 1291 1355
          1291 1039 1354 1355 977 978
          1041 1293 1040 977 1041 1355
          1041 977 1293 1355 977 1292
          1293 1355 1293 1041 1355 1356
          978 979 1041 1293 1041 979
          1042 1357 979 1293 1294 1357
          979 1041 1293 1357 1293 1041
          1356 1357 979 980 1043 1295
          1042 979 1043 1357 1043 979
          1295 1357 979 1294 1295 1357
          1295 1043 1357 1358 980 981
          1043 1295 1043 981 1044 1359
          981 1295 1296 1359 981 1043
          1295 1359 1295 1043 1358 1359
          981 982 1045 1297 1044 981
          1045 1359 1045 981 1297 1359
          981 1296 1297 1359 1297 1045
          1359 1360 982 983 1045 1297
          1045 983 1046 1361 983 1297
          1298 1361 983 1045 1297 1361
          1297 1045 1360 1361 983 984
          1047 1299 1046 983 1047 1361
          1047 983 1299 1361 983 1298
          1299 1361 1299 1047 1361 1362
          984 985 1047 1299 1047 985
          1048 1363 985 1299 1300 1363
          985 1047 1299 1363 1299 1047
          1362 1363 985 986 1049 1301
          1048 985 1049 1363 1049 985
          1301 1363 985 1300 1301 1363
          1301 1049 1363 1364 986 987
          1049 1301 1049 987 1050 1365
          987 1301 1302 1365 987 1049
          1301 1365 1301 1049 1364 1365
          987 988 1051 1303 1050 987
          1051 1365 1051 987 1303 1365
          987 1302 1303 1365 1303 1051
          1365 1366 988 989 1051 1303
          1051 989 1052 1367 989 1303
          1304 1367 989 1051 1303 1367
          1303 1051 1366 1367 989 990
          1053 1305 1052 989 1053 1367
          1053 989 1305 1367 989 1304
          1305 1367 1305 1053 1367 1368
          990 991 1053 1305 1053 991
          1054 1369 991 1305 1306 1369
          991 1053 1305 1369 1305 1053
          1368 1369 991 992 1055 1307
          1054 991 1055 1369 1055 991
          1307 1369 991 1306 1307 1369
          1307 1055 1369 1370 992 993
          1055 1307 1055 993 1056 1371
          993 1307 1308 1371 993 1055
          1307 1371 1307 1055 1370 1371
          993 994 1057 1309 1056 993
          1057 1371 1057 993 1309 1371
          993 1308 1309 1371 1309 1057
          1371 1372 994 995 1057 1309
          1057 995 1058 1373 995 1309
          1310 1373 995 1057 1309 1373
          1309 1057 1372 1373 995 996
          1059 1311 1058 995 1059 1373
          1059 995 1311 1373 995 1310
          1311 1373 1311 1059 1373 1374
          996 997 1059 1311 1059 997
          1060 1375 997 1311 1312 1375
          997 1059 1311 1375 1311 1059
          1374 1375 997 998 1061 1313
          1060 997 1061 1375 1061 997
          1313 1375 997 1312 1313 1375
          1313 1061 1375 1376 998 999
          1061 1313 1061 999 1062 1377
          999 1313 1314 1377 999 1061
          1313 1377 1313 1061 1376 1377
          999 1000 1063 1315 1062 999
          1063 1377 1063 999 1315 1377
          999 1314 1315 1377 1315 1063
          1377 1378 1000 1001 1063 1315
          1063 1001 1064 1379 1001 1315
          1316 1379 1001 1063 1315 1379
          1315 1063 1378 1379 1001 1002
          1065 1317 1064 1001 1065 1379
          1065 1001 1317 1379 1001 1316
          1317 1379 1317 1065 1379 1380
          1002 1003 1065 1317 1065 1003
          1066 1381 1003 1317 1318 1381
          1003 1065 1317 1381 1317 1065
          1380 1381 1003 1004 1067 1319
          1066 1003 1067 1381 1067 1003
          1319 1381 1003 1318 1319 1381
          1319 1067 1381 1382 1004 1005
          1067 1319 1067 1005 1068 1383
          1005 1319 1320 1383 1005 1067
          1319 1383 1319 1067 1382 1383
          1005 1006 1069 1321 1068 1005
          1069 1383 1069 1005 1321 1383
          1005 1320 1321 1383 1321 1069
          1383 1384 1006 1007 1069 1321
          1069 1007 1070 1385 1007 1321
          1322 1385 1007 1069 1321 1385
          1321 1069 1384 1385 1008 1009
          1071 1323 1071 1009 1072 1387
          1009 1323 1324 1387 1009 1071
          1323 1387 1323 1071 1386 1387
          1009 1010 1073 1325 1072 1009
          1073 1387 1073 1009 1325 1387
          1009 1324 1325 1387 1325 1073
          1387 1388 1010 1011 1073 1325
          1073 1011 1074 1389 1011 1325
          1326 1389 1011 1073 1325 1389
          1325 1073 1388 1389 1011 1012
          1075 1327 1074 1011 1075 1389
          1075 1011 1327 1389 1011 1326
          1327 1389 1327 1075 1389 1390
          1012 1013 1075 1327 1075 1013
          1076 1391 1013 1327 1328 1391
          1013 1075 1327 1391 1327 1075
          1390 1391 1013 1014 1077 1329
          1076 1013 1077 1391 1077 1013
          1329 1391 1013 1328 1329 1391
          1329 1077 1391 1392 1014 1015
          1077 1329 1077 1015 1078 1393
          1015 1329 1330 1393 1015 1077
          1329 1393 1329 1077 1392 1393
          1015 1016 1079 1331 1078 1015
          1079 1393 1079 1015 1331 1393
          1015 1330 1331 1393 1331 1079
          1393 1394 1016 1017 1079 1331
          1079 1017 1080 1395 1017 1331
          1332 1395 1017 1079 1331 1395
          1331 1079 1394 1395 1017 1018
          1081 1333 1080 1017 1081 1395
          1081 1017 1333 1395 1017 1332
          1333 1395 1333 1081 1395 1396
          1018 1019 1081 1333 1081 1019
          1082 1397 1019 1333 1334 1397
          1019 1081 1333 1397 1333 1081
          1396 1397 1019 1020 1083 1335
          1082 1019 1083 1397 1083 1019
          1335 1397 1019 1334 1335 1397
          1335 1083 1397 1398 1020 1021
          1083 1335 1083 1021 1084 1399
          1021 1335 1336 1399 1021 1083
          1335 1399 1335 1083 1398 1399
          1021 1022 1085 1337 1084 1021
          1085 1399 1085 1021 1337 1399
          1021 1336 1337 1399 1337 1085
          1399 1400 1022 1023 1085 1337
          1085 1023 1086 1401 1023 1337
          1338 1401 1023 1085 1337 1401
          1337 1085 1400 1401 1023 1024
          1087 1339 1086 1023 1087 1401
          1087 1023 1339 1401 1023 1338
          1339 1401 1339 1087 1401 1402
          1024 1025 1087 1339 1087 1025
          1088 1403 1025 1339 1340 1403
          1025 1087 1339 1403 1339 1087
          1402 1403 1025 1026 1089 1341
          1088 1025 1089 1403 1089 1025
          1341 1403 1025 1340 1341 1403
          1341 1089 1403 1404 1026 1027
          1089 1341 1089 1027 1090 1405
          1027 1341 1342 1405 1027 1089
          1341 1405 1341 1089 1404 1405
          1027 1028 1091 1343 1090 1027
          1091 1405 1091 1027 1343 1405
          1027 1342 1343 1405 1343 1091
          1405 1406 1028 1029 1091 1343
          1091 1029 1092 1407 1029 1343
          1344 1407 1029 1091 1343 1407
          1343 1091 1406 1407 1029 1030
          1093 1345 1092 1029 1093 1407
          1093 1029 1345 1407 1029 1344
          1345 1407 1345 1093 1407 1408
          1030 1031 1093 1345 1093 1031
          1094 1409 1031 1345 1346 1409
          1031 1093 1345 1409 1345 1093
          1408 1409 1031 1032 1095 1347
          1094 1031 1095 1409 1095 1031
          1347 1409 1031 1346 1347 1409
          1347 1095 1409 1410 1032 1033
          1095 1347 1095 1033 1096 1411
          1033 1347 1348 1411 1033 1095
          1347 1411 1347 1095 1410 1411
          1033 1034 1097 1349 1096 1033
          1097 1411 1097 1033 1349 1411
          1033 1348 1349 1411 1349 1097
          1411 1412 1034 1035 1097 1349
          1097 1035 1098 1413 1035 1349
          1350 1413 1035 1097 1349 1413
          1349 1097 1412 1413 1035 1036
          1099 1351 1098 1035 1099 1413
          1099 1035 1351 1413 1035 1350
          1351 1413 1351 1099 1413 1414
          1036 1037 1099 1351 1099 1037
          1100 1415 1037 1351 1352 1415
          1037 1099 1351 1415 1351 1099
          1414 1415 1037 1038 1101 1353
          1100 1037 1101 1415 1101 1037
          1353 1415 1037 1352 1353 1415
          1353 1101 1415 1416 1038 1039
          1101 1353 1101 1039 1102 1417
          1039 1353 1354 1417 1039 1101
          1353 1417 1353 1101 1416 1417
          1039 1040 1103 1355 1102 1039
          1103 1417 1103 1039 1355 1417
          1039 1354 1355 1417 1355 1103
          1417 1418 1040 1041 1103 1355
          1103 1041 1104 1419 1041 1355
          1356 1419 1041 1103 1355 1419
          1355 1103 1418 1419 1041 1042
          1105 1357 1104 1041 1105 1419
          1105 1041 1357 1419 1041 1356
          1357 1419 1357 1105 1419 1420
          1042 1043 1105 1357 1105 1043
          1106 1421 1043 1357 1358 1421
          1043 1105 1357 1421 1357 1105
          1420 1421 1043 1044 1107 1359
          1106 1043 1107 1421 1107 1043
          1359 1421 1043 1358 1359 1421
          1359 1107 1421 1422 1044 1045
          1107 1359 1107 1045 1108 1423
          1045 1359 1360 1423 1045 1107
          1359 1423 1359 1107 1422 1423
          1045 1046 1109 1361 1108 1045
          1109 1423 1109 1045 1361 1423
          1045 1360 1361 1423 1361 1109
          1423 1424 1046 1047 1109 1361
          1109 1047 1110 1425 1047 1361
          1362 1425 1047 1109 1361 1425
          1361 1109 1424 1425 1047 1048
          1111 1363 1110 1047 1111 1425
          1111 1047 1363 1425 1047 1362
          1363 1425 1363 1111 1425 1426
          1048 1049 1111 1363 1111 1049
          1112 1427 1049 1363 1364 1427
          1049 1111 1363 1427 1363 1111
          1426 1427 1049 1050 1113 1365
          1112 1049 1113 1427 1113 1049
          1365 1427 1049 1364 1365 1427
          1365 1113 1427 1428 1050 1051
          1113 1365 1113 1051 1114 1429
          1051 1365 1366 1429 1051 1113
          1365 1429 1365 1113 1428 1429
          1051 1052 1115 1367 1114 1051
          1115 1429 1115 1051 1367 1429
          1051 1366 1367 1429 1367 1115
          1429 1430 1052 1053 1115 1367
          1115 1053 1116 1431 1053 1367
          1368 1431 1053 1115 1367 1431
          1367 1115 1430 1431 1053 1054
          1117 1369 1116 1053 1117 1431
          1117 1053 1369 1431 1053 1368
          1369 1431 1369 1117 1431 1432
          1054 1055 1117 1369 1117 1055
          1118 1433 1055 1369 1370 1433
          1055 1117 1369 1433 1369 1117
          1432 1433 1055 1056 1119 1371
          1118 1055 1119 1433 1119 1055
          1371 1433 1055 1370 1371 1433
          1371 1119 1433 1434 1056 1057
          1119 1371 1119 1057 1120 1435
          1057 1371 1372 1435 1057 1119
          1371 1435 1371 1119 1434 1435
          1057 1058 1121 1373 1120 1057
          1121 1435 1121 1057 1373 1435
          1057 1372 1373 1435 1373 1121
          1435 1436 1058 1059 1121 1373
          1121 1059 1122 1437 1059 1373
          1374 1437 1059 1121 1373 1437
          1373 1121 1436 1437 1059 1060
          1123 1375 1122 1059 1123 1437
          1123 1059 1375 1437 1059 1374
          1375 1437 1375 1123 1437 1438
          1060 1061 1123 1375 1123 1061
          1124 1439 1061 1375 1376 1439
          1061 1123 1375 1439 1375 1123
          1438 1439 1061 1062 1125 1377
          1124 1061 1125 1439 1125 1061
          1377 1439 1061 1376 1377 1439
          1377 1125 1439 1440 1062 1063
          1125 1377 1125 1063 1126 1441
          1063 1377 1378 1441 1063 1125
          1377 1441 1377 1125 1440 1441
          1063 1064 1127 1379 1126 1063
          1127 1441 1127 1063 1379 1441
          1063 1378 1379 1441 1379 1127
          1441 1442 1064 1065 1127 1379
          1127 1065 1128 1443 1065 1379
          1380 1443 1065 1127 1379 1443
          1379 1127 1442 1443 1065 1066
          1129 1381 1128 1065 1129 1443
          1129 1065 1381 1443 1065 1380
          1381 1443 1381 1129 1443 1444
          1066 1067 1129 1381 1129 1067
          1130 1445 1067 1381 1382 1445
          1067 1129 1381 1445 1381 1129
          1444 1445 1067 1068 1131 1383
          1130 1067 1131 1445 1131 1067
          1383 1445 1067 1382 1383 1445
          1383 1131 1445 1446 1068 1069
          1131 1383 1131 1069 1132 1447
          1069 1383 1384 1447 1069 1131
          1383 1447 1383 1131 1446 1447
          1069 1070 1133 1385 1132 1069
          1133 1447 1133 1069 1385 1447
          1069 1384 1385 1447 1385 1133
          1447 1448 1071 1072 1135 1387
          1134 1071 1135 1449 1135 1071
          1387 1449 1071 1386 1387 1449
          1387 1135 1449 1450 1072 1073
          1135 1387 1135 1073 1136 1451
          1073 1387 1388 1451 1073 1135
          1387 1451 1387 1135 1450 1451
          1073 1074 1137 1389 1136 1073
          1137 1451 1137 1073 1389 1451
          1073 1388 1389 1451 1389 1137
          1451 1452 1074 1075 1137 1389
          1137 1075 1138 1453 1075 1389
          1390 1453 1075 1137 1389 1453
          1389 1137 1452 1453 1075 1076
          1139 1391 1138 1075 1139 1453
          1139 1075 1391 1453 1075 1390
          1391 1453 1391 1139 1453 1454
          1076 1077 1139 1391 1139 1077
          1140 1455 1077 1391 1392 1455
          1077 1139 1391 1455 1391 1139
          1454 1455 1077 1078 1141 1393
          1140 1077 1141 1455 1141 1077
          1393 1455 1077 1392 1393 1455
          1393 1141 1455 1456 1078 1079
          1141 1393 1141 1079 1142 1457
          1079 1393 1394 1457 1079 1141
          1393 1457 1393 1141 1456 1457
          1079 1080 1143 1395 1142 1079
          1143 1457 1143 1079 1395 1457
          1079 1394 1395 1457 1395 1143
          1457 1458 1080 1081 1143 1395
          1143 1081 1144 1459 1081 1395
          1396 1459 1081 1143 1395 1459
          1395 1143 1458 1459 1081 1082
          1145 1397 1144 1081 1145 1459
          1145 1081 1397 1459 1081 1396
          1397 1459 1397 1145 1459 1460
          1082 1083 1145 1397 1145 1083
          1146 1461 1083 1397 1398 1461
          1083 1145 1397 1461 1397 1145
          1460 1461 1083 1084 1147 1399
          1146 1083 1147 1461 1147 1083
          1399 1461 1083 1398 1399 1461
          1399 1147 1461 1462 1084 1085
          1147 1399 1147 1085 1148 1463
          1085 1399 1400 1463 1085 1147
          1399 1463 1399 1147 1462 1463
          1085 1086 1149 1401 1148 1085
          1149 1463 1149 1085 1401 1463
          1085 1400 1401 1463 1401 1149
          1463 1464 1086 1087 1149 1401
          1149 1087 1150 1465 1087 1401
          1402 1465 1087 1149 1401 1465
          1401 1149 1464 1465 1087 1088
          1151 1403 1150 1087 1151 1465
          1151 1087 1403 1465 1087 1402
          1403 1465 1403 1151 1465 1466
          1088 1089 1151 1403 1151 1089
          1152 1467 1089 1403 1404 1467
          1089 1151 1403 1467 1403 1151
          1466 1467 1089 1090 1153 1405
          1152 1089 1153 1467 1153 1089
          1405 1467 1089 1404 1405 1467
          1405 1153 1467 1468 1090 1091
          1153 1405 1153 1091 1154 1469
          1091 1405 1406 1469 1091 1153
          1405 1469 1405 1153 1468 1469
          1091 1092 1155 1407 1154 1091
          1155 1469 1155 1091 1407 1469
          1091 1406 1407 1469 1407 1155
          1469 1470 1092 1093 1155 1407
          1155 1093 1156 1471 1093 1407
          1408 1471 1093 1155 1407 1471
          1407 1155 1470 1471 1093 1094
          1157 1409 1156 1093 1157 1471
          1157 1093 1409 1471 1093 1408
          1409 1471 1409 1157 1471 1472
          1094 1095 1157 1409 1157 1095
          1158 1473 1095 1409 1410 1473
          1095 1157 1409 1473 1409 1157
          1472 1473 1095 1096 1159 1411
          1158 1095 1159 1473 1159 1095
          1411 1473 1095 1410 1411 1473
          1411 1159 1473 1474 1096 1097
          1159 1411 1159 1097 1160 1475
          1097 1411 1412 1475 1097 1159
          1411 1475 1411 1159 1474 1475
          1097 1098 1161 1413 1160 1097
          1161 1475 1161 1097 1413 1475
          1097 1412 1413 1475 1413 1161
          1475 1476 1098 1099 1161 1413
          1161 1099 1162 1477 1099 1413
          1414 1477 1099 1161 1413 1477
          1413 1161 1476 1477 1099 1100
          1163 1415 1162 1099 1163 1477
          1163 1099 1415 1477 1099 1414
          1415 1477 1415 1163 1477 1478
          1100 1101 1163 1415 1163 1101
          1164 1479 1101 1415 1416 1479
          1101 1163 1415 1479 1415 1163
          1478 1479 1101 1102 1165 1417
          1164 1101 1165 1479 1165 1101
          1417 1479 1101 1416 1417 1479
          1417 1165 1479 1480 1102 1103
          1165 1417 1165 1103 1166 1481
          1103 1417 1418 1481 1103 1165
          1417 1481 1417 1165 1480 1481
          1103 1104 1167 1419 1166 1103
          1167 1481 1167 1103 1419 1481
          1103 1418 1419 1481 1419 1167
          1481 1482 1104 1105 1167 1419
          1167 1105 1168 1483 1105 1419
          1420 1483 1105 1167 1419 1483
          1419 1167 1482 1483 1105 1106
          1169 1421 1168 1105 1169 1483
          1169 1105 1421 1483 1105 1420
          1421 1483 1421 1169 1483 1484
          1106 1107 1169 1421 1169 1107
          1170 1485 1107 1421 1422 1485
          1107 1169 1421 1485 1421 1169
          1484 1485 1107 1108 1171 1423
          1170 1107 1171 1485 1171 1107
          1423 1485 1107 1422 1423 1485
          1423 1171 1485 1486 1108 1109
          1171 1423 1171 1109 1172 1487
          1109 1423 1424 1487 1109 1171
          1423 1487 1423 1171 1486 1487
          1109 1110 1173 1425 1172 1109
          1173 1487 1173 1109 1425 1487
          1109 1424 1425 1487 1425 1173
          1487 1488 1110 1111 1173 1425
          1173 1111 1174 1489 1111 1425
          1426 1489 1111 1173 1425 1489
          1425 1173 1488 1489 1111 1112
          1175 1427 1174 1111 1175 1489
          1175 1111 1427 1489 1111 1426
          1427 1489 1427 1175 1489 1490
          1112 1113 1175 1427 1175 1113
          1176 1491 1113 1427 1428 1491
          1113 1175 1427 1491 1427 1175
          1490 1491 1113 1114 1177 1429
          1176 1113 1177 1491 1177 1113
          1429 1491 1113 1428 1429 1491
          1429 1177 1491 1492 1114 1115
          1177 1429 1177 1115 1178 1493
          1115 1429 1430 1493 1115 1177
          1429 1493 1429 1177 1492 1493
          1115 1116 1179 1431 1178 1115
          1179 1493 1179 1115 1431 1493
          1115 1430 1431 1493 1431 1179
          1493 1494 1116 1117 1179 1431
          1179 1117 1180 1495 1117 1431
          1432 1495 1117 1179 1431 1495
          1431 1179 1494 1495 1117 1118
          1181 1433 1180 1117 1181 1495
          1181 1117 1433 1495 1117 1432
          1433 1495 1433 1181 1495 1496
          1118 1119 1181 1433 1181 1119
          1182 1497 1119 1433 1434 1497
          1119 1181 1433 1497 1433 1181
          1496 1497 1119 1120 1183 1435
          1182 1119 1183 1497 1183 1119
          1435 1497 1119 1434 1435 1497
          1435 1183 1497 1498 1120 1121
          1183 1435 1183 1121 1184 1499
          1121 1435 1436 1499 1121 1183
          1435 1499 1435 1183 1498 1499
          1121 1122 1185 1437 1184 1121
          1185 1499 1185 1121 1437 1499
          1121 1436 1437 1499 1437 1185
          1499 1500 1122 1123 1185 1437
          1185 1123 1186 1501 1123 1437
          1438 1501 1123 1185 1437 1501
          1437 1185 1500 1501 1123 1124
          1187 1439 1186 1123 1187 1501
          1187 1123 1439 1501 1123 1438
          1439 1501 1439 1187 1501 1502
          1124 1125 1187 1439 1187 1125
          1188 1503 1125 1439 1440 1503
          1125 1187 1439 1503 1439 1187
          1502 1503 1125 1126 1189 1441
          1188 1125 1189 1503 1189 1125
          1441 1503 1125 1440 1441 1503
          1441 1189 1503 1504 1126 1127
          1189 1441 1189 1127 1190 1505
          1127 1441 1442 1505 1127 1189
          1441 1505 1441 1189 1504 1505
          1127 1128 1191 1443 1190 1127
          1191 1505 1191 1127 1443 1505
          1127 1442 1443 1505 1443 1191
          1505 1506 1128 1129 1191 1443
          1191 1129 1192 1507 1129 1443
          1444 1507 1129 1191 1443 1507
          1443 1191 1506 1507 1129 1130
          1193 1445 1192 1129 1193 1507
          1193 1129 1445 1507 1129 1444
          1445 1507 1445 1193 1507 1508
          1130 1131 1193 1445 1193 1131
          1194 1509 1131 1445 1446 1509
          1131 1193 1445 1509 1445 1193
          1508 1509 1131 1132 1195 1447
          1194 1131 1195 1509 1195 1131
          1447 1509 1131 1446 1447 1509
          1447 1195 1509 1510 1132 1133
          1195 1447 1195 1133 1196 1511
          1133 1447 1448 1511 1133 1195
          1447 1511 1447 1195 1510 1511
          1134 1135 1197 1449 1197 1135
          1198 1513 1135 1449 1450 1513
          1135 1197 1449 1513 1449 1197
          1512 1513 1135 1136 1199 1451
          1198 1135 1199 1513 1199 1135
          1451 1513 1135 1450 1451 1513
          1451 1199 1513 1514 1136 1137
          1199 1451 1199 1137 1200 1515
          1137 1451 1452 1515 1137 1199
          1451 1515 1451 1199 1514 1515
          1137 1138 1201 1453 1200 1137
          1201 1515 1201 1137 1453 1515
          1137 1452 1453 1515 1453 1201
          1515 1516 1138 1139 1201 1453
          1201 1139 1202 1517 1139 1453
          1454 1517 1139 1201 1453 1517
          1453 1201 1516 1517 1139 1140
          1203 1455 1202 1139 1203 1517
          1203 1139 1455 1517 1139 1454
          1455 1517 1455 1203 1517 1518
          1140 1141 1203 1455 1203 1141
          1204 1519 1141 1455 1456 1519
          1141 1203 1455 1519 1455 1203
          1518 1519 1141 1142 1205 1457
          1204 1141 1205 1519 1205 1141
          1457 1519 1141 1456 1457 1519
          1457 1205 1519 1520 1142 1143
          1205 1457 1205 1143 1206 1521
          1143 1457 1458 1521 1143 1205
          1457 1521 1457 1205 1520 1521
          1143 1144 1207 1459 1206 1143
          1207 1521 1207 1143 1459 1521
          1143 1458 1459 1521 1459 1207
          1521 1522 1144 1145 1207 1459
          1207 1145 1208 1523 1145 1459
          1460 1523 1145 1207 1459 1523
          1459 1207 1522 1523 1145 1146
          1209 1461 1208 1145 1209 1523
          1209 1145 1461 1523 1145 1460
          1461 1523 1461 1209 1523 1524
          1146 1147 1209 1461 1209 1147
          1210 1525 1147 1461 1462 1525
          1147 1209 1461 1525 1461 1209
          1524 1525 1147 1148 1211 1463
          1210 1147 1211 1525 1211 1147
          1463 1525 1147 1462 1463 1525
          1463 1211 1525 1526 1148 1149
          1211 1463 1211 1149 1212 1527
          1149 1463 1464 1527 1149 1211
          1463 1527 1463 1211 1526 1527
          1149 1150 1213 1465 1212 1149
          1213 1527 1213 1149 1465 1527
          1149 1464 1465 1527 1465 1213
          1527 1528 1150 1151 1213 1465
          1213 1151 1214 1529 1151 1465
          1466 1529 1151 1213 1465 1529
          1465 1213 1528 1529 1151 1152
          1215 1467 1214 1151 1215 1529
          1215 1151 1467 1529 1151 1466
          1467 1529 1467 1215 1529 1530
          1152 1153 1215 1467 1215 1153
          1216 1531 1153 1467 1468 1531
          1153 1215 1467 1531 1467 1215
          1530 1531 1153 1154 1217 1469
          1216 1153 1217 1531 1217 1153
          1469 1531 1153 1468 1469 1531
          1469 1217 1531 1532 1154 1155
          1217 1469 1217 1155 1218 1533
          1155 1469 1470 1533 1155 1217
          1469 1533 1469 1217 1532 1533
          1155 1156 1219 1471 1218 1155
          1219 1533 1219 1155 1471 1533
          1155 1470 1471 1533 1471 1219
          1533 1534 1156 1157 1219 1471
          1219 1157 1220 1535 1157 1471
          1472 1535 1157 1219 1471 1535
          1471 1219 1534 1535 1157 1158
          1221 1473 1220 1157 1221 1535
          1221 1157 1473 1535 1157 1472
          1473 1535 1473 1221 1535 1536
          1158 1159 1221 1473 1221 1159
          1222 1537 1159 1473 1474 1537
          1159 1221 1473 1537 1473 1221
          1536 1537 1159 1160 1223 1475
          1222 1159 1223 1537 1223 1159
          1475 1537 1159 1474 1475 1537
          1475 1223 1537 1538 1160 1161
          1223 1475 1223 1161 1224 1539
          1161 1475 1476 1539 1161 1223
          1475 1539 1475 1223 1538 1539
          1161 1162 1225 1477 1224 1161
          1225 1539 1225 1161 1477 1539
          1161 1476 1477 1539 1477 1225
          1539 1540 1162 1163 1225 1477
          1225 1163 1226 1541 1163 1477
          1478 1541 1163 1225 1477 1541
          1477 1225 1540 1541 1163 1164
          1227 1479 1226 1163 1227 1541
          1227 1163 1479 1541 1163 1478
          1479 1541 1479 1227 1541 1542
          1164 1165 1227 1479 1227 1165
          1228 1543 1165 1479 1480 1543
          1165 1227 1479 1543 1479 1227
          1542 1543 1165 1166 1229 1481
          1228 1165 1229 1543 1229 1165
          1481 1543 1165 1480 1481 1543
          1481 1229 1543 1544 1166 1167
          1229 1481 1229 1167 1230 1545
          1167 1481 1482 1545 1167 1229
          1481 1545 1481 1229 1544 1545
          1167 1168 1231 1483 1230 1167
          1231 1545 1231 1167 1483 1545
          1167 1482 1483 1545 1483 1231
          1545 1546 1168 1169 1231 1483
          1231 1169 1232 1547 1169 1483
          1484 1547 1169 1231 1483 1547
          1483 1231 1546 1547 1169 1170
          1233 1485 1232 1169 1233 1547
          1233 1169 1485 1547 1169 1484
          1485 1547 1485 1233 1547 1548
          1170 1171 1233 1485 1233 1171
          1234 1549 1171 1485 1486 1549
          1171 1233 1485 1549 1485 1233
          1548 1549 1171 1172 1235 1487
          1234 1171 1235 1549 1235 1171
          1487 1549 1171 1486 1487 1549
          1487 1235 1549 1550 1172 1173
          1235 1487 1235 1173 1236 1551
          1173 1487 1488 1551 1173 1235
          1487 1551 1487 1235 1550 1551
          1173 1174 1237 1489 1236 1173
          1237 1551 1237 1173 1489 1551
          1173 1488 1489 1551 1489 1237
          1551 1552 1174 1175 1237 1489
          1237 1175 1238 1553 1175 1489
          1490 1553 1175 1237 1489 1553
          1489 1237 1552 1553 1175 1176
          1239 1491 1238 1175 1239 1553
          1239 1175 1491 1553 1175 1490
          1491 1553 1491 1239 1553 1554
          1176 1177 1239 1491 1239 1177
          1240 1555 1177 1491 1492 1555
          1177 1239 1491 1555 1491 1239
          1554 1555 1177 1178 1241 1493
          1240 1177 1241 1555 1241 1177
          1493 1555 1177 1492 1493 1555
          1493 1241 1555 1556 1178 1179
          1241 1493 1241 1179 1242 1557
          1179 1493 1494 1557 1179 1241
          1493 1557 1493 1241 1556 1557
          1179 1180 1243 1495 1242 1179
          1243 1557 1243 1179 1495 1557
          1179 1494 1495 1557 1495 1243
          1557 1558 1180 1181 1243 1495
          1243 1181 1244 1559 1181 1495
          1496 1559 1181 1243 1495 1559
          1495 1243 1558 1559 1181 1182
          1245 1497 1244 1181 1245 1559
          1245 1181 1497 1559 1181 1496
          1497 1559 1497 1245 1559 1560
          1182 1183 1245 1497 1245 1183
          1246 1561 1183 1497 1498 1561
          1183 1245 1497 1561 1497 1245
          1560 1561 1183 1184 1247 1499
          1246 1183 1247 1561 1247 1183
          1499 1561 1183 1498 1499 1561
          1499 1247 1561 1562 1184 1185
          1247 1499 1247 1185 1248 1563
          1185 1499 1500 1563 1185 1247
          1499 1563 1499 1247 1562 1563
          1185 1186 1249 1501 1248 1185
          1249 1563 1249 1185 1501 1563
          1185 1500 1501 1563 1501 1249
          1563 1564 1186 1187 1249 1501
          1249 1187 1250 1565 1187 1501
          1502 1565 1187 1249 1501 1565
          1501 1249 1564 1565 1187 1188
          1251 1503 1250 1187 1251 1565
          1251 1187 1503 1565 1187 1502
          1503 1565 1503 1251 1565 1566
          1188 1189 1251 1503 1251 1189
          1252 1567 1189 1503 1504 1567
          1189 1251 1503 1567 1503 1251
          1566 1567 1189 1190 1253 1505
          1252 1189 1253 1567 1253 1189
          1505 1567 1189 1504 1505 1567
          1505 1253 1567 1568 1190 1191
          1253 1505 1253 1191 1254 1569
          1191 1505 1506 1569 1191 1253
          1505 1569 1505 1253 1568 1569
          1191 1192 1255 1507 1254 1191
          1255 1569 1255 1191 1507 1569
          1191 1506 1507 1569 1507 1255
          1569 1570 1192 1193 1255 1507
          1255 1193 1256 1571 1193 1507
          1508 1571 1193 1255 1507 1571
          1507 1255 1570 1571 1193 1194
          1257 1509 1256 1193 1257 1571
          1257 1193 1509 1571 1193 1508
          1509 1571 1509 1257 1571 1572
          1194 1195 1257 1509 1257 1195
          1258 1573 1195 1509 1510 1573
          1195 1257 1509 1573 1509 1257
          1572 1573 1195 1196 1259 1511
          1258 1195 1259 1573 1259 1195
          1511 1573 1195 1510 1511 1573
          1511 1259 1573 1574
        </DataArray>
        <DataArray type="Int64" Name="offsets" format="ascii">
          4 8 12 16 20 24
          28 32 36 40 44 48
          52 56 60 64 68 72
          76 80 84 88 92 96
          100 104 108 112 116 120
          124 128 132 136 140 144
          148 152 156 160 164 168
          172 176 180 184 188 192
          196 200 204 208 212 216
          220 224 228 232 236 240
          244 248 252 256 260 264
          268 272 276 280 284 288
          292 296 300 304 308 312
          316 320 324 328 332 336
          340 344 348 352 356 360
          364 368 372 376 380 384
          388 392 396 400 404 408
          412 416 420 424 428 432
          436 440 444 448 452 456
          460 464 468 472 476 480
          484 488 492 496 500 504
          508 512 516 520 524 528
          532 536 540 544 548 552
          556 560 564 568 572 576
          580 584 588 592 596 600
          604 608 612 616 620 624
          628 632 636 640 644 648
          652 656 660 664 668 672
          676 680 684 688 692 696
          700 704 708 712 716 720
          724 728 732 736 740 744
          748 752 756 760 764 768
          772 776 780 784 788 792
          796 800 804 808 812 816
          820 824 828 832 836 840
          844 848 852 856 860 864
          868 872 876 880 884 888
          892 896 900 904 908 912
          916 920 924 928 932 936
          940 944 948 952 956 960
          964 968 972 976 980 984
          988 992 996 1000 1004 1008
          1012 1016 1020 1024 1028 1032
          1036 1040 1044 1048 1052 1056
          1060 1064 1068 1072 1076 1080
          1084 1088 1092 1096 1100 1104
          1108 1112 1116 1120 1124 1128
          1132 1136 1140 1144 1148 1152
          1156 1160 1164 1168 1172 1176
          1180 1184 1188 1192 1196 1200
          1204 1208 1212 1216 1220 1224
          1228 1232 1236 1240 1244 1248
          1252 1256 1260 1264 1268 1272
          1276 1280 1284 1288 1292 1296
          1300 1304 1308 1312 1316 1320
          1324 1328 1332 1336 1340 1344
          1348 1352 1356 1360 1364 1368
          1372 1376 1380 1384 1388 1392
          1396 1400 1404 1408 1412 1416
          1420 1424 1428 1432 1436 1440
          1444 1448 1452 1456 1460 1464
          1468 1472 1476 1480 1484 1488
          1492 1496 1500 1504 1508 1512
          1516 1520 1524 1528 1532 1536
          1540 1544 1548 1552 1556 1560
          1564 1568 1572 1576 1580 1584
          1588 1592 1596 1600 1604 1608
          1612 1616 1620 1624 1628 1632
          1636 1640 1644 1648 1652 1656
          1660 1664 1668 1672 1676 1680
          1684 1688 1692 1696 1700 1704
          1708 1712 1716 1720 1724 1728
          1732 1736 1740 1744 1748 1752
          1756 1760 1764 1768 1772 1776
          1780 1784 1788 1792 1796 1800
          1804 1808 1812 1816 1820 1824
          1828 1832 1836 1840 1844 1848
          1852 1856 1860 1864 1868 1872
          1876 1880 1884 1888 1892 1896
          1900 1904 1908 1912 1916 1920
          1924 1928 1932 1936 1940 1944
          1948 1952 1956 1960 1964 1968
          1972 1976 1980 1984 1988 1992
          1996 2000 2004 2008 2012 2016
          2020 2024 2028 2032 2036 2040
          2044 2048 2052 2056 2060 2064
          2068 2072 2076 2080 2084 2088
          2092 2096 2100 2104 2108 2112
          2116 2120 2124 2128 2132 2136
          2140 2144 2148 2152 2156 2160
          2164 2168 2172 2176 2180 2184
          2188 2192 2196 2200 2204 2208
          2212 2216 2220 2224 2228 2232
          2236 2240 2244 2248 2252 2256
          2260 2264 2268 2272 2276 2280
          2284 2288 2292 2296 2300 2304
          2308 2312 2316 2320 2324 2328
          2332 2336 2340 2344 2348 2352
          2356 2360 2364 2368 2372 2376
          2380 2384 2388 2392 2396 2400
          2404 2408 2412 2416 2420 2424
          2428 2432 2436 2440 2444 2448
          2452 2456 2460 2464 2468 2472
          2476 2480 2484 2488 2492 2496
          2500 2504 2508 2512 2516 2520
          2524 2528 2532 2536 2540 2544
          2548 2552 2556 2560 2564 2568
          2572 2576 2580 2584 2588 2592
          2596 2600 2604 2608 2612 2616
          2620 2624 2628 2632 2636 2640
          2644 2648 2652 2656 2660 2664
          2668 2672 2676 2680 2684 2688
          2692 2696 2700 2704 2708 2712
          2716 2720 2724 2728 2732 2736
          2740 2744 2748 2752 2756 2760
          2764 2768 2772 2776 2780 2784
          2788 2792 2796 2800 2804 2808
          2812 2816 2820 2824 2828 2832
          2836 2840 2844 2848 2852 2856
          2860 2864 2868 2872 2876 2880
          2884 2888 2892 2896 2900 2904
          2908 2912 2916 2920 2924 2928
          2932 2936 2940 2944 2948 2952
          2956 2960 2964 2968 2972 2976
          2980 2984 2988 2992 2996 3000
          3004 3008 3012 3016 3020 3024
          3028 3032 3036 3040 3044 3048
          3052 3056 3060 3064 3068 3072
          3076 3080 3084 3088 3092 3096
          3100 3104 3108 3112 3116 3120
          3124 3128 3132 3136 3140 3144
          3148 3152 3156 3160 3164 3168
          3172 3176 3180 3184 3188 3192
          3196 3200 3204 3208 3212 3216
          3220 3224 3228 3232 3236 3240
          3244 3248 3252 3256 3260 3264
          3268 3272 3276 3280 3284 3288
          3292 3296 3300 3304 3308 3312
          3316 3320 3324 3328 3332 3336
          3340 3344 3348 3352 3356 3360
          3364 3368 3372 3376 3380 3384
          3388 3392 3396 3400 3404 3408
          3412 3416 3420 3424 3428 3432
          3436 3440 3444 3448 3452 3456
          3460 3464 3468 3472 3476 3480
          3484 3488 3492 3496 3500 3504
          3508 3512 3516 3520 3524 3528
          3532 3536 3540 3544 3548 3552
          3556 3560 3564 3568 3572 3576
          3580 3584 3588 3592 3596 3600
          3604 3608 3612 3616 3620 3624
          3628 3632 3636 3640 3644 3648
          3652 3656 3660 3664 3668 3672
          3676 3680 3684 3688 3692 3696
          3700 3704 3708 3712 3716 3720
          3724 3728 3732 3736 3740 3744
          3748 3752 3756 3760 3764 3768
          3772 3776 3780 3784 3788 3792
          3796 3800 3804 3808 3812 3816
          3820 3824 3828 3832 3836 3840
          3844 3848 3852 3856 3860 3864
          3868 3872 3876 3880 3884 3888
          3892 3896 3900 3904 3908 3912
          3916 3920 3924 3928 3932 3936
          3940 3944 3948 3952 3956 3960
          3964 3968 3972 3976 3980 3984
          3988 3992 3996 4000 4004 4008
          4012 4016 4020 4024 4028 4032
          4036 4040 4044 4048 4052 4056
          4060 4064 4068 4072 4076 4080
          4084 4088 4092 4096 4100 4104
          4108 4112 4116 4120 4124 4128
          4132 4136 4140 4144 4148 4152
          4156 4160 4164 4168 4172 4176
          4180 4184 4188 4192 4196 4200
          4204 4208 4212 4216 4220 4224
          4228 4232 4236 4240 4244 4248
          4252 4256 4260 4264 4268 4272
          4276 4280 4284 4288 4292 4296
          4300 4304 4308 4312 4316 4320
          4324 4328 4332 4336 4340 4344
          4348 4352 4356 4360 4364 4368
          4372 4376 4380 4384 4388 4392
          4396 4400 4404 4408 4412 4416
          4420 4424 4428 4432 4436 4440
          4444 4448 4452 4456 4460 4464
          4468 4472 4476 4480 4484 4488
          4492 4496 4500 4504 4508 4512
          4516 4520 4524 4528 4532 4536
          4540 4544 4548 4552 4556 4560
          4564 4568 4572 4576 4580 4584
          4588 4592 4596 4600 4604 4608
          4612 4616 4620 4624 4628 4632
          4636 4640 4644 4648 4652 4656
          4660 4664 4668 4672 4676 4680
          4684 4688 4692 4696 4700 4704
          4708 4712 4716 4720 4724 4728
          4732 4736 4740 4744 4748 4752
          4756 4760 4764 4768 4772 4776
          4780 4784 4788 4792 4796 4800
          4804 4808 4812 4816 4820 4824
          4828 4832 4836 4840 4844 4848
          4852 4856 4860 4864 4868 4872
          4876 4880 4884 4888 4892 4896
          4900 4904 4908 4912 4916 4920
          4924 4928 4932 4936 4940 4944
          4948 4952 4956 4960 4964 4968
          4972 4976 4980 4984 4988 4992
          4996 5000 5004 5008 5012 5016
          5020 5024 5028 5032 5036 5040
          5044 5048 5052 5056 5060 5064
          5068 5072 5076 5080 5084 5088
          5092 5096 5100 5104 5108 5112
          5116 5120 5124 5128 5132 5136
          5140 5144 5148 5152 5156 5160
          5164 5168 5172 5176 5180 5184
          5188 5192 5196 5200 5204 5208
          5212 5216 5220 5224 5228 5232
          5236 5240 5244 5248 5252 5256
          5260 5264 5268 5272 5276 5280
          5284 5288 5292 5296 5300 5304
          5308 5312 5316 5320 5324 5328
          5332 5336 5340 5344 5348 5352
          5356 5360 5364 5368 5372 5376
          5380 5384 5388 5392 5396 5400
          5404 5408 5412 5416 5420 5424
          5428 5432 5436 5440 5444 5448
          5452 5456 5460 5464 5468 5472
          5476 5480 5484 5488 5492 5496
          5500 5504 5508 5512 5516 5520
          5524 5528 5532 5536 5540 5544
          5548 5552 5556 5560 5564 5568
          5572 5576 5580 5584 5588 5592
          5596 5600 5604 5608 5612 5616
          5620 5624 5628 5632 5636 5640
          5644 5648 5652 5656 5660 5664
          5668 5672 5676 5680 5684 5688
          5692 5696 5700 5704 5708 5712
          5716 5720 5724 5728 5732 5736
          5740 5744 5748 5752 5756 5760
          5764 5768 5772 5776 5780 5784
          5788 5792 5796 5800 5804 5808
          5812 5816 5820 5824 5828 5832
          5836 5840 5844 5848 5852 5856
          5860 5864 5868 5872 5876 5880
          5884 5888 5892 5896 5900 5904
          5908 5912 5916 5920 5924 5928
          5932 5936 5940 5944 5948 5952
          5956 5960 5964 5968 5972 5976
          5980 5984 5988 5992 5996 6000
          6004 6008 6012 6016 6020 6024
          6028 6032 6036 6040 6044 6048
          6052 6056 6060 6064 6068 6072
          6076 6080 6084 6088 6092 6096
          6100 6104 6108 6112 6116 6120
          6124 6128 6132 6136 6140 6144
          6148 6152 6156 6160 6164 6168
          6172 6176 6180 6184 6188 6192
          6196 6200 6204 6208 6212 6216
          6220 6224 6228 6232 6236 6240
          6244 6248 6252 6256 6260 6264
          6268 6272 6276 6280 6284 6288
          6292 6296 6300 6304 6308 6312
          6316 6320 6324 6328 6332 6336
          6340 6344 6348 6352 6356 6360
          6364 6368 6372 6376 6380 6384
          6388 6392 6396 6400 6404 6408
          6412 6416 6420 6424 6428 6432
          6436 6440 6444 6448 6452 6456
          6460 6464 6468 6472 6476 6480
          6484 6488 6492 6496 6500 6504
          6508 6512 6516 6520 6524 6528
          6532 6536 6540 6544 6548 6552
          6556 6560 6564 6568 6572 6576
          6580 6584 6588 6592 6596 6600
          6604 6608 6612 6616 6620 6624
          6628 6632 6636 6640 6644 6648
          6652 6656 6660 6664 6668 6672
          6676 6680 6684 6688 6692 6696
          6700 6704 6708 6712 6716 6720
          6724 6728 6732 6736 6740 6744
          6748 6752 6756 6760 6764 6768
          6772 6776 6780 6784 6788 6792
          6796 6800 6804 6808 6812 6816
          6820 6824 6828 6832 6836 6840
          6844 6848 6852 6856 6860 6864
          6868 6872 6876 6880 6884 6888
          6892 6896 6900 6904 6908 6912
          6916 6920 6924 6928 6932 6936
          6940 6944 6948 6952 6956 6960
          6964 6968 6972 6976 6980 6984
          6988 6992 6996 7000 7004 7008
          7012 7016 7020 7024 7028 7032
          7036 7040 7044 7048 7052 7056
          7060 7064 7068 7072 7076 7080
          7084 7088 7092 7096 7100 7104
          7108 7112 7116 7120 7124 7128
          7132 7136 7140 7144 7148 7152
          7156 7160 7164 7168 7172 7176
          7180 7184 7188 7192 7196 7200
          7204 7208 7212 7216 7220 7224
          7228 7232 7236 7240 7244 7248
          7252 7256 7260 7264 7268 7272
          7276 7280 7284 7288 7292 7296
          7300 7304 7308 7312 7316 7320
          7324 7328 7332 7336 7340 7344
          7348 7352 7356 7360 7364 7368
          7372 7376 7380 7384 7388 7392
          7396 7400 7404 7408 7412 7416
          7420 7424 7428 7432 7436 7440
          7444 7448 7452 7456 7460 7464
          7468 7472 7476 7480 7484 7488
          7492 7496 7500 7504 7508 7512
          7516 7520 7524 7528 7532 7536
          7540 7544 7548 7552 7556 7560
          7564 7568 7572 7576 7580 7584
          7588 7592 7596 7600 7604 7608
          7612 7616 7620 7624 7628 7632
          7636 7640 7644 7648 7652 7656
          7660 7664 7668 7672 7676 7680
          7684 7688 7692 7696 7700 7704
          7708 7712 7716 7720 7724 7728
          7732 7736 7740 7744 7748 7752
          7756 7760 7764 7768 7772 7776
          7780 7784 7788 7792 7796 7800
          7804 7808 7812 7816 7820 7824
          7828 7832 7836 7840 7844 7848
          7852 7856 7860 7864 7868 7872
          7876 7880 7884 7888 7892 7896
          7900 7904 7908 7912 7916 7920
          7924 7928 7932 7936 7940 7944
          7948 7952 7956 7960 7964 7968
          7972 7976 7980 7984 7988 7992
          7996 8000 8004 8008 8012 8016
          8020 8024 8028 8032 8036 8040
          8044 8048 8052 8056 8060 8064
          8068 8072 8076 8080 8084 8088
          8092 8096 8100 8104 8108 8112
          8116 8120 8124 8128 8132 8136
          8140 8144 8148 8152 8156 8160
          8164 8168 8172 8176 8180 8184
          8188 8192 8196 8200 8204 8208
          8212 8216 8220 8224 8228 8232
          8236 8240 8244 8248 8252 8256
          8260 8264 8268 8272 8276 8280
          8284 8288 8292 8296 8300 8304
          8308 8312 8316 8320 8324 8328
          8332 8336 8340 8344 8348 8352
          8356 8360 8364 8368 8372 8376
          8380 8384 8388 8392 8396 8400
          8404 8408 8412 8416 8420 8424
          8428 8432 8436 8440 8444 8448
          8452 8456 8460 8464 8468 8472
          8476 8480 8484 8488 8492 8496
          8500 8504 8508 8512 8516 8520
          8524 8528 8532 8536 8540 8544
          8548 8552 8556 8560 8564 8568
          8572 8576 8580 8584 8588 8592
          8596 8600 8604 8608 8612 8616
          8620 8624 8628 8632 8636 8640
          8644 8648 8652 8656 8660 8664
          8668 8672 8676 8680 8684 8688
          8692 8696 8700 8704 8708 8712
          8716 8720 8724 8728 8732 8736
          8740 8744 8748 8752 8756 8760
          8764 8768 8772 8776 8780 8784
          8788 8792 8796 8800 8804 8808
          8812 8816 8820 8824 8828 8832
          8836 8840 8844 8848 8852 8856
          8860 8864 8868 8872 8876 8880
          8884 8888 8892 8896 8900 8904
          8908 8912 8916 8920 8924 8928
          8932 8936 8940 8944 8948 8952
          8956 8960 8964 8968 8972 8976
          8980 8984 8988 8992 8996 9000
          9004 9008 9012 9016 9020 9024
          9028 9032 9036 9040 9044 9048
          9052 9056 9060 9064 9068 9072
          9076 9080 9084 9088 9092 9096
          9100 9104 9108 9112 9116 9120
          9124 9128 9132 9136 9140 9144
          9148 9152 9156 9160 9164 9168
          9172 9176 9180 9184 9188 9192
          9196 9200 9204 9208 9212 9216
          9220 9224 9228 9232 9236 9240
          9244 9248 9252 9256 9260 9264
          9268 9272 9276 9280 9284 9288
          9292 9296 9300 9304 9308 9312
          9316 9320 9324 9328 9332 9336
          9340 9344 9348 9352 9356 9360
          9364 9368 9372 9376 9380 9384
          9388 9392 9396 9400 9404 9408
          9412 9416 9420 9424 9428 9432
          9436 9440 9444 9448 9452 9456
          9460 9464 9468 9472 9476 9480
          9484 9488 9492 9496 9500 9504
          9508 9512 9516 9520 9524 9528
          9532 9536 9540 9544 9548 9552
          9556 9560 9564 9568 9572 9576
          9580 9584 9588 9592 9596 9600
          9604 9608 9612 9616 9620 9624
          9628 9632 9636 9640 9644 9648
          9652 9656 9660 9664 9668 9672
          9676 9680 9684 9688 9692 9696
          9700 9704 9708 9712 9716 9720
          9724 9728 9732 9736 9740 9744
          9748 9752 9756 9760 9764 9768
          9772 9776 9780 9784 9788 9792
          9796 9800 9804 9808 9812 9816
          9820 9824 9828 9832 9836 9840
          9844 9848 9852 9856 9860 9864
          9868 9872 9876 9880 9884 9888
          9892 9896 9900 9904 9908 9912
          9916 9920 9924 9928 9932 9936
          9940 9944 9948 9952 9956 9960
          9964 9968 9972 9976 9980 9984
          9988 9992 9996 10000 10004 10008
          10012 10016 10020 10024 10028 10032
          10036 10040 10044 10048 10052 10056
          10060 10064 10068 10072 10076 10080
          10084 10088 10092 10096 10100 10104
          10108 10112 10116 10120 10124 10128
          10132 10136 10140 10144 10148 10152
          10156 10160 10164 10168 10172 10176
          10180 10184 10188 10192 10196 10200
          10204 10208 10212 10216 10220 10224
          10228 10232 10236 10240 10244 10248
          10252 10256 10260 10264 10268 10272
          10276 10280 10284 10288 10292 10296
          10300 10304 10308 10312 10316 10320
          10324 10328 10332 10336 10340 10344
          10348 10352 10356 10360 10364 10368
          10372 10376 10380 10384 10388 10392
          10396 10400 10404 10408 10412 10416
          10420 10424 10428 10432 10436 10440
          10444 10448 10452 10456 10460 10464
          10468 10472 10476 10480 10484 10488
          10492 10496 10500 10504 10508 10512
          10516 10520 10524 10528 10532 10536
          10540 10544 10548 10552 10556 10560
          10564 10568 10572 10576 10580 10584
          10588 10592 10596 10600 10604 10608
          10612 10616 10620 10624 10628 10632
          10636 10640 10644 10648 10652 10656
          10660 10664 10668 10672 10676 10680
          10684 10688 10692 10696 10700 10704
          10708 10712 10716 10720 10724 10728
          10732 10736 10740 10744 10748 10752
          10756 10760 10764 10768 10772 10776
          10780 10784 10788 10792 10796 10800
          10804 10808 10812 10816 10820 10824
          10828 10832 10836 10840 10844 10848
          10852 10856 10860 10864 10868 10872
          10876 10880 10884 10888 10892 10896
          10900 10904 10908 10912 10916 10920
          10924 10928 10932 10936 10940 10944
          10948 10952 10956 10960 10964 10968
          10972 10976 10980 10984 10988 10992
          10996 11000 11004 11008 11012 11016
          11020 11024 11028 11032 11036 11040
          11044 11048 11052 11056 11060 11064
          11068 11072 11076 11080 11084 11088
          11092 11096 11100 11104 11108 11112
          11116 11120 11124 11128 11132 11136
          11140 11144 11148 11152 11156 11160
          11164 11168 11172 11176 11180 11184
          11188 11192 11196 11200 11204 11208
          11212 11216 11220 11224 11228 11232
          11236 11240 11244 11248 11252 11256
          11260 11264 11268 11272 11276 11280
          11284 11288 11292 11296 11300 11304
          11308 11312 11316 11320 11324 11328
          11332 11336 11340 11344 11348 11352
          11356 11360 11364 11368 11372 11376
          11380 11384 11388 11392 11396 11400
          11404 11408 11412 11416 11420 11424
          11428 11432 11436 11440 11444 11448
          11452 11456 11460 11464 11468 11472
          11476 11480 11484 11488 11492 11496
          11500 11504 11508 11512 11516 11520
          11524 11528 11532 11536 11540 11544
          11548 11552 11556 11560 11564 11568
          11572 11576 11580 11584 11588 11592
          11596 11600 11604 11608 11612 11616
          11620 11624 11628 11632 11636 11640
          11644 11648 11652 11656 11660 11664
          11668 11672 11676 11680 11684 11688
          11692 11696 11700 11704 11708 11712
          11716 11720 11724 11728 11732 11736
          11740 11744 11748 11752 11756 11760
          11764 11768 11772 11776 11780 11784
          11788 11792 11796 11800 11804 11808
          11812 11816 11820 11824 11828 11832
          11836 11840 11844 11848 11852 11856
          11860 11864 11868 11872 11876 11880
          11884 11888 11892 11896 11900 11904
          11908 11912 11916 11920 11924 11928
          11932 11936 11940 11944 11948 11952
          11956 11960 11964 11968 11972 11976
          11980 11984 11988 11992 11996 12000
          12004 12008 12012 12016 12020 12024
          12028 12032 12036 12040 12044 12048
          12052 12056 12060 12064 12068 12072
          12076 12080 12084 12088 12092 12096
          12100 12104 12108 12112 12116 12120
          12124 12128 12132 12136 12140 12144
          12148 12152 12156 12160 12164 12168
          12172 12176 12180 12184 12188 12192
          12196 12200 12204 12208 12212 12216
          12220 12224 12228 12232 12236 12240
          12244 12248 12252 12256 12260 12264
          12268 12272 12276 12280 12284 12288
          12292 12296 12300 12304 12308 12312
          12316 12320 12324 12328 12332 12336
          12340 12344 12348 12352 12356 12360
          12364 12368 12372 12376 12380 12384
          12388 12392 12396 12400 12404 12408
          12412 12416 12420 12424 12428 12432
          12436 12440 12444 12448 12452 12456
          12460 12464 12468 12472 12476 12480
          12484 12488 12492 12496 12500 12504
          12508 12512 12516 12520 12524 12528
          12532 12536 12540 12544 12548 12552
          12556 12560 12564 12568 12572 12576
          12580 12584 12588 12592 12596 12600
          12604 12608 12612 12616 12620 12624
          12628 12632 12636 12640 12644 12648
          12652 12656 12660 12664 12668 12672
          12676 12680 12684 12688 12692 12696
          12700 12704 12708 12712 12716 12720
          12724 12728 12732 12736 12740 12744
          12748 12752 12756 12760 12764 12768
          12772 12776 12780 12784 12788 12792
          12796 12800 12804 12808 12812 12816
          12820 12824 12828 12832 12836 12840
          12844 12848 12852 12856 12860 12864
          12868 12872 12876 12880 12884 12888
          12892 12896 12900 12904 12908 12912
          12916 12920 12924 12928 12932 12936
          12940 12944 12948 12952 12956 12960
          12964 12968 12972 12976 12980 12984
          12988 12992 12996 13000 13004 13008
          13012 13016 13020 13024 13028 13032
          13036 13040 13044 13048 13052 13056
          13060 13064 13068 13072 13076 13080
          13084 13088 13092 13096 13100 13104
          13108 13112 13116 13120 13124 13128
          13132 13136 13140 13144 13148 13152
          13156 13160 13164 13168 13172 13176
          13180 13184 13188 13192 13196 13200
          13204 13208 13212 13216 13220 13224
          13228 13232 13236 13240 13244 13248
          13252 13256 13260 13264 13268 13272
          13276 13280 13284 13288 13292 13296
          13300 13304 13308 13312 13316 13320
          13324 13328 13332 13336 13340 13344
          13348 13352 13356 13360 13364 13368
          13372 13376 13380 13384 13388 13392
          13396 13400 13404 13408 13412 13416
          13420 13424 13428 13432 13436 13440
          13444 13448 13452 13456 13460 13464
          13468 13472 13476 13480 13484 13488
          13492 13496 13500 13504 13508 13512
          13516 13520 13524 13528 13532 13536
          13540 13544 13548 13552 13556 13560
          13564 13568 13572 13576 13580 13584
          13588 13592 13596 13600 13604 13608
          13612 13616 13620 13624 13628 13632
          13636 13640 13644 13648 13652 13656
          13660 13664 13668 13672 13676 13680
          13684 13688 13692 13696 13700 13704
          13708 13712 13716 13720 13724 13728
          13732 13736 13740 13744 13748 13752
          13756 13760 13764 13768 13772 13776
          13780 13784 13788 13792 13796 13800
          13804 13808 13812 13816 13820 13824
          13828 13832 13836 13840 13844 13848
          13852 13856 13860 13864 13868 13872
          13876 13880 13884 13888 13892 13896
          13900 13904 13908 13912 13916 13920
          13924 13928 13932 13936 13940 13944
          13948 13952 13956 13960 13964 13968
          13972 13976 13980 13984 13988 13992
          13996 14000 14004 14008 14012 14016
          14020 14024 14028 14032 14036 14040
          14044 14048 14052 14056 14060 14064
          14068 14072 14076 14080 14084 14088
          14092 14096 14100 14104 14108 14112
          14116 14120 14124 14128 14132 14136
          14140 14144 14148 14152 14156 14160
          14164 14168 14172 14176 14180 14184
          14188 14192 14196 14200 14204 14208
          14212 14216 14220 14224 14228 14232
          14236 14240 14244 14248 14252 14256
          14260 14264 14268 14272 14276 14280
          14284 14288 14292 14296 14300 14304
          14308 14312 14316 14320 14324 14328
          14332 14336 14340 14344 14348 14352
          14356 14360 14364 14368 14372 14376
          14380 14384 14388 14392 14396 14400
          14404 14408 14412 14416 14420 14424
          14428 14432 14436 14440 14444 14448
          14452 14456 14460 14464 14468 14472
          14476 14480 14484 14488 14492 14496
          14500 14504 14508 14512 14516 14520
          14524 14528 14532 14536 14540 14544
          14548 14552 14556 14560 14564 14568
          14572 14576 14580 14584 14588 14592
          14596 14600 14604 14608 14612 14616
          14620 14624 14628 14632 14636 14640
          14644 14648 14652 14656 14660 14664
          14668 14672 14676 14680 14684 14688
          14692 14696 14700 14704 14708 14712
          14716 14720 14724 14728 14732 14736
          14740 14744 14748 14752 14756 14760
          14764 14768 14772 14776 14780 14784
          14788 14792 14796 14800 14804 14808
          14812 14816 14820 14824 14828 14832
          14836 14840 14844 14848 14852 14856
          14860 14864 14868 14872 14876 14880
          14884 14888 14892 14896 14900 14904
          14908 14912 14916 14920 14924 14928
          14932 14936 14940 14944 14948 14952
          14956 14960 14964 14968 14972 14976
          14980 14984 14988 14992 14996 15000
          15004 15008 15012 15016 15020 15024
          15028 15032 15036 15040 15044 15048
          15052 15056 15060 15064 15068 15072
          15076 15080 15084 15088 15092 15096
          15100 15104 15108 15112 15116 15120
          15124 15128 15132 15136 15140 15144
          15148 15152 15156 15160 15164 15168
          15172 15176 15180 15184 15188 15192
          15196 15200 15204 15208 15212 15216
          15220 15224 15228 15232 15236 15240
          15244 15248 15252 15256 15260 15264
          15268 15272 15276 15280 15284 15288
          15292 15296 15300 15304 15308 15312
          15316 15320 15324 15328 15332 15336
          15340 15344 15348 15352 15356 15360
          15364 15368 15372 15376 15380 15384
          15388 15392 15396 15400 15404 15408
          15412 15416 15420 15424 15428 15432
          15436 15440 15444 15448 15452 15456
          15460 15464 15468 15472 15476 15480
          15484 15488 15492 15496 15500 15504
          15508 15512 15516 15520 15524 15528
          15532 15536 15540 15544 15548 15552
          15556 15560 15564 15568 15572 15576
          15580 15584 15588 15592 15596 15600
          15604 15608 15612 15616 15620 15624
          15628 15632 15636 15640 15644 15648
          15652 15656 15660 15664 15668 15672
          15676 15680 15684 15688 15692 15696
          15700 15704 15708 15712 15716 15720
          15724 15728 15732 15736 15740 15744
          15748 15752 15756 15760 15764 15768
          15772 15776 15780 15784 15788 15792
          15796 15800 15804 15808 15812 15816
          15820 15824 15828 15832 15836 15840
          15844 15848 15852 15856 15860 15864
          15868 15872 15876 15880 15884 15888
          15892 15896 15900 15904 15908 15912
          15916 15920 15924 15928 15932 15936
          15940 15944 15948 15952 15956 15960
          15964 15968 15972 15976 15980 15984
          15988 15992 15996 16000 16004 16008
          16012 16016 16020 16024 16028 16032
          16036 16040 16044 16048 16052 16056
          16060 16064 16068 16072 16076 16080
          16084 16088 16092 16096 16100 16104
          16108 16112 16116 16120 16124 16128
          16132 16136 16140 16144 16148 16152
          16156 16160 16164 16168 16172 16176
          16180 16184 16188 16192 16196 16200
          16204 16208 16212 16216 16220 16224
          16228 16232 16236 16240 16244 16248
          16252 16256 16260 16264 16268 16272
          16276 16280 16284 16288 16292 16296
          16300 16304 16308 16312 16316 16320
          16324 16328 16332 16336 16340 16344
          16348 16352 16356 16360 16364 16368
          16372 16376 16380 16384 16388 16392
          16396 16400 16404 16408 16412 16416
          16420 16424 16428 16432 16436 16440
          16444 16448 16452 16456 16460 16464
          16468 16472 16476 16480 16484 16488
          16492 16496 16500 16504 16508 16512
          16516 16520 16524 16528 16532 16536
          16540 16544 16548 16552 16556 16560
          16564 16568 16572 16576 16580 16584
          16588 16592 16596 16600 16604 16608
          16612 16616 16620 16624 16628 16632
          16636 16640 16644 16648 16652 16656
          16660 16664 16668 16672 16676 16680
          16684 16688 16692 16696 16700 16704
          16708 16712 16716 16720 16724 16728
          16732 16736 16740 16744 16748 16752
          16756 16760 16764 16768 16772 16776
          16780 16784 16788 16792 16796 16800
          16804 16808 16812 16816 16820 16824
          16828 16832 16836 16840 16844 16848
          16852 16856 16860 16864 16868 16872
          16876 16880 16884 16888 16892 16896
          16900 16904 16908 16912 16916 16920
          16924 16928 16932 16936 16940 16944
          16948 16952 16956 16960 16964 16968
          16972 16976 16980 16984 16988 16992
          16996 17000 17004 17008 17012 17016
          17020 17024 17028 17032 17036 17040
          17044 17048 17052 17056 17060 17064
          17068 17072 17076 17080 17084 17088
          17092 17096 17100 17104 17108 17112
          17116 17120 17124 17128 17132 17136
          17140 17144 17148 17152 17156 17160
          17164 17168 17172 17176 17180 17184
          17188 17192 17196 17200 17204 17208
          17212 17216 17220 17224 17228 17232
          17236 17240 17244 17248 17252 17256
          17260 17264 17268 17272 17276 17280
          17284 17288 17292 17296 17300 17304
          17308 17312 17316 17320 17324 17328
          17332 17336 17340 17344 17348 17352
          17356 17360 17364 17368 17372 17376
          17380 17384 17388 17392 17396 17400
          17404 17408 17412 17416 17420 17424
          17428 17432 17436 17440 17444 17448
          17452 17456 17460 17464 17468 17472
          17476 17480 17484 17488 17492 17496
          17500 17504 17508 17512 17516 17520
          17524 17528 17532 17536 17540 17544
          17548 17552 17556 17560 17564 17568
          17572 17576 17580 17584 17588 17592
          17596 17600 17604 17608 17612 17616
          17620 17624 17628 17632 17636 17640
          17644 17648 17652 17656 17660 17664
          17668 17672 17676 17680 17684 17688
          17692 17696 17700 17704 17708 17712
          17716 17720 17724 17728 17732 17736
          17740 17744 17748 17752 17756 17760
          17764 17768 17772 17776 17780 17784
          17788 17792 17796 17800 17804 17808
          17812 17816 17820 17824 17828 17832
          17836 17840 17844 17848 17852 17856
          17860 17864 17868 17872 17876 17880
          17884 17888 17892 17896 17900 17904
          17908 17912 17916 17920 17924 17928
          17932 17936 17940 17944 17948 17952
          17956 17960 17964 17968 17972 17976
          17980 17984 17988 17992 17996 18000
          18004 18008 18012 18016 18020 18024
          18028 18032 18036 18040 18044 18048
          18052 18056 18060 18064 18068 18072
          18076 18080 18084 18088 18092 18096
          18100 18104 18108 18112 18116 18120
          18124 18128 18132 18136 18140 18144
          18148 18152 18156 18160 18164 18168
          18172 18176 18180 18184 18188 18192
          18196 18200 18204 18208 18212 18216
          18220 18224 18228 18232 18236 18240
          18244 18248 18252 18256 18260 18264
          18268 18272 18276 18280 18284 18288
          18292 18296 18300 18304 18308 18312
          18316 18320 18324 18328 18332 18336
          18340 18344 18348 18352 18356 18360
          18364 18368 18372 18376 18380 18384
          18388 18392 18396 18400 18404 18408
          18412 18416 18420 18424 18428 18432
          18436 18440 18444 18448 18452 18456
          18460 18464 18468 18472 18476 18480
          18484 18488 18492 18496 18500 18504
          18508 18512 18516 18520 18524 18528
          18532 18536 18540 18544 18548 18552
          18556 18560 18564 18568 18572 18576
          18580 18584 18588 18592 18596 18600
          18604 18608 18612 18616 18620 18624
          18628 18632 18636 18640 18644 18648
          18652 18656 18660 18664 18668 18672
          18676 18680 18684 18688 18692 18696
          18700 18704 18708 18712 18716 18720
          18724 18728 18732 18736 18740 18744
          18748 18752 18756 18760 18764 18768
          18772 18776 18780 18784 18788 18792
          18796 18800 18804 18808 18812 18816
          18820 18824 18828 18832 18836 18840
          18844 18848 18852 18856 18860 18864
          18868 18872 18876 18880 18884 18888
          18892 18896 18900 18904 18908 18912
          18916 18920 18924 18928 18932 18936
          18940 18944 18948 18952 18956 18960
          18964 18968 18972 18976 18980 18984
          18988 18992 18996 19000 19004 19008
          19012 19016 19020 19024 19028 19032
          19036 19040 19044 19048 19052 19056
          19060 19064 19068 19072 19076 19080
          19084 19088 19092 19096 19100 19104
          19108 19112 19116 19120 19124 19128
          19132 19136 19140 19144 19148 19152
          19156 19160 19164 19168 19172 19176
          19180 19184 19188 19192 19196 19200
          19204 19208 19212 19216 19220 19224
          19228 19232 19236 19240 19244 19248
          19252 19256 19260 19264 19268 19272
          19276 19280 19284 19288 19292 19296
          19300 19304 19308 19312 19316 19320
          19324 19328 19332 19336 19340 19344
          19348 19352 19356 19360 19364 19368
          19372 19376 19380 19384 19388 19392
          19396 19400 19404 19408 19412 19416
          19420 19424 19428 19432 19436 19440
          19444 19448 19452 19456 19460 19464
          19468 19472 19476 19480 19484 19488
          19492 19496 19500 19504 19508 19512
          19516 19520 19524 19528 19532 19536
          19540 19544 19548 19552 19556 19560
          19564 19568 19572 19576 19580 19584
          19588 19592 19596 19600 19604 19608
          19612 19616 19620 19624 19628 19632
          19636 19640 19644 19648 19652 19656
          19660 19664 19668 19672 19676 19680
          19684 19688 19692 19696 19700 19704
          19708 19712 19716 19720 19724 19728
          19732 19736 19740 19744 19748 19752
          19756 19760 19764 19768 19772 19776
          19780 19784 19788 19792 19796 19800
          19804 19808 19812 19816 19820 19824
          19828 19832 19836 19840
        </DataArray>
        <DataArray type="UInt8" Name="types" format="ascii">
          10 10 10 10 10 10
          10 10 10 10 10 10
          10 10 10 10 10 10
          10 10 10 10 10 10
          10 10 10 10 10 10
          10 10 10 10 10 10
          10 10 10 10 10 10
          10 10 10 10 10 10
          10 10 10 10 10 10
          10 10 10 10 10 10
          10 10 10 10 10 10
          10 10 10 10 10 10
          10 10 10 10 10 10
          10 10 10 10 10 10
          10 10 10 10 10 10
          10 10 10 10 10 10
          10 10 10 10 10 10
          10 10 10 10 10 10
          10 10 10 10 10 10
          10 10 10 10 10 10
          10 10 10 10 10 10
          10 10 10 10 10 10
          10 10 10 10 10 10
          10 10 10 10 10 10
          10 10 10 10 10 10
          10 10 10 10 10 10
          10 10 10 10 10 10
          10 10 10 10 10 10
          10 10 10 10 10 10
          10 10 10 10 10 10
          10 10 10 10 10 10
          10 10 10 10 10 10
          10 10 10 10 10 10
          10 10 10 10 10 10
          10 10 10 10 10 10
          10 10 10 10 10 10
          10 10 10 10 10 10
          10 10 10 10 10 10
          10 10 10 10 10 10
          10 10 10 10 10 10
          10 10 10 10 10 10
          10 10 10 10 10 10
          10 10 10 10 10 10
          10 10 10 10 10 10
          10 10 10 10 10 10
          10 10 10 10 10 10
          10 10 10 10 10 10
          10 10 10 10 10 10
          10 10 10 10 10 10
          10 10 10 10 10 10
          10 10 10 10 10 10
          10 10 10 10 10 10
          10 10 10 10 10 10
          10 10 10 10 10 10
          10 10 10 10 10 10
          10 10 10 10 10 10
          10 10 10 10 10 10
          10 10 10 10 10 10
          10 10 10 10 10 10
          10 10 10 10 10 10
          10 10 10 10 10 10
          10 10 10 10 10 10
          10 10 10 10 10 10
          10 10 10 10 10 10
          10 10 10 10 10 10
          10 10 10 10 10 10
          10 10 10 10 10 10
          10 10 10 10 10 10
          10 10 10 10 10 10
          10 10 10 10 10 10
          10 10 10 10 10 10
          10 10 10 10 10 10
          10 10 10 10 10 10
          10 10 10 10 10 10
          10 10 10 10 10 10
          10 10 10 10 10 10
          10 10 10 10 10 10
          10 10 10 10 10 10
          10 10 10 10 10 10
          10 10 10 10 10 10
          10 10 10 10 10 10
          10 10 10 10 10 10
          10 10 10 10 10 10
          10 10 10 10 10 10
          10 10 10 10 10 10
          10 10 10 10 10 10
          10 10 10 10 10 10
          10 10 10 10 10 10
          10 10 10 10 10 10
          10 10 10 10 10 10
          10 10 10 10 10 10
          10 10 10 10 10 10
          10 10 10 10 10 10
          10 10 10 10 10 10
          10 10 10 10 10 10
          10 10 10 10 10 10
          10 10 10 10 10 10
          10 10 10 10 10 10
          10 10 10 10 10 10
          10 10 10 10 10 10
          10 10 10 10 10 10
          10 10 10 10 10 10
          10 10 10 10 10 10
          10 10 10 10 10 10
          10 10 10 10 10 10
          10 10 10 10 10 10
          10 10 10 10 10 10
          10 10 10 10 10 10
          10 10 10 10 10 10
          10 10 10 10 10 10
          10 10 10 10 10 10
          10 10 10 10 10 10
          10 10 10 10 10 10
          10 10 10 10 10 10
          10 10 10 10 10 10
          10 10 10 10 10 10
          10 10 10 10 10 10
          10 10 10 10 10 10
          10 10 10 10 10 10
          10 10 10 10 10 10
          10 10 10 10 10 10
          10 10 10 10 10 10
          10 10 10 10 10 10
          10 10 10 10 10 10
          10 10 10 10 10 10
          10 10 10 10 10 10
          10 10 10 10 10 10
          10 10 10 10 10 10
          10 10 10 10 10 10
          10 10 10 10 10 10
          10 10 10 10 10 10
          10 10 10 10 10 10
          10 10 10 10 10 10
          10 10 10 10 10 10
          10 10 10 10 10 10
          10 10 10 10 10 10
          10 10 10 10 10 10
          10 10 10 10 10 10
          10 10 10 10 10 10
          10 10 10 10 10 10
          10 10 10 10 10 10
          10 10 10 10 10 10
          10 10 10 10 10 10
          10 10 10 10 10 10
          10 10 10 10 10 10
          10 10 10 10 10 10
          10 10 10 10 10 10
          10 10 10 10 10 10
          10 10 10 10 10 10
          10 10 10 10 10 10
          10 10 10 10 10 10
          10 10 10 10 10 10
          10 10 10 10 10 10
          10 10 10 10 10 10
          10 10 10 10 10 10
          10 10 10 10 10 10
          10 10 10 10 10 10
          10 10 10 10 10 10
          10 10 10 10 10 10
          10 10 10 10 10 10
          10 10 10 10 10 10
          10 10 10 10 10 10
          10 10 10 10 10 10
          10 10 10 10 10 10
          10 10 10 10 10 10
          10 10 10 10 10 10
          10 10 10 10 10 10
          10 10 10 10 10 10
          10 10 10 10 10 10
          10 10 10 10 10 10
          10 10 10 10 10 10
          10 10 10 10 10 10
          10 10 10 10 10 10
          10 10 10 10 10 10
          10 10 10 10 10 10
          10 10 10 10 10 10
          10 10 10 10 10 10
          10 10 10 10 10 10
          10 10 10 10 10 10
          10 10 10 10 10 10
          10 10 10 10 10 10
          10 10 10 10 10 10
          10 10 10 10 10 10
          10 10 10 10 10 10
          10 10 10 10 10 10
          10 10 10 10 10 10
          10 10 10 10 10 10
          10 10 10 10 10 10
          10 10 10 10 10 10
          10 10 10 10 10 10
          10 10 10 10 10 10
          10 10 10 10 10 10
          10 10 10 10 10 10
          10 10 10 10 10 10
          10 10 10 10 10 10
          10 10 10 10 10 10
          10 10 10 10 10 10
          10 10 10 10 10 10
          10 10 10 10 10 10
          10 10 10 10 10 10
          10 10 10 10 10 10
          10 10 10 10 10 10
          10 10 10 10 10 10
          10 10 10 10 10 10
          10 10 10 10 10 10
          10 10 10 10 10 10
          10 10 10 10 10 10
          10 10 10 10 10 10
          10 10 10 10 10 10
          10 10 10 10 10 10
          10 10 10 10 10 10
          10 10 10 10 10 10
          10 10 10 10 10 10
          10 10 10 10 10 10
          10 10 10 10 10 10
          10 10 10 10 10 10
          10 10 10 10 10 10
          10 10 10 10 10 10
          10 10 10 10 10 10
          10 10 10 10 10 10
          10 10 10 10 10 10
          10 10 10 10 10 10
          10 10 10 10 10 10
          10 10 10 10 10 10
          10 10 10 10 10 10
          10 10 10 10 10 10
          10 10 10 10 10 10
          10 10 10 10 10 10
          10 10 10 10 10 10
          10 10 10 10 10 10
          10 10 10 10 10 10
          10 10 10 10 10 10
          10 10 10 10 10 10
          10 10 10 10 10 10
          10 10 10 10 10 10
          10 10 10 10 10 10
          10 10 10 10 10 10
          10 10 10 10 10 10
          10 10 10 10 10 10
          10 10 10 10 10 10
          10 10 10 10 10 10
          10 10 10 10 10 10
          10 10 10 10 10 10
          10 10 10 10 10 10
          10 10 10 10 10 10
          10 10 10 10 10 10
          10 10 10 10 10 10
          10 10 10 10 10 10
          10 10 10 10 10 10
          10 10 10 10 10 10
          10 10 10 10 10 10
          10 10 10 10 10 10
          10 10 10 10 10 10
          10 10 10 10 10 10
          10 10 10 10 10 10
          10 10 10 10 10 10
          10 10 10 10 10 10
          10 10 10 10 10 10
          10 10 10 10 10 10
          10 10 10 10 10 10
          10 10 10 10 10 10
          10 10 10 10 10 10
          10 10 10 10 10 10
          10 10 10 10 10 10
          10 10 10 10 10 10
          10 10 10 10 10 10
          10 10 10 10 10 10
          10 10 10 10 10 10
          10 10 10 10 10 10
          10 10 10 10 10 10
          10 10 10 10 10 10
          10 10 10 10 10 10
          10 10 10 10 10 10
          10 10 10 10 10 10
          10 10 10 10 10 10
          10 10 10 10 10 10
          10 10 10 10 10 10
          10 10 10 10 10 10
          10 10 10 10 10 10
          10 10 10 10 10 10
          10 10 10 10 10 10
          10 10 10 10 10 10
          10 10 10 10 10 10
          10 10 10 10 10 10
          10 10 10 10 10 10
          10 10 10 10 10 10
          10 10 10 10 10 10
          10 10 10 10 10 10
          10 10 10 10 10 10
          10 10 10 10 10 10
          10 10 10 10 10 10
          10 10 10 10 10 10
          10 10 10 10 10 10
          10 10 10 10 10 10
          10 10 10 10 10 10
          10 10 10 10 10 10
          10 10 10 10 10 10
          10 10 10 10 10 10
          10 10 10 10 10 10
          10 10 10 10 10 10
          10 10 10 10 10 10
          10 10 10 10 10 10
          10 10 10 10 10 10
          10 10 10 10 10 10
          10 10 10 10 10 10
          10 10 10 10 10 10
          10 10 10 10 10 10
          10 10 10 10 10 10
          10 10 10 10 10 10
          10 10 10 10 10 10
          10 10 10 10 10 10
          10 10 10 10 10 10
          10 10 10 10 10 10
          10 10 10 10 10 10
          10 10 10 10 10 10
          10 10 10 10 10 10
          10 10 10 10 10 10
          10 10 10 10 10 10
          10 10 10 10 10 10
          10 10 10 10 10 10
          10 10 10 10 10 10
          10 10 10 10 10 10
          10 10 10 10 10 10
          10 10 10 10 10 10
          10 10 10 10 10 10
          10 10 10 10 10 10
          10 10 10 10 10 10
          10 10 10 10 10 10
          10 10 10 10 10 10
          10 10 10 10 10 10
          10 10 10 10 10 10
          10 10 10 10 10 10
          10 10 10 10 10 10
          10 10 10 10 10 10
          10 10 10 10 10 10
          10 10 10 10 10 10
          10 10 10 10 10 10
          10 10 10 10 10 10
          10 10 10 10 10 10
          10 10 10 10 10 10
          10 10 10 10 10 10
          10 10 10 10 10 10
          10 10 10 10 10 10
          10 10 10 10 10 10
          10 10 10 10 10 10
          10 10 10 10 10 10
          10 10 10 10 10 10
          10 10 10 10 10 10
          10 10 10 10 10 10
          10 10 10 10 10 10
          10 10 10 10 10 10
          10 10 10 10 10 10
          10 10 10 10 10 10
          10 10 10 10 10 10
          10 10 10 10 10 10
          10 10 10 10 10 10
          10 10 10 10 10 10
          10 10 10 10 10 10
          10 10 10 10 10 10
          10 10 10 10 10 10
          10 10 10 10 10 10
          10 10 10 10 10 10
          10 10 10 10 10 10
          10 10 10 10 10 10
          10 10 10 10 10 10
          10 10 10 10 10 10
          10 10 10 10 10 10
          10 10 10 10 10 10
          10 10 10 10 10 10
          10 10 10 10 10 10
          10 10 10 10 10 10
          10 10 10 10 10 10
          10 10 10 10 10 10
          10 10 10 10 10 10
          10 10 10 10 10 10
          10 10 10 10 10 10
          10 10 10 10 10 10
          10 10 10 10 10 10
          10 10 10 10 10 10
          10 10 10 10 10 10
          10 10 10 10 10 10
          10 10 10 10 10 10
          10 10 10 10 10 10
          10 10 10 10 10 10
          10 10 10 10 10 10
          10 10 10 10 10 10
          10 10 10 10 10 10
          10 10 10 10 10 10
          10 10 10 10 10 10
          10 10 10 10 10 10
          10 10 10 10 10 10
          10 10 10 10 10 10
          10 10 10 10 10 10
          10 10 10 10 10 10
          10 10 10 10 10 10
          10 10 10 10 10 10
          10 10 10 10 10 10
          10 10 10 10 10 10
          10 10 10 10 10 10
          10 10 10 10 10 10
          10 10 10 10 10 10
          10 10 10 10 10 10
          10 10 10 10 10 10
          10 10 10 10 10 10
          10 10 10 10 10 10
          10 10 10 10 10 10
          10 10 10 10 10 10
          10 10 10 10 10 10
          10 10 10 10 10 10
          10 10 10 10 10 10
          10 10 10 10 10 10
          10 10 10 10 10 10
          10 10 10 10 10 10
          10 10 10 10 10 10
          10 10 10 10 10 10
          10 10 10 10 10 10
          10 10 10 10 10 10
          10 10 10 10 10 10
          10 10 10 10 10 10
          10 10 10 10 10 10
          10 10 10 10 10 10
          10 10 10 10 10 10
          10 10 10 10 10 10
          10 10 10 10 10 10
          10 10 10 10 10 10
          10 10 10 10 10 10
          10 10 10 10 10 10
          10 10 10 10 10 10
          10 10 10 10 10 10
          10 10 10 10 10 10
          10 10 10 10 10 10
          10 10 10 10 10 10
          10 10 10 10 10 10
          10 10 10 10 10 10
          10 10 10 10 10 10
          10 10 10 10 10 10
          10 10 10 10 10 10
          10 10 10 10 10 10
          10 10 10 10 10 10
          10 10 10 10 10 10
          10 10 10 10 10 10
          10 10 10 10 10 10
          10 10 10 10 10 10
          10 10 10 10 10 10
          10 10 10 10 10 10
          10 10 10 10 10 10
          10 10 10 10 10 10
          10 10 10 10 10 10
          10 10 10 10 10 10
          10 10 10 10 10 10
          10 10 10 10 10 10
          10 10 10 10 10 10
          10 10 10 10 10 10
          10 10 10 10 10 10
          10 10 10 10 10 10
          10 10 10 10 10 10
          10 10 10 10 10 10
          10 10 10 10 10 10
          10 10 10 10 10 10
          10 10 10 10 10 10
          10 10 10 10 10 10
          10 10 10 10 10 10
          10 10 10 10 10 10
          10 10 10 10 10 10
          10 10 10 10 10 10
          10 10 10 10 10 10
          10 10 10 10 10 10
          10 10 10 10 10 10
          10 10 10 10 10 10
          10 10 10 10 10 10
          10 10 10 10 10 10
          10 10 10 10 10 10
          10 10 10 10 10 10
          10 10 10 10 10 10
          10 10 10 10 10 10
          10 10 10 10 10 10
          10 10 10 10 10 10
          10 10 10 10 10 10
          10 10 10 10 10 10
          10 10 10 10 10 10
          10 10 10 10 10 10
          10 10 10 10 10 10
          10 10 10 10 10 10
          10 10 10 10 10 10
          10 10 10 10 10 10
          10 10 10 10 10 10
          10 10 10 10 10 10
          10 10 10 10 10 10
          10 10 10 10 10 10
          10 10 10 10 10 10
          10 10 10 10 10 10
          10 10 10 10 10 10
          10 10 10 10 10 10
          10 10 10 10 10 10
          10 10 10 10 10 10
          10 10 10 10 10 10
          10 10 10 10 10 10
          10 10 10 10 10 10
          10 10 10 10 10 10
          10 10 10 10 10 10
          10 10 10 10 10 10
          10 10 10 10 10 10
          10 10 10 10 10 10
          10 10 10 10 10 10
          10 10 10 10 10 10
          10 10 10 10 10 10
          10 10 10 10 10 10
          10 10 10 10 10 10
          10 10 10 10 10 10
          10 10 10 10 10 10
          10 10 10 10 10 10
          10 10 10 10 10 10
          10 10 10 10 10 10
          10 10 10 10 10 10
          10 10 10 10 10 10
          10 10 10 10 10 10
          10 10 10 10 10 10
          10 10 10 10 10 10
          10 10 10 10 10 10
          10 10 10 10 10 10
          10 10 10 10 10 10
          10 10 10 10 10 10
          10 10 10 10 10 10
          10 10 10 10 10 10
          10 10 10 10 10 10
          10 10 10 10 10 10
          10 10 10 10 10 10
          10 10 10 10 10 10
          10 10 10 10 10 10
          10 10 10 10 10 10
          10 10 10 10 10 10
          10 10 10 10 10 10
          10 10 10 10 10 10
          10 10 10 10 10 10
          10 10 10 10 10 10
          10 10 10 10 10 10
          10 10 10 10 10 10
          10 10 10 10 10 10
          10 10 10 10 10 10
          10 10 10 10 10 10
          10 10 10 10 10 10
          10 10 10 10 10 10
          10 10 10 10 10 10
          10 10 10 10 10 10
          10 10 10 10 10 10
          10 10 10 10 10 10
          10 10 10 10 10 10
          10 10 10 10 10 10
          10 10 10 10 10 10
          10 10 10 10 10 10
          10 10 10 10 10 10
          10 10 10 10 10 10
          10 10 10 10 10 10
          10 10 10 10 10 10
          10 10 10 10 10 10
          10 10 10 10 10 10
          10 10 10 10 10 10
          10 10 10 10 10 10
          10 10 10 10 10 10
          10 10 10 10 10 10
          10 10 10 10 10 10
          10 10 10 10 10 10
          10 10 10 10 10 10
          10 10 10 10 10 10
          10 10 10 10 10 10
          10 10 10 10 10 10
          10 10 10 10 10 10
          10 10 10 10 10 10
          10 10 10 10 10 10
          10 10 10 10 10 10
          10 10 10 10 10 10
          10 10 10 10 10 10
          10 10 10 10 10 10
          10 10 10 10 10 10
          10 10 10 10 10 10
          10 10 10 10 10 10
          10 10 10 10 10 10
          10 10 10 10 10 10
          10 10 10 10 10 10
          10 10 10 10 10 10
          10 10 10 10 10 10
          10 10 10 10 10 10
          10 10 10 10 10 10
          10 10 10 10 10 10
          10 10 10 10 10 10
          10 10 10 10 10 10
          10 10 10 10 10 10
          10 10 10 10 10 10
          10 10 10 10 10 10
          10 10 10 10 10 10
          10 10 10 10 10 10
          10 10 10 10 10 10
          10 10 10 10 10 10
          10 10 10 10 10 10
          10 10 10 10 10 10
          10 10 10 10 10 10
          10 10 10 10 10 10
          10 10 10 10 10 10
          10 10 10 10 10 10
          10 10 10 10 10 10
          10 10 10 10 10 10
          10 10 10 10 10 10
          10 10 10 10 10 10
          10 10 10 10 10 10
          10 10 10 10 10 10
          10 10 10 10 10 10
          10 10 10 10 10 10
          10 10 10 10 10 10
          10 10 10 10 10 10
          10 10 10 10 10 10
          10 10 10 10 10 10
          10 10 10 10 10 10
          10 10 10 10 10 10
          10 10 10 10 10 10
          10 10 10 10 10 10
          10 10 10 10 10 10
          10 10 10 10 10 10
          10 10 10 10 10 10
          10 10 10 10 10 10
          10 10 10 10 10 10
          10 10 10 10 10 10
          10 10 10 10 10 10
          10 10 10 10 10 10
          10 10 10 10 10 10
          10 10 10 10 10 10
          10 10 10 10 10 10
          10 10 10 10 10 10
          10 10 10 10 10 10
          10 10 10 10 10 10
          10 10 10 10 10 10
          10 10 10 10 10 10
          10 10 10 10 10 10
          10 10 10 10 10 10
          10 10 10 10 10 10
          10 10 10 10 10 10
          10 10 10 10 10 10
          10 10 10 10 10 10
          10 10 10 10 10 10
          10 10 10 10 10 10
          10 10 10 10 10 10
          10 10 10 10 10 10
          10 10 10 10 10 10
          10 10 10 10 10 10
          10 10 10 10 10 10
          10 10 10 10 10 10
          10 10 10 10 10 10
          10 10 10 10 10 10
          10 10 10 10 10 10
          10 10 10 10 10 10
          10 10 10 10 10 10
          10 10 10 10 10 10
          10 10 10 10 10 10
          10 10 10 10 10 10
          10 10 10 10 10 10
          10 10 10 10 10 10
          10 10 10 10 10 10
          10 10 10 10 10 10
          10 10 10 10 10 10
          10 10 10 10 10 10
          10 10 10 10 10 10
          10 10 10 10 10 10
          10 10 10 10 10 10
          10 10 10 10 10 10
          10 10 10 10 10 10
          10 10 10 10 10 10
          10 10 10 10 10 10
          10 10 10 10 10 10
          10 10 10 10 10 10
          10 10 10 10 10 10
          10 10 10 10 10 10
          10 10 10 10 10 10
          10 10 10 10 10 10
          10 10 10 10 10 10
          10 10 10 10 10 10
          10 10 10 10 10 10
          10 10 10 10 10 10
          10 10 10 10 10 10
          10 10 10 10 10 10
          10 10 10 10 10 10
          10 10 10 10 10 10
          10 10 10 10 10 10
          10 10 10 10 10 10
          10 10 10 10 10 10
          10 10 10 10 10 10
          10 10 10 10 10 10
          10 10 10 10 10 10
          10 10 10 10 10 10
          10 10 10 10 10 10
          10 10 10 10 10 10
          10 10 10 10 10 10
          10 10 10 10 10 10
          10 10 10 10 10 10
          10 10 10 10 10 10
          10 10 10 10 10 10
          10 10 10 10 10 10
          10 10 10 10 10 10
          10 10 10 10 10 10
          10 10 10 10 10 10
          10 10 10 10 10 10
          10 10 10 10 10 10
          10 10 10 10 10 10
          10 10 10 10 10 10
          10 10 10 10 10 10
          10 10 10 10 10 10
          10 10 10 10 10 10
          10 10 10 10 10 10
          10 10 10 10 10 10
          10 10 10 10 10 10
          10 10 10 10 10 10
          10 10 10 10 10 10
          10 10 10 10 10 10
          10 10 10 10 10 10
          10 10 10 10 10 10
          10 10 10 10 10 10
          10 10 10 10 10 10
          10 10 10 10 10 10
          10 10 10 10 10 10
          10 10 10 10 10 10
          10 10 10 10 10 10
          10 10 10 10 10 10
          10 10 10 10 10 10
          10 10 10 10 10 10
          10 10 10 10 10 10
          10 10 10 10 10 10
          10 10 10 10 10 10
          10 10 10 10 10 10
          10 10 10 10 10 10
          10 10 10 10 10 10
          10 10 10 10 10 10
          10 10 10 10 10 10
          10 10 10 10 10 10
          10 10 10 10 10 10
          10 10 10 10 10 10
          10 10 10 10 10 10
          10 10 10 10 10 10
          10 10 10 10 10 10
          10 10 10 10 10 10
          10 10 10 10 10 10
          10 10 10 10 10 10
          10 10 10 10 10 10
          10 10 10 10 10 10
          10 10 10 10 10 10
          10 10 10 10 10 10
          10 10 10 10 10 10
          10 10 10 10 10 10
          10 10 10 10 10 10
          10 10 10 10 10 10
          10 10 10 10 10 10
          10 10 10 10 10 10
          10 10 10 10 10 10
          10 10 10 10 10 10
          10 10 10 10 10 10
          10 10 10 10 10 10
          10 10 10 10 10 10
          10 10 10 10 10 10
          10 10 10 10 10 10
          10 10 10 10 10 10
          10 10 10 10 10 10
          10 10 10 10 10 10
          10 10 10 10 10 10
          10 10 10 10 10 10
          10 10 10 10 10 10
          10 10 10 10 10 10
          10 10 10 10 10 10
          10 10 10 10 10 10
          10 10 10 10 10 10
          10 10 10 10 10 10
          10 10 10 10 10 10
          10 10 10 10 10 10
          10 10 10 10 10 10
          10 10 10 10 10 10
          10 10 10 10 10 10
          10 10 10 10 10 10
          10 10 10 10 10 10
          10 10 10 10 10 10
          10 10 10 10 10 10
          10 10 10 10 10 10
          10 10 10 10 10 10
          10 10 10 10 10 10
          10 10 10 10 10 10
          10 10 10 10 10 10
          10 10 10 10 10 10
          10 10 10 10 10 10
          10 10 10 10 10 10
          10 10 10 10 10 10
          10 10 10 10 10 10
          10 10 10 10 10 10
          10 10 10 10 10 10
          10 10 10 10 10 10
          10 10 10 10 10 10
          10 10 10 10 10 10
          10 10 10 10 10 10
          10 10 10 10 10 10
          10 10 10 10 10 10
          10 10 10 10 10 10
          10 10 10 10 10 10
          10 10 10 10 10 10
          10 10 10 10 10 10
          10 10 10 10 10 10
          10 10 10 10 10 10
          10 10 10 10 10 10
          10 10 10 10 10 10
          10 10 10 10 10 10
          10 10 10 10 10 10
          10 10 10 10 10 10
          10 10 10 10 10 10
          10 10 10 10 10 10
          10 10 10 10 10 10
          10 10 10 10 10 10
          10 10 10 10 10 10
          10 10 10 10 10 10
          10 10 10 10 10 10
          10 10 10 10 10 10
          10 10 10 10 10 10
          10 10 10 10 10 10
          10 10 10 10 10 10
          10 10 10 10 10 10
          10 10 10 10 10 10
          10 10 10 10 10 10
          10 10 10 10 10 10
          10 10 10 10 10 10
          10 10 10 10 10 10
          10 10 10 10 10 10
          10 10 10 10 10 10
          10 10 10 10 10 10
          10 10 10 10 10 10
          10 10 10 10
        </DataArray>
      </Cells>
    </Piece>
  </UnstructuredGrid>
</VTKFile>
