<VTKFile type="UnstructuredGrid" version="1.0" byte_order="LittleEndian" header_type="UInt64">
  <UnstructuredGrid>
    <Piece NumberOfPoints="3075" NumberOfCells="9760">
      <PointData>
      </PointData>
      <CellData Scalars="domain">
        <DataArray type="Int32" Name="domain" format="ascii">
          2 2 2 2 2 2
          2 2 2 2 2 2
          2 2 2 2 2 2
          2 2 4 4 4 4
          4 4 4 4 4 4
          4 4 4 4 4 6
          6 6 6 6 6 6
          6 6 6 6 6 6
          6 6 8 8 8 8
          8 8 8 8 8 8
          8 8 8 8 8 10
          10 10 10 10 10 10
          10 10 10 10 10 10
          10 10 12 12 12 12
          12 12 12 12 12 12
          12 12 12 12 12 14
          14 14 14 14 14 14
          14 14 14 14 14 14
          14 14 16 16 16 16
          16 16 16 16 16 16
          16 16 16 16 16 18
          18 18 18 18 18 18
          18 18 18 18 18 18
          18 18 20 20 20 20
          20 20 20 20 20 20
          20 20 20 20 20 22
          22 22 22 22 22 22
          22 22 22 22 22 22
          22 22 24 24 24 24
          24 24 24 24 24 24
          24 24 24 24 24 26
          26 26 26 26 26 26
          26 26 26 26 26 26
          26 26 28 28 28 28
          28 28 28 28 28 28
          28 28 28 28 28 30
          30 30 30 30 30 30
          30 30 30 30 30 30
          30 30 32 32 32 32
          32 32 32 32 32 32
          32 32 32 32 32 34
          34 34 34 34 34 34
          34 34 34 34 34 34
          34 34 36 36 36 36
          36 36 36 36 36 36
          36 36 36 36 36 38
          38 38 38 38 38 38
          38 38 38 38 38 38
          38 38 40 40 40 40
          40 40 40 40 40 40
          40 40 40 40 40 42
          42 42 42 42 42 42
          42 42 42 42 42 42
          42 42 44 44 44 44
          44 44 44 44 44 44
          44 44 44 44 44 46
          46 46 46 46 46 46
          46 46 46 46 46 46
          46 46 48 48 48 48
          48 48 48 48 48 48
          48 48 48 48 48 50
          50 50 50 50 50 50
          50 50 50 50 50 50
          50 50 52 52 52 52
          52 52 52 52 52 52
          52 52 52 52 52 54
          54 54 54 54 54 54
          54 54 54 54 54 54
          54 54 56 56 56 56
          56 56 56 56 56 56
          56 56 56 56 56 58
          58 58 58 58 58 58
          58 58 58 58 58 58
          58 58 60 60 60 60
          60 60 60 60 60 60
          60 60 60 60 60 62
          62 62 62 62 62 62
          62 62 62 62 62 62
          62 62 64 64 64 64
          64 64 64 64 64 64
          64 64 64 64 64 66
          66 66 66 66 66 66
          66 66 66 66 66 66
          66 66 68 68 68 68
          68 68 68 68 68 68
          68 68 68 68 68 70
          70 70 70 70 70 70
          70 70 70 70 70 70
          70 70 72 72 72 72
          72 72 72 72 72 72
          72 72 72 72 72 74
          74 74 74 74 74 74
          74 74 74 74 74 74
          74 74 76 76 76 76
          76 76 76 76 76 76
          76 76 76 76 76 78
          78 78 78 78 78 78
          78 78 78 78 78 78
          78 78 80 80 80 80
          80 80 80 80 80 80
          80 80 80 80 80 80
          80 80 80 80 2 2
          2 2 2 2 2 2
          2 2 2 2 2 2
          2 2 2 2 2 2
          4 4 4 4 4 4
          4 4 4 4 4 4
          4 4 4 6 6 6
          6 6 6 6 6 6
          6 6 6 6 6 6
          8 8 8 8 8 8
          8 8 8 8 8 8
          8 8 8 10 10 10
          10 10 10 10 10 10
          10 10 10 10 10 10
          12 12 12 12 12 12
          12 12 12 12 12 12
          12 12 12 14 14 14
          14 14 14 14 14 14
          14 14 14 14 14 14
          16 16 16 16 16 16
          16 16 16 16 16 16
          16 16 16 18 18 18
          18 18 18 18 18 18
          18 18 18 18 18 18
          20 20 20 20 20 20
          20 20 20 20 20 20
          20 20 20 22 22 22
          22 22 22 22 22 22
          22 22 22 22 22 22
          24 24 24 24 24 24
          24 24 24 24 24 24
          24 24 24 26 26 26
          26 26 26 26 26 26
          26 26 26 26 26 26
          28 28 28 28 28 28
          28 28 28 28 28 28
          28 28 28 30 30 30
          30 30 30 30 30 30
          30 30 30 30 30 30
          32 32 32 32 32 32
          32 32 32 32 32 32
          32 32 32 34 34 34
          34 34 34 34 34 34
          34 34 34 34 34 34
          36 36 36 36 36 36
          36 36 36 36 36 36
          36 36 36 38 38 38
          38 38 38 38 38 38
          38 38 38 38 38 38
          40 40 40 40 40 40
          40 40 40 40 40 40
          40 40 40 42 42 42
          42 42 42 42 42 42
          42 42 42 42 42 42
          44 44 44 44 44 44
          44 44 44 44 44 44
          44 44 44 46 46 46
          46 46 46 46 46 46
          46 46 46 46 46 46
          48 48 48 48 48 48
          48 48 48 48 48 48
          48 48 48 50 50 50
          50 50 50 50 50 50
          50 50 50 50 50 50
          52 52 52 52 52 52
          52 52 52 52 52 52
          52 52 52 54 54 54
          54 54 54 54 54 54
          54 54 54 54 54 54
          56 56 56 56 56 56
          56 56 56 56 56 56
          56 56 56 58 58 58
          58 58 58 58 58 58
          58 58 58 58 58 58
          60 60 60 60 60 60
          60 60 60 60 60 60
          60 60 60 62 62 62
          62 62 62 62 62 62
          62 62 62 62 62 62
          64 64 64 64 64 64
          64 64 64 64 64 64
          64 64 64 66 66 66
          66 66 66 66 66 66
          66 66 66 66 66 66
          68 68 68 68 68 68
          68 68 68 68 68 68
          68 68 68 70 70 70
          70 70 70 70 70 70
          70 70 70 70 70 70
          72 72 72 72 72 72
          72 72 72 72 72 72
          72 72 72 74 74 74
          74 74 74 74 74 74
          74 74 74 74 74 74
          76 76 76 76 76 76
          76 76 76 76 76 76
          76 76 76 78 78 78
          78 78 78 78 78 78
          78 78 78 78 78 78
          80 80 80 80 80 80
          80 80 80 80 80 80
          80 80 80 80 80 80
          80 80 2 2 2 2
          2 2 2 2 2 2
          2 2 2 2 2 2
          2 2 2 2 4 4
          4 4 4 4 4 4
          4 4 4 4 4 4
          4 6 6 6 6 6
          6 6 6 6 6 6
          6 6 6 6 8 8
          8 8 8 8 8 8
          8 8 8 8 8 8
          8 10 10 10 10 10
          10 10 10 10 10 10
          10 10 10 10 12 12
          12 12 12 12 12 12
          12 12 12 12 12 12
          12 14 14 14 14 14
          14 14 14 14 14 14
          14 14 14 14 16 16
          16 16 16 16 16 16
          16 16 16 16 16 16
          16 18 18 18 18 18
          18 18 18 18 18 18
          18 18 18 18 20 20
          20 20 20 20 20 20
          20 20 20 20 20 20
          20 22 22 22 22 22
          22 22 22 22 22 22
          22 22 22 22 24 24
          24 24 24 24 24 24
          24 24 24 24 24 24
          24 26 26 26 26 26
          26 26 26 26 26 26
          26 26 26 26 28 28
          28 28 28 28 28 28
          28 28 28 28 28 28
          28 30 30 30 30 30
          30 30 30 30 30 30
          30 30 30 30 32 32
          32 32 32 32 32 32
          32 32 32 32 32 32
          32 34 34 34 34 34
          34 34 34 34 34 34
          34 34 34 34 36 36
          36 36 36 36 36 36
          36 36 36 36 36 36
          36 38 38 38 38 38
          38 38 38 38 38 38
          38 38 38 38 40 40
          40 40 40 40 40 40
          40 40 40 40 40 40
          40 42 42 42 42 42
          42 42 42 42 42 42
          42 42 42 42 44 44
          44 44 44 44 44 44
          44 44 44 44 44 44
          44 46 46 46 46 46
          46 46 46 46 46 46
          46 46 46 46 48 48
          48 48 48 48 48 48
          48 48 48 48 48 48
          48 50 50 50 50 50
          50 50 50 50 50 50
          50 50 50 50 52 52
          52 52 52 52 52 52
          52 52 52 52 52 52
          52 54 54 54 54 54
          54 54 54 54 54 54
          54 54 54 54 56 56
          56 56 56 56 56 56
          56 56 56 56 56 56
          56 58 58 58 58 58
          58 58 58 58 58 58
          58 58 58 58 60 60
          60 60 60 60 60 60
          60 60 60 60 60 60
          60 62 62 62 62 62
          62 62 62 62 62 62
          62 62 62 62 64 64
          64 64 64 64 64 64
          64 64 64 64 64 64
          64 66 66 66 66 66
          66 66 66 66 66 66
          66 66 66 66 68 68
          68 68 68 68 68 68
          68 68 68 68 68 68
          68 70 70 70 70 70
          70 70 70 70 70 70
          70 70 70 70 72 72
          72 72 72 72 72 72
          72 72 72 72 72 72
          72 74 74 74 74 74
          74 74 74 74 74 74
          74 74 74 74 76 76
          76 76 76 76 76 76
          76 76 76 76 76 76
          76 78 78 78 78 78
          78 78 78 78 78 78
          78 78 78 78 80 80
          80 80 80 80 80 80
          80 80 80 80 80 80
          80 80 80 80 80 80
          2 2 2 2 2 2
          2 2 2 2 2 2
          2 2 2 2 2 2
          2 2 4 4 4 4
          4 4 4 4 4 4
          4 4 4 4 4 6
          6 6 6 6 6 6
          6 6 6 6 6 6
          6 6 8 8 8 8
          8 8 8 8 8 8
          8 8 8 8 8 10
          10 10 10 10 10 10
          10 10 10 10 10 10
          10 10 12 12 12 12
          12 12 12 12 12 12
          12 12 12 12 12 14
          14 14 14 14 14 14
          14 14 14 14 14 14
          14 14 16 16 16 16
          16 16 16 16 16 16
          16 16 16 16 16 18
          18 18 18 18 18 18
          18 18 18 18 18 18
          18 18 20 20 20 20
          20 20 20 20 20 20
          20 20 20 20 20 22
          22 22 22 22 22 22
          22 22 22 22 22 22
          22 22 24 24 24 24
          24 24 24 24 24 24
          24 24 24 24 24 26
          26 26 26 26 26 26
          26 26 26 26 26 26
          26 26 28 28 28 28
          28 28 28 28 28 28
          28 28 28 28 28 30
          30 30 30 30 30 30
          30 30 30 30 30 30
          30 30 32 32 32 32
          32 32 32 32 32 32
          32 32 32 32 32 34
          34 34 34 34 34 34
          34 34 34 34 34 34
          34 34 36 36 36 36
          36 36 36 36 36 36
          36 36 36 36 36 38
          38 38 38 38 38 38
          38 38 38 38 38 38
          38 38 40 40 40 40
          40 40 40 40 40 40
          40 40 40 40 40 42
          42 42 42 42 42 42
          42 42 42 42 42 42
          42 42 44 44 44 44
          44 44 44 44 44 44
          44 44 44 44 44 46
          46 46 46 46 46 46
          46 46 46 46 46 46
          46 46 48 48 48 48
          48 48 48 48 48 48
          48 48 48 48 48 50
          50 50 50 50 50 50
          50 50 50 50 50 50
          50 50 52 52 52 52
          52 52 52 52 52 52
          52 52 52 52 52 54
          54 54 54 54 54 54
          54 54 54 54 54 54
          54 54 56 56 56 56
          56 56 56 56 56 56
          56 56 56 56 56 58
          58 58 58 58 58 58
          58 58 58 58 58 58
          58 58 60 60 60 60
          60 60 60 60 60 60
          60 60 60 60 60 62
          62 62 62 62 62 62
          62 62 62 62 62 62
          62 62 64 64 64 64
          64 64 64 64 64 64
          64 64 64 64 64 66
          66 66 66 66 66 66
          66 66 66 66 66 66
          66 66 68 68 68 68
          68 68 68 68 68 68
          68 68 68 68 68 70
          70 70 70 70 70 70
          70 70 70 70 70 70
          70 70 72 72 72 72
          72 72 72 72 72 72
          72 72 72 72 72 74
          74 74 74 74 74 74
          74 74 74 74 74 74
          74 74 76 76 76 76
          76 76 76 76 76 76
          76 76 76 76 76 78
          78 78 78 78 78 78
          78 78 78 78 78 78
          78 78 80 80 80 80
          80 80 80 80 80 80
          80 80 80 80 80 80
          80 80 80 80 2 2
          2 2 2 2 2 2
          2 2 2 2 2 2
          2 2 2 2 2 2
          4 4 4 4 4 4
          4 4 4 4 4 4
          4 4 4 6 6 6
          6 6 6 6 6 6
          6 6 6 6 6 6
          8 8 8 8 8 8
          8 8 8 8 8 8
          8 8 8 10 10 10
          10 10 10 10 10 10
          10 10 10 10 10 10
          12 12 12 12 12 12
          12 12 12 12 12 12
          12 12 12 14 14 14
          14 14 14 14 14 14
          14 14 14 14 14 14
          16 16 16 16 16 16
          16 16 16 16 16 16
          16 16 16 18 18 18
          18 18 18 18 18 18
          18 18 18 18 18 18
          20 20 20 20 20 20
          20 20 20 20 20 20
          20 20 20 22 22 22
          22 22 22 22 22 22
          22 22 22 22 22 22
          24 24 24 24 24 24
          24 24 24 24 24 24
          24 24 24 26 26 26
          26 26 26 26 26 26
          26 26 26 26 26 26
          28 28 28 28 28 28
          28 28 28 28 28 28
          28 28 28 30 30 30
          30 30 30 30 30 30
          30 30 30 30 30 30
          32 32 32 32 32 32
          32 32 32 32 32 32
          32 32 32 34 34 34
          34 34 34 34 34 34
          34 34 34 34 34 34
          36 36 36 36 36 36
          36 36 36 36 36 36
          36 36 36 38 38 38
          38 38 38 38 38 38
          38 38 38 38 38 38
          40 40 40 40 40 40
          40 40 40 40 40 40
          40 40 40 42 42 42
          42 42 42 42 42 42
          42 42 42 42 42 42
          44 44 44 44 44 44
          44 44 44 44 44 44
          44 44 44 46 46 46
          46 46 46 46 46 46
          46 46 46 46 46 46
          48 48 48 48 48 48
          48 48 48 48 48 48
          48 48 48 50 50 50
          50 50 50 50 50 50
          50 50 50 50 50 50
          52 52 52 52 52 52
          52 52 52 52 52 52
          52 52 52 54 54 54
          54 54 54 54 54 54
          54 54 54 54 54 54
          56 56 56 56 56 56
          56 56 56 56 56 56
          56 56 56 58 58 58
          58 58 58 58 58 58
          58 58 58 58 58 58
          60 60 60 60 60 60
          60 60 60 60 60 60
          60 60 60 62 62 62
          62 62 62 62 62 62
          62 62 62 62 62 62
          64 64 64 64 64 64
          64 64 64 64 64 64
          64 64 64 66 66 66
          66 66 66 66 66 66
          66 66 66 66 66 66
          68 68 68 68 68 68
          68 68 68 68 68 68
          68 68 68 70 70 70
          70 70 70 70 70 70
          70 70 70 70 70 70
          72 72 72 72 72 72
          72 72 72 72 72 72
          72 72 72 74 74 74
          74 74 74 74 74 74
          74 74 74 74 74 74
          76 76 76 76 76 76
          76 76 76 76 76 76
          76 76 76 78 78 78
          78 78 78 78 78 78
          78 78 78 78 78 78
          80 80 80 80 80 80
          80 80 80 80 80 80
          80 80 80 80 80 80
          80 80 2 2 2 2
          2 3 3 3 3 3
          3 3 3 3 3 3
          3 3 3 3 5 5
          5 5 5 5 5 5
          5 5 5 5 5 5
          5 7 7 7 7 7
          7 7 7 7 7 7
          7 7 7 7 9 9
          9 9 9 9 9 9
          9 9 9 9 9 9
          9 11 11 11 11 11
          11 11 11 11 11 11
          11 11 11 11 13 13
          13 13 13 13 13 13
          13 13 13 13 13 13
          13 15 15 15 15 15
          15 15 15 15 15 15
          15 15 15 15 17 17
          17 17 17 17 17 17
          17 17 17 17 17 17
          17 19 19 19 19 19
          19 19 19 19 19 19
          19 19 19 19 21 21
          21 21 21 21 21 21
          21 21 21 21 21 21
          21 23 23 23 23 23
          23 23 23 23 23 23
          23 23 23 23 25 25
          25 25 25 25 25 25
          25 25 25 25 25 25
          25 27 27 27 27 27
          27 27 27 27 27 27
          27 27 27 27 29 29
          29 29 29 29 29 29
          29 29 29 29 29 29
          29 31 31 31 31 31
          31 31 31 31 31 31
          31 31 31 31 33 33
          33 33 33 33 33 33
          33 33 33 33 33 33
          33 35 35 35 35 35
          35 35 35 35 35 35
          35 35 35 35 37 37
          37 37 37 37 37 37
          37 37 37 37 37 37
          37 39 39 39 39 39
          39 39 39 39 39 39
          39 39 39 39 41 41
          41 41 41 41 41 41
          41 41 41 41 41 41
          41 43 43 43 43 43
          43 43 43 43 43 43
          43 43 43 43 45 45
          45 45 45 45 45 45
          45 45 45 45 45 45
          45 47 47 47 47 47
          47 47 47 47 47 47
          47 47 47 47 49 49
          49 49 49 49 49 49
          49 49 49 49 49 49
          49 51 51 51 51 51
          51 51 51 51 51 51
          51 51 51 51 53 53
          53 53 53 53 53 53
          53 53 53 53 53 53
          53 55 55 55 55 55
          55 55 55 55 55 55
          55 55 55 55 57 57
          57 57 57 57 57 57
          57 57 57 57 57 57
          57 59 59 59 59 59
          59 59 59 59 59 59
          59 59 59 59 61 61
          61 61 61 61 61 61
          61 61 61 61 61 61
          61 63 63 63 63 63
          63 63 63 63 63 63
          63 63 63 63 65 65
          65 65 65 65 65 65
          65 65 65 65 65 65
          65 67 67 67 67 67
          67 67 67 67 67 67
          67 67 67 67 69 69
          69 69 69 69 69 69
          69 69 69 69 69 69
          69 71 71 71 71 71
          71 71 71 71 71 71
          71 71 71 71 73 73
          73 73 73 73 73 73
          73 73 73 73 73 73
          73 75 75 75 75 75
          75 75 75 75 75 75
          75 75 75 75 77 77
          77 77 77 77 77 77
          77 77 77 77 77 77
          77 79 79 79 79 79
          79 79 79 79 79 79
          79 79 79 79 81 81
          81 81 81 81 81 81
          81 81 81 81 81 81
          81 80 80 80 80 80
          2 2 2 2 2 3
          3 3 3 3 3 3
          3 3 3 3 3 3
          3 3 5 5 5 5
          5 5 5 5 5 5
          5 5 5 5 5 7
          7 7 7 7 7 7
          7 7 7 7 7 7
          7 7 9 9 9 9
          9 9 9 9 9 9
          9 9 9 9 9 11
          11 11 11 11 11 11
          11 11 11 11 11 11
          11 11 13 13 13 13
          13 13 13 13 13 13
          13 13 13 13 13 15
          15 15 15 15 15 15
          15 15 15 15 15 15
          15 15 17 17 17 17
          17 17 17 17 17 17
          17 17 17 17 17 19
          19 19 19 19 19 19
          19 19 19 19 19 19
          19 19 21 21 21 21
          21 21 21 21 21 21
          21 21 21 21 21 23
          23 23 23 23 23 23
          23 23 23 23 23 23
          23 23 25 25 25 25
          25 25 25 25 25 25
          25 25 25 25 25 27
          27 27 27 27 27 27
          27 27 27 27 27 27
          27 27 29 29 29 29
          29 29 29 29 29 29
          29 29 29 29 29 31
          31 31 31 31 31 31
          31 31 31 31 31 31
          31 31 33 33 33 33
          33 33 33 33 33 33
          33 33 33 33 33 35
          35 35 35 35 35 35
          35 35 35 35 35 35
          35 35 37 37 37 37
          37 37 37 37 37 37
          37 37 37 37 37 39
          39 39 39 39 39 39
          39 39 39 39 39 39
          39 39 41 41 41 41
          41 41 41 41 41 41
          41 41 41 41 41 43
          43 43 43 43 43 43
          43 43 43 43 43 43
          43 43 45 45 45 45
          45 45 45 45 45 45
          45 45 45 45 45 47
          47 47 47 47 47 47
          47 47 47 47 47 47
          47 47 49 49 49 49
          49 49 49 49 49 49
          49 49 49 49 49 51
          51 51 51 51 51 51
          51 51 51 51 51 51
          51 51 53 53 53 53
          53 53 53 53 53 53
          53 53 53 53 53 55
          55 55 55 55 55 55
          55 55 55 55 55 55
          55 55 57 57 57 57
          57 57 57 57 57 57
          57 57 57 57 57 59
          59 59 59 59 59 59
          59 59 59 59 59 59
          59 59 61 61 61 61
          61 61 61 61 61 61
          61 61 61 61 61 63
          63 63 63 63 63 63
          63 63 63 63 63 63
          63 63 65 65 65 65
          65 65 65 65 65 65
          65 65 65 65 65 67
          67 67 67 67 67 67
          67 67 67 67 67 67
          67 67 69 69 69 69
          69 69 69 69 69 69
          69 69 69 69 69 71
          71 71 71 71 71 71
          71 71 71 71 71 71
          71 71 73 73 73 73
          73 73 73 73 73 73
          73 73 73 73 73 75
          75 75 75 75 75 75
          75 75 75 75 75 75
          75 75 77 77 77 77
          77 77 77 77 77 77
          77 77 77 77 77 79
          79 79 79 79 79 79
          79 79 79 79 79 79
          79 79 81 81 81 81
          81 81 81 81 81 81
          81 81 81 81 81 80
          80 80 80 80 2 2
          2 2 2 2 2 2
          2 2 2 2 2 2
          2 2 2 2 2 2
          4 4 4 4 4 4
          4 4 4 4 4 4
          4 4 4 6 6 6
          6 6 6 6 6 6
          6 6 6 6 6 6
          8 8 8 8 8 8
          8 8 8 8 8 8
          8 8 8 10 10 10
          10 10 10 10 10 10
          10 10 10 10 10 10
          12 12 12 12 12 12
          12 12 12 12 12 12
          12 12 12 14 14 14
          14 14 14 14 14 14
          14 14 14 14 14 14
          16 16 16 16 16 16
          16 16 16 16 16 16
          16 16 16 18 18 18
          18 18 18 18 18 18
          18 18 18 18 18 18
          20 20 20 20 20 20
          20 20 20 20 20 20
          20 20 20 22 22 22
          22 22 22 22 22 22
          22 22 22 22 22 22
          24 24 24 24 24 24
          24 24 24 24 24 24
          24 24 24 26 26 26
          26 26 26 26 26 26
          26 26 26 26 26 26
          28 28 28 28 28 28
          28 28 28 28 28 28
          28 28 28 30 30 30
          30 30 30 30 30 30
          30 30 30 30 30 30
          32 32 32 32 32 32
          32 32 32 32 32 32
          32 32 32 34 34 34
          34 34 34 34 34 34
          34 34 34 34 34 34
          36 36 36 36 36 36
          36 36 36 36 36 36
          36 36 36 38 38 38
          38 38 38 38 38 38
          38 38 38 38 38 38
          40 40 40 40 40 40
          40 40 40 40 40 40
          40 40 40 42 42 42
          42 42 42 42 42 42
          42 42 42 42 42 42
          44 44 44 44 44 44
          44 44 44 44 44 44
          44 44 44 46 46 46
          46 46 46 46 46 46
          46 46 46 46 46 46
          48 48 48 48 48 48
          48 48 48 48 48 48
          48 48 48 50 50 50
          50 50 50 50 50 50
          50 50 50 50 50 50
          52 52 52 52 52 52
          52 52 52 52 52 52
          52 52 52 54 54 54
          54 54 54 54 54 54
          54 54 54 54 54 54
          56 56 56 56 56 56
          56 56 56 56 56 56
          56 56 56 58 58 58
          58 58 58 58 58 58
          58 58 58 58 58 58
          60 60 60 60 60 60
          60 60 60 60 60 60
          60 60 60 62 62 62
          62 62 62 62 62 62
          62 62 62 62 62 62
          64 64 64 64 64 64
          64 64 64 64 64 64
          64 64 64 66 66 66
          66 66 66 66 66 66
          66 66 66 66 66 66
          68 68 68 68 68 68
          68 68 68 68 68 68
          68 68 68 70 70 70
          70 70 70 70 70 70
          70 70 70 70 70 70
          72 72 72 72 72 72
          72 72 72 72 72 72
          72 72 72 74 74 74
          74 74 74 74 74 74
          74 74 74 74 74 74
          76 76 76 76 76 76
          76 76 76 76 76 76
          76 76 76 78 78 78
          78 78 78 78 78 78
          78 78 78 78 78 78
          80 80 80 80 80 80
          80 80 80 80 80 80
          80 80 80 80 80 80
          80 80 2 2 2 2
          2 2 2 2 2 2
          2 2 2 2 2 2
          2 2 2 2 4 4
          4 4 4 4 4 4
          4 4 4 4 4 4
          4 6 6 6 6 6
          6 6 6 6 6 6
          6 6 6 6 8 8
          8 8 8 8 8 8
          8 8 8 8 8 8
          8 10 10 10 10 10
          10 10 10 10 10 10
          10 10 10 10 12 12
          12 12 12 12 12 12
          12 12 12 12 12 12
          12 14 14 14 14 14
          14 14 14 14 14 14
          14 14 14 14 16 16
          16 16 16 16 16 16
          16 16 16 16 16 16
          16 18 18 18 18 18
          18 18 18 18 18 18
          18 18 18 18 20 20
          20 20 20 20 20 20
          20 20 20 20 20 20
          20 22 22 22 22 22
          22 22 22 22 22 22
          22 22 22 22 24 24
          24 24 24 24 24 24
          24 24 24 24 24 24
          24 26 26 26 26 26
          26 26 26 26 26 26
          26 26 26 26 28 28
          28 28 28 28 28 28
          28 28 28 28 28 28
          28 30 30 30 30 30
          30 30 30 30 30 30
          30 30 30 30 32 32
          32 32 32 32 32 32
          32 32 32 32 32 32
          32 34 34 34 34 34
          34 34 34 34 34 34
          34 34 34 34 36 36
          36 36 36 36 36 36
          36 36 36 36 36 36
          36 38 38 38 38 38
          38 38 38 38 38 38
          38 38 38 38 40 40
          40 40 40 40 40 40
          40 40 40 40 40 40
          40 42 42 42 42 42
          42 42 42 42 42 42
          42 42 42 42 44 44
          44 44 44 44 44 44
          44 44 44 44 44 44
          44 46 46 46 46 46
          46 46 46 46 46 46
          46 46 46 46 48 48
          48 48 48 48 48 48
          48 48 48 48 48 48
          48 50 50 50 50 50
          50 50 50 50 50 50
          50 50 50 50 52 52
          52 52 52 52 52 52
          52 52 52 52 52 52
          52 54 54 54 54 54
          54 54 54 54 54 54
          54 54 54 54 56 56
          56 56 56 56 56 56
          56 56 56 56 56 56
          56 58 58 58 58 58
          58 58 58 58 58 58
          58 58 58 58 60 60
          60 60 60 60 60 60
          60 60 60 60 60 60
          60 62 62 62 62 62
          62 62 62 62 62 62
          62 62 62 62 64 64
          64 64 64 64 64 64
          64 64 64 64 64 64
          64 66 66 66 66 66
          66 66 66 66 66 66
          66 66 66 66 68 68
          68 68 68 68 68 68
          68 68 68 68 68 68
          68 70 70 70 70 70
          70 70 70 70 70 70
          70 70 70 70 72 72
          72 72 72 72 72 72
          72 72 72 72 72 72
          72 74 74 74 74 74
          74 74 74 74 74 74
          74 74 74 74 76 76
          76 76 76 76 76 76
          76 76 76 76 76 76
          76 78 78 78 78 78
          78 78 78 78 78 78
          78 78 78 78 80 80
          80 80 80 80 80 80
          80 80 80 80 80 80
          80 80 80 80 80 80
          2 2 2 2 2 3
          3 3 3 3 3 3
          3 3 3 3 3 3
          3 3 5 5 5 5
          5 5 5 5 5 5
          5 5 5 5 5 7
          7 7 7 7 7 7
          7 7 7 7 7 7
          7 7 9 9 9 9
          9 9 9 9 9 9
          9 9 9 9 9 11
          11 11 11 11 11 11
          11 11 11 11 11 11
          11 11 13 13 13 13
          13 13 13 13 13 13
          13 13 13 13 13 15
          15 15 15 15 15 15
          15 15 15 15 15 15
          15 15 17 17 17 17
          17 17 17 17 17 17
          17 17 17 17 17 19
          19 19 19 19 19 19
          19 19 19 19 19 19
          19 19 21 21 21 21
          21 21 21 21 21 21
          21 21 21 21 21 23
          23 23 23 23 23 23
          23 23 23 23 23 23
          23 23 25 25 25 25
          25 25 25 25 25 25
          25 25 25 25 25 27
          27 27 27 27 27 27
          27 27 27 27 27 27
          27 27 29 29 29 29
          29 29 29 29 29 29
          29 29 29 29 29 31
          31 31 31 31 31 31
          31 31 31 31 31 31
          31 31 33 33 33 33
          33 33 33 33 33 33
          33 33 33 33 33 35
          35 35 35 35 35 35
          35 35 35 35 35 35
          35 35 37 37 37 37
          37 37 37 37 37 37
          37 37 37 37 37 39
          39 39 39 39 39 39
          39 39 39 39 39 39
          39 39 41 41 41 41
          41 41 41 41 41 41
          41 41 41 41 41 43
          43 43 43 43 43 43
          43 43 43 43 43 43
          43 43 45 45 45 45
          45 45 45 45 45 45
          45 45 45 45 45 47
          47 47 47 47 47 47
          47 47 47 47 47 47
          47 47 49 49 49 49
          49 49 49 49 49 49
          49 49 49 49 49 51
          51 51 51 51 51 51
          51 51 51 51 51 51
          51 51 53 53 53 53
          53 53 53 53 53 53
          53 53 53 53 53 55
          55 55 55 55 55 55
          55 55 55 55 55 55
          55 55 57 57 57 57
          57 57 57 57 57 57
          57 57 57 57 57 59
          59 59 59 59 59 59
          59 59 59 59 59 59
          59 59 61 61 61 61
          61 61 61 61 61 61
          61 61 61 61 61 63
          63 63 63 63 63 63
          63 63 63 63 63 63
          63 63 65 65 65 65
          65 65 65 65 65 65
          65 65 65 65 65 67
          67 67 67 67 67 67
          67 67 67 67 67 67
          67 67 69 69 69 69
          69 69 69 69 69 69
          69 69 69 69 69 71
          71 71 71 71 71 71
          71 71 71 71 71 71
          71 71 73 73 73 73
          73 73 73 73 73 73
          73 73 73 73 73 75
          75 75 75 75 75 75
          75 75 75 75 75 75
          75 75 77 77 77 77
          77 77 77 77 77 77
          77 77 77 77 77 79
          79 79 79 79 79 79
          79 79 79 79 79 79
          79 79 81 81 81 81
          81 81 81 81 81 81
          81 81 81 81 81 80
          80 80 80 80 2 2
          2 2 2 3 3 3
          3 3 3 3 3 3
          3 3 3 3 3 3
          5 5 5 5 5 5
          5 5 5 5 5 5
          5 5 5 7 7 7
          7 7 7 7 7 7
          7 7 7 7 7 7
          9 9 9 9 9 9
          9 9 9 9 9 9
          9 9 9 11 11 11
          11 11 11 11 11 11
          11 11 11 11 11 11
          13 13 13 13 13 13
          13 13 13 13 13 13
          13 13 13 15 15 15
          15 15 15 15 15 15
          15 15 15 15 15 15
          17 17 17 17 17 17
          17 17 17 17 17 17
          17 17 17 19 19 19
          19 19 19 19 19 19
          19 19 19 19 19 19
          21 21 21 21 21 21
          21 21 21 21 21 21
          21 21 21 23 23 23
          23 23 23 23 23 23
          23 23 23 23 23 23
          25 25 25 25 25 25
          25 25 25 25 25 25
          25 25 25 27 27 27
          27 27 27 27 27 27
          27 27 27 27 27 27
          29 29 29 29 29 29
          29 29 29 29 29 29
          29 29 29 31 31 31
          31 31 31 31 31 31
          31 31 31 31 31 31
          33 33 33 33 33 33
          33 33 33 33 33 33
          33 33 33 35 35 35
          35 35 35 35 35 35
          35 35 35 35 35 35
          37 37 37 37 37 37
          37 37 37 37 37 37
          37 37 37 39 39 39
          39 39 39 39 39 39
          39 39 39 39 39 39
          41 41 41 41 41 41
          41 41 41 41 41 41
          41 41 41 43 43 43
          43 43 43 43 43 43
          43 43 43 43 43 43
          45 45 45 45 45 45
          45 45 45 45 45 45
          45 45 45 47 47 47
          47 47 47 47 47 47
          47 47 47 47 47 47
          49 49 49 49 49 49
          49 49 49 49 49 49
          49 49 49 51 51 51
          51 51 51 51 51 51
          51 51 51 51 51 51
          53 53 53 53 53 53
          53 53 53 53 53 53
          53 53 53 55 55 55
          55 55 55 55 55 55
          55 55 55 55 55 55
          57 57 57 57 57 57
          57 57 57 57 57 57
          57 57 57 59 59 59
          59 59 59 59 59 59
          59 59 59 59 59 59
          61 61 61 61 61 61
          61 61 61 61 61 61
          61 61 61 63 63 63
          63 63 63 63 63 63
          63 63 63 63 63 63
          65 65 65 65 65 65
          65 65 65 65 65 65
          65 65 65 67 67 67
          67 67 67 67 67 67
          67 67 67 67 67 67
          69 69 69 69 69 69
          69 69 69 69 69 69
          69 69 69 71 71 71
          71 71 71 71 71 71
          71 71 71 71 71 71
          73 73 73 73 73 73
          73 73 73 73 73 73
          73 73 73 75 75 75
          75 75 75 75 75 75
          75 75 75 75 75 75
          77 77 77 77 77 77
          77 77 77 77 77 77
          77 77 77 79 79 79
          79 79 79 79 79 79
          79 79 79 79 79 79
          81 81 81 81 81 81
          81 81 81 81 81 81
          81 81 81 80 80 80
          80 80 2 2 2 2
          2 2 2 2 2 2
          2 2 2 2 2 2
          2 2 2 2 4 4
          4 4 4 4 4 4
          4 4 4 4 4 4
          4 6 6 6 6 6
          6 6 6 6 6 6
          6 6 6 6 8 8
          8 8 8 8 8 8
          8 8 8 8 8 8
          8 10 10 10 10 10
          10 10 10 10 10 10
          10 10 10 10 12 12
          12 12 12 12 12 12
          12 12 12 12 12 12
          12 14 14 14 14 14
          14 14 14 14 14 14
          14 14 14 14 16 16
          16 16 16 16 16 16
          16 16 16 16 16 16
          16 18 18 18 18 18
          18 18 18 18 18 18
          18 18 18 18 20 20
          20 20 20 20 20 20
          20 20 20 20 20 20
          20 22 22 22 22 22
          22 22 22 22 22 22
          22 22 22 22 24 24
          24 24 24 24 24 24
          24 24 24 24 24 24
          24 26 26 26 26 26
          26 26 26 26 26 26
          26 26 26 26 28 28
          28 28 28 28 28 28
          28 28 28 28 28 28
          28 30 30 30 30 30
          30 30 30 30 30 30
          30 30 30 30 32 32
          32 32 32 32 32 32
          32 32 32 32 32 32
          32 34 34 34 34 34
          34 34 34 34 34 34
          34 34 34 34 36 36
          36 36 36 36 36 36
          36 36 36 36 36 36
          36 38 38 38 38 38
          38 38 38 38 38 38
          38 38 38 38 40 40
          40 40 40 40 40 40
          40 40 40 40 40 40
          40 42 42 42 42 42
          42 42 42 42 42 42
          42 42 42 42 44 44
          44 44 44 44 44 44
          44 44 44 44 44 44
          44 46 46 46 46 46
          46 46 46 46 46 46
          46 46 46 46 48 48
          48 48 48 48 48 48
          48 48 48 48 48 48
          48 50 50 50 50 50
          50 50 50 50 50 50
          50 50 50 50 52 52
          52 52 52 52 52 52
          52 52 52 52 52 52
          52 54 54 54 54 54
          54 54 54 54 54 54
          54 54 54 54 56 56
          56 56 56 56 56 56
          56 56 56 56 56 56
          56 58 58 58 58 58
          58 58 58 58 58 58
          58 58 58 58 60 60
          60 60 60 60 60 60
          60 60 60 60 60 60
          60 62 62 62 62 62
          62 62 62 62 62 62
          62 62 62 62 64 64
          64 64 64 64 64 64
          64 64 64 64 64 64
          64 66 66 66 66 66
          66 66 66 66 66 66
          66 66 66 66 68 68
          68 68 68 68 68 68
          68 68 68 68 68 68
          68 70 70 70 70 70
          70 70 70 70 70 70
          70 70 70 70 72 72
          72 72 72 72 72 72
          72 72 72 72 72 72
          72 74 74 74 74 74
          74 74 74 74 74 74
          74 74 74 74 76 76
          76 76 76 76 76 76
          76 76 76 76 76 76
          76 78 78 78 78 78
          78 78 78 78 78 78
          78 78 78 78 80 80
          80 80 80 80 80 80
          80 80 80 80 80 80
          80 80 80 80 80 80
          2 2 2 2 2 2
          2 2 2 2 2 2
          2 2 2 2 2 2
          2 2 4 4 4 4
          4 4 4 4 4 4
          4 4 4 4 4 6
          6 6 6 6 6 6
          6 6 6 6 6 6
          6 6 8 8 8 8
          8 8 8 8 8 8
          8 8 8 8 8 10
          10 10 10 10 10 10
          10 10 10 10 10 10
          10 10 12 12 12 12
          12 12 12 12 12 12
          12 12 12 12 12 14
          14 14 14 14 14 14
          14 14 14 14 14 14
          14 14 16 16 16 16
          16 16 16 16 16 16
          16 16 16 16 16 18
          18 18 18 18 18 18
          18 18 18 18 18 18
          18 18 20 20 20 20
          20 20 20 20 20 20
          20 20 20 20 20 22
          22 22 22 22 22 22
          22 22 22 22 22 22
          22 22 24 24 24 24
          24 24 24 24 24 24
          24 24 24 24 24 26
          26 26 26 26 26 26
          26 26 26 26 26 26
          26 26 28 28 28 28
          28 28 28 28 28 28
          28 28 28 28 28 30
          30 30 30 30 30 30
          30 30 30 30 30 30
          30 30 32 32 32 32
          32 32 32 32 32 32
          32 32 32 32 32 34
          34 34 34 34 34 34
          34 34 34 34 34 34
          34 34 36 36 36 36
          36 36 36 36 36 36
          36 36 36 36 36 38
          38 38 38 38 38 38
          38 38 38 38 38 38
          38 38 40 40 40 40
          40 40 40 40 40 40
          40 40 40 40 40 42
          42 42 42 42 42 42
          42 42 42 42 42 42
          42 42 44 44 44 44
          44 44 44 44 44 44
          44 44 44 44 44 46
          46 46 46 46 46 46
          46 46 46 46 46 46
          46 46 48 48 48 48
          48 48 48 48 48 48
          48 48 48 48 48 50
          50 50 50 50 50 50
          50 50 50 50 50 50
          50 50 52 52 52 52
          52 52 52 52 52 52
          52 52 52 52 52 54
          54 54 54 54 54 54
          54 54 54 54 54 54
          54 54 56 56 56 56
          56 56 56 56 56 56
          56 56 56 56 56 58
          58 58 58 58 58 58
          58 58 58 58 58 58
          58 58 60 60 60 60
          60 60 60 60 60 60
          60 60 60 60 60 62
          62 62 62 62 62 62
          62 62 62 62 62 62
          62 62 64 64 64 64
          64 64 64 64 64 64
          64 64 64 64 64 66
          66 66 66 66 66 66
          66 66 66 66 66 66
          66 66 68 68 68 68
          68 68 68 68 68 68
          68 68 68 68 68 70
          70 70 70 70 70 70
          70 70 70 70 70 70
          70 70 72 72 72 72
          72 72 72 72 72 72
          72 72 72 72 72 74
          74 74 74 74 74 74
          74 74 74 74 74 74
          74 74 76 76 76 76
          76 76 76 76 76 76
          76 76 76 76 76 78
          78 78 78 78 78 78
          78 78 78 78 78 78
          78 78 80 80 80 80
          80 80 80 80 80 80
          80 80 80 80 80 80
          80 80 80 80 2 2
          2 2 2 2 2 2
          2 2 2 2 2 2
          2 2 2 2 2 2
          4 4 4 4 4 4
          4 4 4 4 4 4
          4 4 4 6 6 6
          6 6 6 6 6 6
          6 6 6 6 6 6
          8 8 8 8 8 8
          8 8 8 8 8 8
          8 8 8 10 10 10
          10 10 10 10 10 10
          10 10 10 10 10 10
          12 12 12 12 12 12
          12 12 12 12 12 12
          12 12 12 14 14 14
          14 14 14 14 14 14
          14 14 14 14 14 14
          16 16 16 16 16 16
          16 16 16 16 16 16
          16 16 16 18 18 18
          18 18 18 18 18 18
          18 18 18 18 18 18
          20 20 20 20 20 20
          20 20 20 20 20 20
          20 20 20 22 22 22
          22 22 22 22 22 22
          22 22 22 22 22 22
          24 24 24 24 24 24
          24 24 24 24 24 24
          24 24 24 26 26 26
          26 26 26 26 26 26
          26 26 26 26 26 26
          28 28 28 28 28 28
          28 28 28 28 28 28
          28 28 28 30 30 30
          30 30 30 30 30 30
          30 30 30 30 30 30
          32 32 32 32 32 32
          32 32 32 32 32 32
          32 32 32 34 34 34
          34 34 34 34 34 34
          34 34 34 34 34 34
          36 36 36 36 36 36
          36 36 36 36 36 36
          36 36 36 38 38 38
          38 38 38 38 38 38
          38 38 38 38 38 38
          40 40 40 40 40 40
          40 40 40 40 40 40
          40 40 40 42 42 42
          42 42 42 42 42 42
          42 42 42 42 42 42
          44 44 44 44 44 44
          44 44 44 44 44 44
          44 44 44 46 46 46
          46 46 46 46 46 46
          46 46 46 46 46 46
          48 48 48 48 48 48
          48 48 48 48 48 48
          48 48 48 50 50 50
          50 50 50 50 50 50
          50 50 50 50 50 50
          52 52 52 52 52 52
          52 52 52 52 52 52
          52 52 52 54 54 54
          54 54 54 54 54 54
          54 54 54 54 54 54
          56 56 56 56 56 56
          56 56 56 56 56 56
          56 56 56 58 58 58
          58 58 58 58 58 58
          58 58 58 58 58 58
          60 60 60 60 60 60
          60 60 60 60 60 60
          60 60 60 62 62 62
          62 62 62 62 62 62
          62 62 62 62 62 62
          64 64 64 64 64 64
          64 64 64 64 64 64
          64 64 64 66 66 66
          66 66 66 66 66 66
          66 66 66 66 66 66
          68 68 68 68 68 68
          68 68 68 68 68 68
          68 68 68 70 70 70
          70 70 70 70 70 70
          70 70 70 70 70 70
          72 72 72 72 72 72
          72 72 72 72 72 72
          72 72 72 74 74 74
          74 74 74 74 74 74
          74 74 74 74 74 74
          76 76 76 76 76 76
          76 76 76 76 76 76
          76 76 76 78 78 78
          78 78 78 78 78 78
          78 78 78 78 78 78
          80 80 80 80 80 80
          80 80 80 80 80 80
          80 80 80 80 80 80
          80 80 2 2 2 2
          2 2 2 2 2 2
          2 2 2 2 2 2
          2 2 2 2 4 4
          4 4 4 4 4 4
          4 4 4 4 4 4
          4 6 6 6 6 6
          6 6 6 6 6 6
          6 6 6 6 8 8
          8 8 8 8 8 8
          8 8 8 8 8 8
          8 10 10 10 10 10
          10 10 10 10 10 10
          10 10 10 10 12 12
          12 12 12 12 12 12
          12 12 12 12 12 12
          12 14 14 14 14 14
          14 14 14 14 14 14
          14 14 14 14 16 16
          16 16 16 16 16 16
          16 16 16 16 16 16
          16 18 18 18 18 18
          18 18 18 18 18 18
          18 18 18 18 20 20
          20 20 20 20 20 20
          20 20 20 20 20 20
          20 22 22 22 22 22
          22 22 22 22 22 22
          22 22 22 22 24 24
          24 24 24 24 24 24
          24 24 24 24 24 24
          24 26 26 26 26 26
          26 26 26 26 26 26
          26 26 26 26 28 28
          28 28 28 28 28 28
          28 28 28 28 28 28
          28 30 30 30 30 30
          30 30 30 30 30 30
          30 30 30 30 32 32
          32 32 32 32 32 32
          32 32 32 32 32 32
          32 34 34 34 34 34
          34 34 34 34 34 34
          34 34 34 34 36 36
          36 36 36 36 36 36
          36 36 36 36 36 36
          36 38 38 38 38 38
          38 38 38 38 38 38
          38 38 38 38 40 40
          40 40 40 40 40 40
          40 40 40 40 40 40
          40 42 42 42 42 42
          42 42 42 42 42 42
          42 42 42 42 44 44
          44 44 44 44 44 44
          44 44 44 44 44 44
          44 46 46 46 46 46
          46 46 46 46 46 46
          46 46 46 46 48 48
          48 48 48 48 48 48
          48 48 48 48 48 48
          48 50 50 50 50 50
          50 50 50 50 50 50
          50 50 50 50 52 52
          52 52 52 52 52 52
          52 52 52 52 52 52
          52 54 54 54 54 54
          54 54 54 54 54 54
          54 54 54 54 56 56
          56 56 56 56 56 56
          56 56 56 56 56 56
          56 58 58 58 58 58
          58 58 58 58 58 58
          58 58 58 58 60 60
          60 60 60 60 60 60
          60 60 60 60 60 60
          60 62 62 62 62 62
          62 62 62 62 62 62
          62 62 62 62 64 64
          64 64 64 64 64 64
          64 64 64 64 64 64
          64 66 66 66 66 66
          66 66 66 66 66 66
          66 66 66 66 68 68
          68 68 68 68 68 68
          68 68 68 68 68 68
          68 70 70 70 70 70
          70 70 70 70 70 70
          70 70 70 70 72 72
          72 72 72 72 72 72
          72 72 72 72 72 72
          72 74 74 74 74 74
          74 74 74 74 74 74
          74 74 74 74 76 76
          76 76 76 76 76 76
          76 76 76 76 76 76
          76 78 78 78 78 78
          78 78 78 78 78 78
          78 78 78 78 80 80
          80 80 80 80 80 80
          80 80 80 80 80 80
          80 80 80 80 80 80
          2 2 2 2 2 2
          2 2 2 2 2 2
          2 2 2 2 2 2
          2 2 4 4 4 4
          4 4 4 4 4 4
          4 4 4 4 4 6
          6 6 6 6 6 6
          6 6 6 6 6 6
          6 6 8 8 8 8
          8 8 8 8 8 8
          8 8 8 8 8 10
          10 10 10 10 10 10
          10 10 10 10 10 10
          10 10 12 12 12 12
          12 12 12 12 12 12
          12 12 12 12 12 14
          14 14 14 14 14 14
          14 14 14 14 14 14
          14 14 16 16 16 16
          16 16 16 16 16 16
          16 16 16 16 16 18
          18 18 18 18 18 18
          18 18 18 18 18 18
          18 18 20 20 20 20
          20 20 20 20 20 20
          20 20 20 20 20 22
          22 22 22 22 22 22
          22 22 22 22 22 22
          22 22 24 24 24 24
          24 24 24 24 24 24
          24 24 24 24 24 26
          26 26 26 26 26 26
          26 26 26 26 26 26
          26 26 28 28 28 28
          28 28 28 28 28 28
          28 28 28 28 28 30
          30 30 30 30 30 30
          30 30 30 30 30 30
          30 30 32 32 32 32
          32 32 32 32 32 32
          32 32 32 32 32 34
          34 34 34 34 34 34
          34 34 34 34 34 34
          34 34 36 36 36 36
          36 36 36 36 36 36
          36 36 36 36 36 38
          38 38 38 38 38 38
          38 38 38 38 38 38
          38 38 40 40 40 40
          40 40 40 40 40 40
          40 40 40 40 40 42
          42 42 42 42 42 42
          42 42 42 42 42 42
          42 42 44 44 44 44
          44 44 44 44 44 44
          44 44 44 44 44 46
          46 46 46 46 46 46
          46 46 46 46 46 46
          46 46 48 48 48 48
          48 48 48 48 48 48
          48 48 48 48 48 50
          50 50 50 50 50 50
          50 50 50 50 50 50
          50 50 52 52 52 52
          52 52 52 52 52 52
          52 52 52 52 52 54
          54 54 54 54 54 54
          54 54 54 54 54 54
          54 54 56 56 56 56
          56 56 56 56 56 56
          56 56 56 56 56 58
          58 58 58 58 58 58
          58 58 58 58 58 58
          58 58 60 60 60 60
          60 60 60 60 60 60
          60 60 60 60 60 62
          62 62 62 62 62 62
          62 62 62 62 62 62
          62 62 64 64 64 64
          64 64 64 64 64 64
          64 64 64 64 64 66
          66 66 66 66 66 66
          66 66 66 66 66 66
          66 66 68 68 68 68
          68 68 68 68 68 68
          68 68 68 68 68 70
          70 70 70 70 70 70
          70 70 70 70 70 70
          70 70 72 72 72 72
          72 72 72 72 72 72
          72 72 72 72 72 74
          74 74 74 74 74 74
          74 74 74 74 74 74
          74 74 76 76 76 76
          76 76 76 76 76 76
          76 76 76 76 76 78
          78 78 78 78 78 78
          78 78 78 78 78 78
          78 78 80 80 80 80
          80 80 80 80 80 80
          80 80 80 80 80 80
          80 80 80 80
        </DataArray>
      </CellData>
      <Points>
        <DataArray type="Float32" Name="Points" NumberOfComponents="3" format="ascii">
        -6.1000  -0.2000  -0.2000  -6.0000  -0.2000  -0.2000
        -5.9000  -0.2000  -0.2000  -5.8000  -0.2000  -0.2000
        -5.7000  -0.2000  -0.2000  -5.6000  -0.2000  -0.2000
        -5.5000  -0.2000  -0.2000  -5.4000  -0.2000  -0.2000
        -5.3000  -0.2000  -0.2000  -5.2000  -0.2000  -0.2000
        -5.1000  -0.2000  -0.2000  -5.0000  -0.2000  -0.2000
        -4.9000  -0.2000  -0.2000  -4.8000  -0.2000  -0.2000
        -4.7000  -0.2000  -0.2000  -4.6000  -0.2000  -0.2000
        -4.5000  -0.2000  -0.2000  -4.4000  -0.2000  -0.2000
        -4.3000  -0.2000  -0.2000  -4.2000  -0.2000  -0.2000
        -4.1000  -0.2000  -0.2000  -4.0000  -0.2000  -0.2000
        -3.9000  -0.2000  -0.2000  -3.8000  -0.2000  -0.2000
        -3.7000  -0.2000  -0.2000  -3.6000  -0.2000  -0.2000
        -3.5000  -0.2000  -0.2000  -3.4000  -0.2000  -0.2000
        -3.3000  -0.2000  -0.2000  -3.2000  -0.2000  -0.2000
        -3.1000  -0.2000  -0.2000  -3.0000  -0.2000  -0.2000
        -2.9000  -0.2000  -0.2000  -2.8000  -0.2000  -0.2000
        -2.7000  -0.2000  -0.2000  -2.6000  -0.2000  -0.2000
        -2.5000  -0.2000  -0.2000  -2.4000  -0.2000  -0.2000
        -2.3000  -0.2000  -0.2000  -2.2000  -0.2000  -0.2000
        -2.1000  -0.2000  -0.2000  -2.0000  -0.2000  -0.2000
        -1.9000  -0.2000  -0.2000  -1.8000  -0.2000  -0.2000
        -1.7000  -0.2000  -0.2000  -1.6000  -0.2000  -0.2000
        -1.5000  -0.2000  -0.2000  -1.4000  -0.2000  -0.2000
        -1.3000  -0.2000  -0.2000  -1.2000  -0.2000  -0.2000
        -1.1000  -0.2000  -0.2000  -1.0000  -0.2000  -0.2000
        -0.9000  -0.2000  -0.2000  -0.8000  -0.2000  -0.2000
        -0.7000  -0.2000  -0.2000  -0.6000  -0.2000  -0.2000
        -0.5000  -0.2000  -0.2000  -0.4000  -0.2000  -0.2000
        -0.3000  -0.2000  -0.2000  -0.2000  -0.2000  -0.2000
        -0.1000  -0.2000  -0.2000        0  -0.2000  -0.2000
         0.1000  -0.2000  -0.2000   0.2000  -0.2000  -0.2000
         0.3000  -0.2000  -0.2000   0.4000  -0.2000  -0.2000
         0.5000  -0.2000  -0.2000   0.6000  -0.2000  -0.2000
         0.7000  -0.2000  -0.2000   0.8000  -0.2000  -0.2000
         0.9000  -0.2000  -0.2000   1.0000  -0.2000  -0.2000
         1.1000  -0.2000  -0.2000   1.2000  -0.2000  -0.2000
         1.3000  -0.2000  -0.2000   1.4000  -0.2000  -0.2000
         1.5000  -0.2000  -0.2000   1.6000  -0.2000  -0.2000
         1.7000  -0.2000  -0.2000   1.8000  -0.2000  -0.2000
         1.9000  -0.2000  -0.2000   2.0000  -0.2000  -0.2000
         2.1000  -0.2000  -0.2000   2.2000  -0.2000  -0.2000
         2.3000  -0.2000  -0.2000   2.4000  -0.2000  -0.2000
         2.5000  -0.2000  -0.2000   2.6000  -0.2000  -0.2000
         2.7000  -0.2000  -0.2000   2.8000  -0.2000  -0.2000
         2.9000  -0.2000  -0.2000   3.0000  -0.2000  -0.2000
         3.1000  -0.2000  -0.2000   3.2000  -0.2000  -0.2000
         3.3000  -0.2000  -0.2000   3.4000  -0.2000  -0.2000
         3.5000  -0.2000  -0.2000   3.6000  -0.2000  -0.2000
         3.7000  -0.2000  -0.2000   3.8000  -0.2000  -0.2000
         3.9000  -0.2000  -0.2000   4.0000  -0.2000  -0.2000
         4.1000  -0.2000  -0.2000   4.2000  -0.2000  -0.2000
         4.3000  -0.2000  -0.2000   4.4000  -0.2000  -0.2000
         4.5000  -0.2000  -0.2000   4.6000  -0.2000  -0.2000
         4.7000  -0.2000  -0.2000   4.8000  -0.2000  -0.2000
         4.9000  -0.2000  -0.2000   5.0000  -0.2000  -0.2000
         5.1000  -0.2000  -0.2000   5.2000  -0.2000  -0.2000
         5.3000  -0.2000  -0.2000   5.4000  -0.2000  -0.2000
         5.5000  -0.2000  -0.2000   5.6000  -0.2000  -0.2000
         5.7000  -0.2000  -0.2000   5.8000  -0.2000  -0.2000
         5.9000  -0.2000  -0.2000   6.0000  -0.2000  -0.2000
        6.1000  -0.2000  -0.2000  -6.1000  -0.1000  -0.2000
        -6.0000  -0.1000  -0.2000  -5.9000  -0.1000  -0.2000
        -5.8000  -0.1000  -0.2000  -5.7000  -0.1000  -0.2000
        -5.6000  -0.1000  -0.2000  -5.5000  -0.1000  -0.2000
        -5.4000  -0.1000  -0.2000  -5.3000  -0.1000  -0.2000
        -5.2000  -0.1000  -0.2000  -5.1000  -0.1000  -0.2000
        -5.0000  -0.1000  -0.2000  -4.9000  -0.1000  -0.2000
        -4.8000  -0.1000  -0.2000  -4.7000  -0.1000  -0.2000
        -4.6000  -0.1000  -0.2000  -4.5000  -0.1000  -0.2000
        -4.4000  -0.1000  -0.2000  -4.3000  -0.1000  -0.2000
        -4.2000  -0.1000  -0.2000  -4.1000  -0.1000  -0.2000
        -4.0000  -0.1000  -0.2000  -3.9000  -0.1000  -0.2000
        -3.8000  -0.1000  -0.2000  -3.7000  -0.1000  -0.2000
        -3.6000  -0.1000  -0.2000  -3.5000  -0.1000  -0.2000
        -3.4000  -0.1000  -0.2000  -3.3000  -0.1000  -0.2000
        -3.2000  -0.1000  -0.2000  -3.1000  -0.1000  -0.2000
        -3.0000  -0.1000  -0.2000  -2.9000  -0.1000  -0.2000
        -2.8000  -0.1000  -0.2000  -2.7000  -0.1000  -0.2000
        -2.6000  -0.1000  -0.2000  -2.5000  -0.1000  -0.2000
        -2.4000  -0.1000  -0.2000  -2.3000  -0.1000  -0.2000
        -2.2000  -0.1000  -0.2000  -2.1000  -0.1000  -0.2000
        -2.0000  -0.1000  -0.2000  -1.9000  -0.1000  -0.2000
        -1.8000  -0.1000  -0.2000  -1.7000  -0.1000  -0.2000
        -1.6000  -0.1000  -0.2000  -1.5000  -0.1000  -0.2000
        -1.4000  -0.1000  -0.2000  -1.3000  -0.1000  -0.2000
        -1.2000  -0.1000  -0.2000  -1.1000  -0.1000  -0.2000
        -1.0000  -0.1000  -0.2000  -0.9000  -0.1000  -0.2000
        -0.8000  -0.1000  -0.2000  -0.7000  -0.1000  -0.2000
        -0.6000  -0.1000  -0.2000  -0.5000  -0.1000  -0.2000
        -0.4000  -0.1000  -0.2000  -0.3000  -0.1000  -0.2000
        -0.2000  -0.1000  -0.2000  -0.1000  -0.1000  -0.2000
        0  -0.1000  -0.2000   0.1000  -0.1000  -0.2000
        0.2000  -0.1000  -0.2000   0.3000  -0.1000  -0.2000
        0.4000  -0.1000  -0.2000   0.5000  -0.1000  -0.2000
        0.6000  -0.1000  -0.2000   0.7000  -0.1000  -0.2000
        0.8000  -0.1000  -0.2000   0.9000  -0.1000  -0.2000
        1.0000  -0.1000  -0.2000   1.1000  -0.1000  -0.2000
        1.2000  -0.1000  -0.2000   1.3000  -0.1000  -0.2000
        1.4000  -0.1000  -0.2000   1.5000  -0.1000  -0.2000
        1.6000  -0.1000  -0.2000   1.7000  -0.1000  -0.2000
        1.8000  -0.1000  -0.2000   1.9000  -0.1000  -0.2000
        2.0000  -0.1000  -0.2000   2.1000  -0.1000  -0.2000
        2.2000  -0.1000  -0.2000   2.3000  -0.1000  -0.2000
        2.4000  -0.1000  -0.2000   2.5000  -0.1000  -0.2000
        2.6000  -0.1000  -0.2000   2.7000  -0.1000  -0.2000
        2.8000  -0.1000  -0.2000   2.9000  -0.1000  -0.2000
        3.0000  -0.1000  -0.2000   3.1000  -0.1000  -0.2000
        3.2000  -0.1000  -0.2000   3.3000  -0.1000  -0.2000
        3.4000  -0.1000  -0.2000   3.5000  -0.1000  -0.2000
        3.6000  -0.1000  -0.2000   3.7000  -0.1000  -0.2000
        3.8000  -0.1000  -0.2000   3.9000  -0.1000  -0.2000
        4.0000  -0.1000  -0.2000   4.1000  -0.1000  -0.2000
        4.2000  -0.1000  -0.2000   4.3000  -0.1000  -0.2000
        4.4000  -0.1000  -0.2000   4.5000  -0.1000  -0.2000
        4.6000  -0.1000  -0.2000   4.7000  -0.1000  -0.2000
        4.8000  -0.1000  -0.2000   4.9000  -0.1000  -0.2000
        5.0000  -0.1000  -0.2000   5.1000  -0.1000  -0.2000
        5.2000  -0.1000  -0.2000   5.3000  -0.1000  -0.2000
        5.4000  -0.1000  -0.2000   5.5000  -0.1000  -0.2000
        5.6000  -0.1000  -0.2000   5.7000  -0.1000  -0.2000
        5.8000  -0.1000  -0.2000   5.9000  -0.1000  -0.2000
        6.0000  -0.1000  -0.2000   6.1000  -0.1000  -0.2000
      -6.1000        0  -0.2000  -6.0000        0  -0.2000
      -5.9000        0  -0.2000  -5.8000        0  -0.2000
      -5.7000        0  -0.2000  -5.6000        0  -0.2000
      -5.5000        0  -0.2000  -5.4000        0  -0.2000
      -5.3000        0  -0.2000  -5.2000        0  -0.2000
      -5.1000        0  -0.2000  -5.0000        0  -0.2000
      -4.9000        0  -0.2000  -4.8000        0  -0.2000
      -4.7000        0  -0.2000  -4.6000        0  -0.2000
      -4.5000        0  -0.2000  -4.4000        0  -0.2000
      -4.3000        0  -0.2000  -4.2000        0  -0.2000
      -4.1000        0  -0.2000  -4.0000        0  -0.2000
      -3.9000        0  -0.2000  -3.8000        0  -0.2000
      -3.7000        0  -0.2000  -3.6000        0  -0.2000
      -3.5000        0  -0.2000  -3.4000        0  -0.2000
      -3.3000        0  -0.2000  -3.2000        0  -0.2000
      -3.1000        0  -0.2000  -3.0000        0  -0.2000
      -2.9000        0  -0.2000  -2.8000        0  -0.2000
      -2.7000        0  -0.2000  -2.6000        0  -0.2000
      -2.5000        0  -0.2000  -2.4000        0  -0.2000
      -2.3000        0  -0.2000  -2.2000        0  -0.2000
      -2.1000        0  -0.2000  -2.0000        0  -0.2000
      -1.9000        0  -0.2000  -1.8000        0  -0.2000
      -1.7000        0  -0.2000  -1.6000        0  -0.2000
      -1.5000        0  -0.2000  -1.4000        0  -0.2000
      -1.3000        0  -0.2000  -1.2000        0  -0.2000
      -1.1000        0  -0.2000  -1.0000        0  -0.2000
      -0.9000        0  -0.2000  -0.8000        0  -0.2000
      -0.7000        0  -0.2000  -0.6000        0  -0.2000
      -0.5000        0  -0.2000  -0.4000        0  -0.2000
      -0.3000        0  -0.2000  -0.2000        0  -0.2000
      -0.1000        0  -0.2000        0        0  -0.2000
      0.1000        0  -0.2000   0.2000        0  -0.2000
      0.3000        0  -0.2000   0.4000        0  -0.2000
      0.5000        0  -0.2000   0.6000        0  -0.2000
      0.7000        0  -0.2000   0.8000        0  -0.2000
      0.9000        0  -0.2000   1.0000        0  -0.2000
      1.1000        0  -0.2000   1.2000        0  -0.2000
      1.3000        0  -0.2000   1.4000        0  -0.2000
      1.5000        0  -0.2000   1.6000        0  -0.2000
      1.7000        0  -0.2000   1.8000        0  -0.2000
      1.9000        0  -0.2000   2.0000        0  -0.2000
      2.1000        0  -0.2000   2.2000        0  -0.2000
      2.3000        0  -0.2000   2.4000        0  -0.2000
      2.5000        0  -0.2000   2.6000        0  -0.2000
      2.7000        0  -0.2000   2.8000        0  -0.2000
      2.9000        0  -0.2000   3.0000        0  -0.2000
      3.1000        0  -0.2000   3.2000        0  -0.2000
      3.3000        0  -0.2000   3.4000        0  -0.2000
      3.5000        0  -0.2000   3.6000        0  -0.2000
      3.7000        0  -0.2000   3.8000        0  -0.2000
      3.9000        0  -0.2000   4.0000        0  -0.2000
      4.1000        0  -0.2000   4.2000        0  -0.2000
      4.3000        0  -0.2000   4.4000        0  -0.2000
      4.5000        0  -0.2000   4.6000        0  -0.2000
      4.7000        0  -0.2000   4.8000        0  -0.2000
      4.9000        0  -0.2000   5.0000        0  -0.2000
      5.1000        0  -0.2000   5.2000        0  -0.2000
      5.3000        0  -0.2000   5.4000        0  -0.2000
      5.5000        0  -0.2000   5.6000        0  -0.2000
      5.7000        0  -0.2000   5.8000        0  -0.2000
      5.9000        0  -0.2000   6.0000        0  -0.2000
      6.1000        0  -0.2000  -6.1000   0.1000  -0.2000
        -6.0000   0.1000  -0.2000  -5.9000   0.1000  -0.2000
        -5.8000   0.1000  -0.2000  -5.7000   0.1000  -0.2000
        -5.6000   0.1000  -0.2000  -5.5000   0.1000  -0.2000
        -5.4000   0.1000  -0.2000  -5.3000   0.1000  -0.2000
        -5.2000   0.1000  -0.2000  -5.1000   0.1000  -0.2000
        -5.0000   0.1000  -0.2000  -4.9000   0.1000  -0.2000
        -4.8000   0.1000  -0.2000  -4.7000   0.1000  -0.2000
        -4.6000   0.1000  -0.2000  -4.5000   0.1000  -0.2000
        -4.4000   0.1000  -0.2000  -4.3000   0.1000  -0.2000
        -4.2000   0.1000  -0.2000  -4.1000   0.1000  -0.2000
        -4.0000   0.1000  -0.2000  -3.9000   0.1000  -0.2000
        -3.8000   0.1000  -0.2000  -3.7000   0.1000  -0.2000
        -3.6000   0.1000  -0.2000  -3.5000   0.1000  -0.2000
        -3.4000   0.1000  -0.2000  -3.3000   0.1000  -0.2000
        -3.2000   0.1000  -0.2000  -3.1000   0.1000  -0.2000
        -3.0000   0.1000  -0.2000  -2.9000   0.1000  -0.2000
        -2.8000   0.1000  -0.2000  -2.7000   0.1000  -0.2000
        -2.6000   0.1000  -0.2000  -2.5000   0.1000  -0.2000
        -2.4000   0.1000  -0.2000  -2.3000   0.1000  -0.2000
        -2.2000   0.1000  -0.2000  -2.1000   0.1000  -0.2000
        -2.0000   0.1000  -0.2000  -1.9000   0.1000  -0.2000
        -1.8000   0.1000  -0.2000  -1.7000   0.1000  -0.2000
        -1.6000   0.1000  -0.2000  -1.5000   0.1000  -0.2000
        -1.4000   0.1000  -0.2000  -1.3000   0.1000  -0.2000
        -1.2000   0.1000  -0.2000  -1.1000   0.1000  -0.2000
        -1.0000   0.1000  -0.2000  -0.9000   0.1000  -0.2000
        -0.8000   0.1000  -0.2000  -0.7000   0.1000  -0.2000
        -0.6000   0.1000  -0.2000  -0.5000   0.1000  -0.2000
        -0.4000   0.1000  -0.2000  -0.3000   0.1000  -0.2000
        -0.2000   0.1000  -0.2000  -0.1000   0.1000  -0.2000
        0   0.1000  -0.2000   0.1000   0.1000  -0.2000
        0.2000   0.1000  -0.2000   0.3000   0.1000  -0.2000
        0.4000   0.1000  -0.2000   0.5000   0.1000  -0.2000
        0.6000   0.1000  -0.2000   0.7000   0.1000  -0.2000
        0.8000   0.1000  -0.2000   0.9000   0.1000  -0.2000
        1.0000   0.1000  -0.2000   1.1000   0.1000  -0.2000
        1.2000   0.1000  -0.2000   1.3000   0.1000  -0.2000
        1.4000   0.1000  -0.2000   1.5000   0.1000  -0.2000
        1.6000   0.1000  -0.2000   1.7000   0.1000  -0.2000
        1.8000   0.1000  -0.2000   1.9000   0.1000  -0.2000
        2.0000   0.1000  -0.2000   2.1000   0.1000  -0.2000
        2.2000   0.1000  -0.2000   2.3000   0.1000  -0.2000
        2.4000   0.1000  -0.2000   2.5000   0.1000  -0.2000
        2.6000   0.1000  -0.2000   2.7000   0.1000  -0.2000
        2.8000   0.1000  -0.2000   2.9000   0.1000  -0.2000
        3.0000   0.1000  -0.2000   3.1000   0.1000  -0.2000
        3.2000   0.1000  -0.2000   3.3000   0.1000  -0.2000
        3.4000   0.1000  -0.2000   3.5000   0.1000  -0.2000
        3.6000   0.1000  -0.2000   3.7000   0.1000  -0.2000
        3.8000   0.1000  -0.2000   3.9000   0.1000  -0.2000
        4.0000   0.1000  -0.2000   4.1000   0.1000  -0.2000
        4.2000   0.1000  -0.2000   4.3000   0.1000  -0.2000
        4.4000   0.1000  -0.2000   4.5000   0.1000  -0.2000
        4.6000   0.1000  -0.2000   4.7000   0.1000  -0.2000
        4.8000   0.1000  -0.2000   4.9000   0.1000  -0.2000
        5.0000   0.1000  -0.2000   5.1000   0.1000  -0.2000
        5.2000   0.1000  -0.2000   5.3000   0.1000  -0.2000
        5.4000   0.1000  -0.2000   5.5000   0.1000  -0.2000
        5.6000   0.1000  -0.2000   5.7000   0.1000  -0.2000
        5.8000   0.1000  -0.2000   5.9000   0.1000  -0.2000
        6.0000   0.1000  -0.2000   6.1000   0.1000  -0.2000
        -6.1000   0.2000  -0.2000  -6.0000   0.2000  -0.2000
        -5.9000   0.2000  -0.2000  -5.8000   0.2000  -0.2000
        -5.7000   0.2000  -0.2000  -5.6000   0.2000  -0.2000
        -5.5000   0.2000  -0.2000  -5.4000   0.2000  -0.2000
        -5.3000   0.2000  -0.2000  -5.2000   0.2000  -0.2000
        -5.1000   0.2000  -0.2000  -5.0000   0.2000  -0.2000
        -4.9000   0.2000  -0.2000  -4.8000   0.2000  -0.2000
        -4.7000   0.2000  -0.2000  -4.6000   0.2000  -0.2000
        -4.5000   0.2000  -0.2000  -4.4000   0.2000  -0.2000
        -4.3000   0.2000  -0.2000  -4.2000   0.2000  -0.2000
        -4.1000   0.2000  -0.2000  -4.0000   0.2000  -0.2000
        -3.9000   0.2000  -0.2000  -3.8000   0.2000  -0.2000
        -3.7000   0.2000  -0.2000  -3.6000   0.2000  -0.2000
        -3.5000   0.2000  -0.2000  -3.4000   0.2000  -0.2000
        -3.3000   0.2000  -0.2000  -3.2000   0.2000  -0.2000
        -3.1000   0.2000  -0.2000  -3.0000   0.2000  -0.2000
        -2.9000   0.2000  -0.2000  -2.8000   0.2000  -0.2000
        -2.7000   0.2000  -0.2000  -2.6000   0.2000  -0.2000
        -2.5000   0.2000  -0.2000  -2.4000   0.2000  -0.2000
        -2.3000   0.2000  -0.2000  -2.2000   0.2000  -0.2000
        -2.1000   0.2000  -0.2000  -2.0000   0.2000  -0.2000
        -1.9000   0.2000  -0.2000  -1.8000   0.2000  -0.2000
        -1.7000   0.2000  -0.2000  -1.6000   0.2000  -0.2000
        -1.5000   0.2000  -0.2000  -1.4000   0.2000  -0.2000
        -1.3000   0.2000  -0.2000  -1.2000   0.2000  -0.2000
        -1.1000   0.2000  -0.2000  -1.0000   0.2000  -0.2000
      -0.9000   0.2000  -0.2000  -0.8000   0.2000  -0.2000
      -0.7000   0.2000  -0.2000  -0.6000   0.2000  -0.2000
      -0.5000   0.2000  -0.2000  -0.4000   0.2000  -0.2000
      -0.3000   0.2000  -0.2000  -0.2000   0.2000  -0.2000
      -0.1000   0.2000  -0.2000        0   0.2000  -0.2000
      0.1000   0.2000  -0.2000   0.2000   0.2000  -0.2000
      0.3000   0.2000  -0.2000   0.4000   0.2000  -0.2000
      0.5000   0.2000  -0.2000   0.6000   0.2000  -0.2000
      0.7000   0.2000  -0.2000   0.8000   0.2000  -0.2000
      0.9000   0.2000  -0.2000   1.0000   0.2000  -0.2000
      1.1000   0.2000  -0.2000   1.2000   0.2000  -0.2000
      1.3000   0.2000  -0.2000   1.4000   0.2000  -0.2000
      1.5000   0.2000  -0.2000   1.6000   0.2000  -0.2000
      1.7000   0.2000  -0.2000   1.8000   0.2000  -0.2000
      1.9000   0.2000  -0.2000   2.0000   0.2000  -0.2000
      2.1000   0.2000  -0.2000   2.2000   0.2000  -0.2000
      2.3000   0.2000  -0.2000   2.4000   0.2000  -0.2000
      2.5000   0.2000  -0.2000   2.6000   0.2000  -0.2000
      2.7000   0.2000  -0.2000   2.8000   0.2000  -0.2000
      2.9000   0.2000  -0.2000   3.0000   0.2000  -0.2000
      3.1000   0.2000  -0.2000   3.2000   0.2000  -0.2000
      3.3000   0.2000  -0.2000   3.4000   0.2000  -0.2000
      3.5000   0.2000  -0.2000   3.6000   0.2000  -0.2000
      3.7000   0.2000  -0.2000   3.8000   0.2000  -0.2000
      3.9000   0.2000  -0.2000   4.0000   0.2000  -0.2000
      4.1000   0.2000  -0.2000   4.2000   0.2000  -0.2000
      4.3000   0.2000  -0.2000   4.4000   0.2000  -0.2000
      4.5000   0.2000  -0.2000   4.6000   0.2000  -0.2000
      4.7000   0.2000  -0.2000   4.8000   0.2000  -0.2000
      4.9000   0.2000  -0.2000   5.0000   0.2000  -0.2000
      5.1000   0.2000  -0.2000   5.2000   0.2000  -0.2000
      5.3000   0.2000  -0.2000   5.4000   0.2000  -0.2000
      5.5000   0.2000  -0.2000   5.6000   0.2000  -0.2000
      5.7000   0.2000  -0.2000   5.8000   0.2000  -0.2000
      5.9000   0.2000  -0.2000   6.0000   0.2000  -0.2000
      6.1000   0.2000  -0.2000  -6.1000  -0.2000  -0.1000
      -6.0000  -0.2000  -0.1000  -5.9000  -0.2000  -0.1000
      -5.8000  -0.2000  -0.1000  -5.7000  -0.2000  -0.1000
      -5.6000  -0.2000  -0.1000  -5.5000  -0.2000  -0.1000
      -5.4000  -0.2000  -0.1000  -5.3000  -0.2000  -0.1000
      -5.2000  -0.2000  -0.1000  -5.1000  -0.2000  -0.1000
      -5.0000  -0.2000  -0.1000  -4.9000  -0.2000  -0.1000
      -4.8000  -0.2000  -0.1000  -4.7000  -0.2000  -0.1000
      -4.6000  -0.2000  -0.1000  -4.5000  -0.2000  -0.1000
      -4.4000  -0.2000  -0.1000  -4.3000  -0.2000  -0.1000
      -4.2000  -0.2000  -0.1000  -4.1000  -0.2000  -0.1000
      -4.0000  -0.2000  -0.1000  -3.9000  -0.2000  -0.1000
      -3.8000  -0.2000  -0.1000  -3.7000  -0.2000  -0.1000
      -3.6000  -0.2000  -0.1000  -3.5000  -0.2000  -0.1000
      -3.4000  -0.2000  -0.1000  -3.3000  -0.2000  -0.1000
      -3.2000  -0.2000  -0.1000  -3.1000  -0.2000  -0.1000
      -3.0000  -0.2000  -0.1000  -2.9000  -0.2000  -0.1000
      -2.8000  -0.2000  -0.1000  -2.7000  -0.2000  -0.1000
      -2.6000  -0.2000  -0.1000  -2.5000  -0.2000  -0.1000
      -2.4000  -0.2000  -0.1000  -2.3000  -0.2000  -0.1000
      -2.2000  -0.2000  -0.1000  -2.1000  -0.2000  -0.1000
      -2.0000  -0.2000  -0.1000  -1.9000  -0.2000  -0.1000
      -1.8000  -0.2000  -0.1000  -1.7000  -0.2000  -0.1000
      -1.6000  -0.2000  -0.1000  -1.5000  -0.2000  -0.1000
      -1.4000  -0.2000  -0.1000  -1.3000  -0.2000  -0.1000
      -1.2000  -0.2000  -0.1000  -1.1000  -0.2000  -0.1000
      -1.0000  -0.2000  -0.1000  -0.9000  -0.2000  -0.1000
      -0.8000  -0.2000  -0.1000  -0.7000  -0.2000  -0.1000
      -0.6000  -0.2000  -0.1000  -0.5000  -0.2000  -0.1000
      -0.4000  -0.2000  -0.1000  -0.3000  -0.2000  -0.1000
      -0.2000  -0.2000  -0.1000  -0.1000  -0.2000  -0.1000
      0  -0.2000  -0.1000   0.1000  -0.2000  -0.1000
      0.2000  -0.2000  -0.1000   0.3000  -0.2000  -0.1000
      0.4000  -0.2000  -0.1000   0.5000  -0.2000  -0.1000
      0.6000  -0.2000  -0.1000   0.7000  -0.2000  -0.1000
      0.8000  -0.2000  -0.1000   0.9000  -0.2000  -0.1000
      1.0000  -0.2000  -0.1000   1.1000  -0.2000  -0.1000
      1.2000  -0.2000  -0.1000   1.3000  -0.2000  -0.1000
      1.4000  -0.2000  -0.1000   1.5000  -0.2000  -0.1000
      1.6000  -0.2000  -0.1000   1.7000  -0.2000  -0.1000
      1.8000  -0.2000  -0.1000   1.9000  -0.2000  -0.1000
      2.0000  -0.2000  -0.1000   2.1000  -0.2000  -0.1000
      2.2000  -0.2000  -0.1000   2.3000  -0.2000  -0.1000
      2.4000  -0.2000  -0.1000   2.5000  -0.2000  -0.1000
      2.6000  -0.2000  -0.1000   2.7000  -0.2000  -0.1000
      2.8000  -0.2000  -0.1000   2.9000  -0.2000  -0.1000
      3.0000  -0.2000  -0.1000   3.1000  -0.2000  -0.1000
      3.2000  -0.2000  -0.1000   3.3000  -0.2000  -0.1000
      3.4000  -0.2000  -0.1000   3.5000  -0.2000  -0.1000
      3.6000  -0.2000  -0.1000   3.7000  -0.2000  -0.1000
      3.8000  -0.2000  -0.1000   3.9000  -0.2000  -0.1000
      4.0000  -0.2000  -0.1000   4.1000  -0.2000  -0.1000
      4.2000  -0.2000  -0.1000   4.3000  -0.2000  -0.1000
      4.4000  -0.2000  -0.1000   4.5000  -0.2000  -0.1000
      4.6000  -0.2000  -0.1000   4.7000  -0.2000  -0.1000
      4.8000  -0.2000  -0.1000   4.9000  -0.2000  -0.1000
      5.0000  -0.2000  -0.1000   5.1000  -0.2000  -0.1000
      5.2000  -0.2000  -0.1000   5.3000  -0.2000  -0.1000
      5.4000  -0.2000  -0.1000   5.5000  -0.2000  -0.1000
      5.6000  -0.2000  -0.1000   5.7000  -0.2000  -0.1000
      5.8000  -0.2000  -0.1000   5.9000  -0.2000  -0.1000
      6.0000  -0.2000  -0.1000   6.1000  -0.2000  -0.1000
      -6.1000  -0.1000  -0.1000  -6.0000  -0.1000  -0.1000
      -5.9000  -0.1000  -0.1000  -5.8000  -0.1000  -0.1000
      -5.7000  -0.1000  -0.1000  -5.6000  -0.1000  -0.1000
      -5.5000  -0.1000  -0.1000  -5.4000  -0.1000  -0.1000
      -5.3000  -0.1000  -0.1000  -5.2000  -0.1000  -0.1000
      -5.1000  -0.1000  -0.1000  -5.0000  -0.1000  -0.1000
      -4.9000  -0.1000  -0.1000  -4.8000  -0.1000  -0.1000
      -4.7000  -0.1000  -0.1000  -4.6000  -0.1000  -0.1000
      -4.5000  -0.1000  -0.1000  -4.4000  -0.1000  -0.1000
      -4.3000  -0.1000  -0.1000  -4.2000  -0.1000  -0.1000
      -4.1000  -0.1000  -0.1000  -4.0000  -0.1000  -0.1000
      -3.9000  -0.1000  -0.1000  -3.8000  -0.1000  -0.1000
      -3.7000  -0.1000  -0.1000  -3.6000  -0.1000  -0.1000
      -3.5000  -0.1000  -0.1000  -3.4000  -0.1000  -0.1000
      -3.3000  -0.1000  -0.1000  -3.2000  -0.1000  -0.1000
      -3.1000  -0.1000  -0.1000  -3.0000  -0.1000  -0.1000
      -2.9000  -0.1000  -0.1000  -2.8000  -0.1000  -0.1000
      -2.7000  -0.1000  -0.1000  -2.6000  -0.1000  -0.1000
      -2.5000  -0.1000  -0.1000  -2.4000  -0.1000  -0.1000
      -2.3000  -0.1000  -0.1000  -2.2000  -0.1000  -0.1000
      -2.1000  -0.1000  -0.1000  -2.0000  -0.1000  -0.1000
      -1.9000  -0.1000  -0.1000  -1.8000  -0.1000  -0.1000
      -1.7000  -0.1000  -0.1000  -1.6000  -0.1000  -0.1000
      -1.5000  -0.1000  -0.1000  -1.4000  -0.1000  -0.1000
      -1.3000  -0.1000  -0.1000  -1.2000  -0.1000  -0.1000
      -1.1000  -0.1000  -0.1000  -1.0000  -0.1000  -0.1000
    -0.9000  -0.1000  -0.1000  -0.8000  -0.1000  -0.1000
    -0.7000  -0.1000  -0.1000  -0.6000  -0.1000  -0.1000
    -0.5000  -0.1000  -0.1000  -0.4000  -0.1000  -0.1000
    -0.3000  -0.1000  -0.1000  -0.2000  -0.1000  -0.1000
    -0.1000  -0.1000  -0.1000        0  -0.1000  -0.1000
    0.1000  -0.1000  -0.1000   0.2000  -0.1000  -0.1000
    0.3000  -0.1000  -0.1000   0.4000  -0.1000  -0.1000
    0.5000  -0.1000  -0.1000   0.6000  -0.1000  -0.1000
    0.7000  -0.1000  -0.1000   0.8000  -0.1000  -0.1000
    0.9000  -0.1000  -0.1000   1.0000  -0.1000  -0.1000
    1.1000  -0.1000  -0.1000   1.2000  -0.1000  -0.1000
    1.3000  -0.1000  -0.1000   1.4000  -0.1000  -0.1000
    1.5000  -0.1000  -0.1000   1.6000  -0.1000  -0.1000
    1.7000  -0.1000  -0.1000   1.8000  -0.1000  -0.1000
    1.9000  -0.1000  -0.1000   2.0000  -0.1000  -0.1000
    2.1000  -0.1000  -0.1000   2.2000  -0.1000  -0.1000
    2.3000  -0.1000  -0.1000   2.4000  -0.1000  -0.1000
    2.5000  -0.1000  -0.1000   2.6000  -0.1000  -0.1000
    2.7000  -0.1000  -0.1000   2.8000  -0.1000  -0.1000
    2.9000  -0.1000  -0.1000   3.0000  -0.1000  -0.1000
    3.1000  -0.1000  -0.1000   3.2000  -0.1000  -0.1000
    3.3000  -0.1000  -0.1000   3.4000  -0.1000  -0.1000
    3.5000  -0.1000  -0.1000   3.6000  -0.1000  -0.1000
    3.7000  -0.1000  -0.1000   3.8000  -0.1000  -0.1000
    3.9000  -0.1000  -0.1000   4.0000  -0.1000  -0.1000
    4.1000  -0.1000  -0.1000   4.2000  -0.1000  -0.1000
    4.3000  -0.1000  -0.1000   4.4000  -0.1000  -0.1000
    4.5000  -0.1000  -0.1000   4.6000  -0.1000  -0.1000
    4.7000  -0.1000  -0.1000   4.8000  -0.1000  -0.1000
    4.9000  -0.1000  -0.1000   5.0000  -0.1000  -0.1000
    5.1000  -0.1000  -0.1000   5.2000  -0.1000  -0.1000
    5.3000  -0.1000  -0.1000   5.4000  -0.1000  -0.1000
    5.5000  -0.1000  -0.1000   5.6000  -0.1000  -0.1000
    5.7000  -0.1000  -0.1000   5.8000  -0.1000  -0.1000
    5.9000  -0.1000  -0.1000   6.0000  -0.1000  -0.1000
    6.1000  -0.1000  -0.1000  -6.1000        0  -0.1000
    -6.0000        0  -0.1000  -5.9000        0  -0.1000
    -5.8000        0  -0.1000  -5.7000        0  -0.1000
    -5.6000        0  -0.1000  -5.5000        0  -0.1000
    -5.4000        0  -0.1000  -5.3000        0  -0.1000
    -5.2000        0  -0.1000  -5.1000        0  -0.1000
    -5.0000        0  -0.1000  -4.9000        0  -0.1000
    -4.8000        0  -0.1000  -4.7000        0  -0.1000
    -4.6000        0  -0.1000  -4.5000        0  -0.1000
    -4.4000        0  -0.1000  -4.3000        0  -0.1000
    -4.2000        0  -0.1000  -4.1000        0  -0.1000
    -4.0000        0  -0.1000  -3.9000        0  -0.1000
    -3.8000        0  -0.1000  -3.7000        0  -0.1000
    -3.6000        0  -0.1000  -3.5000        0  -0.1000
    -3.4000        0  -0.1000  -3.3000        0  -0.1000
    -3.2000        0  -0.1000  -3.1000        0  -0.1000
    -3.0000        0  -0.1000  -2.9000        0  -0.1000
    -2.8000        0  -0.1000  -2.7000        0  -0.1000
    -2.6000        0  -0.1000  -2.5000        0  -0.1000
    -2.4000        0  -0.1000  -2.3000        0  -0.1000
    -2.2000        0  -0.1000  -2.1000        0  -0.1000
    -2.0000        0  -0.1000  -1.9000        0  -0.1000
    -1.8000        0  -0.1000  -1.7000        0  -0.1000
    -1.6000        0  -0.1000  -1.5000        0  -0.1000
    -1.4000        0  -0.1000  -1.3000        0  -0.1000
    -1.2000        0  -0.1000  -1.1000        0  -0.1000
    -1.0000        0  -0.1000  -0.9000        0  -0.1000
    -0.8000        0  -0.1000  -0.7000        0  -0.1000
    -0.6000        0  -0.1000  -0.5000        0  -0.1000
    -0.4000        0  -0.1000  -0.3000        0  -0.1000
    -0.2000        0  -0.1000  -0.1000        0  -0.1000
    0        0  -0.1000   0.1000        0  -0.1000
    0.2000        0  -0.1000   0.3000        0  -0.1000
    0.4000        0  -0.1000   0.5000        0  -0.1000
    0.6000        0  -0.1000   0.7000        0  -0.1000
    0.8000        0  -0.1000   0.9000        0  -0.1000
    1.0000        0  -0.1000   1.1000        0  -0.1000
    1.2000        0  -0.1000   1.3000        0  -0.1000
    1.4000        0  -0.1000   1.5000        0  -0.1000
    1.6000        0  -0.1000   1.7000        0  -0.1000
    1.8000        0  -0.1000   1.9000        0  -0.1000
    2.0000        0  -0.1000   2.1000        0  -0.1000
    2.2000        0  -0.1000   2.3000        0  -0.1000
    2.4000        0  -0.1000   2.5000        0  -0.1000
    2.6000        0  -0.1000   2.7000        0  -0.1000
    2.8000        0  -0.1000   2.9000        0  -0.1000
    3.0000        0  -0.1000   3.1000        0  -0.1000
    3.2000        0  -0.1000   3.3000        0  -0.1000
    3.4000        0  -0.1000   3.5000        0  -0.1000
    3.6000        0  -0.1000   3.7000        0  -0.1000
    3.8000        0  -0.1000   3.9000        0  -0.1000
    4.0000        0  -0.1000   4.1000        0  -0.1000
    4.2000        0  -0.1000   4.3000        0  -0.1000
    4.4000        0  -0.1000   4.5000        0  -0.1000
    4.6000        0  -0.1000   4.7000        0  -0.1000
    4.8000        0  -0.1000   4.9000        0  -0.1000
    5.0000        0  -0.1000   5.1000        0  -0.1000
    5.2000        0  -0.1000   5.3000        0  -0.1000
    5.4000        0  -0.1000   5.5000        0  -0.1000
    5.6000        0  -0.1000   5.7000        0  -0.1000
    5.8000        0  -0.1000   5.9000        0  -0.1000
    6.0000        0  -0.1000   6.1000        0  -0.1000
           -6.1000   0.1000  -0.1000  -6.0000   0.1000  -0.1000
  -5.9000   0.1000  -0.1000  -5.8000   0.1000  -0.1000
  -5.7000   0.1000  -0.1000  -5.6000   0.1000  -0.1000
  -5.5000   0.1000  -0.1000  -5.4000   0.1000  -0.1000
  -5.3000   0.1000  -0.1000  -5.2000   0.1000  -0.1000
  -5.1000   0.1000  -0.1000  -5.0000   0.1000  -0.1000
  -4.9000   0.1000  -0.1000  -4.8000   0.1000  -0.1000
  -4.7000   0.1000  -0.1000  -4.6000   0.1000  -0.1000
  -4.5000   0.1000  -0.1000  -4.4000   0.1000  -0.1000
  -4.3000   0.1000  -0.1000  -4.2000   0.1000  -0.1000
  -4.1000   0.1000  -0.1000  -4.0000   0.1000  -0.1000
  -3.9000   0.1000  -0.1000  -3.8000   0.1000  -0.1000
  -3.7000   0.1000  -0.1000  -3.6000   0.1000  -0.1000
  -3.5000   0.1000  -0.1000  -3.4000   0.1000  -0.1000
  -3.3000   0.1000  -0.1000  -3.2000   0.1000  -0.1000
  -3.1000   0.1000  -0.1000  -3.0000   0.1000  -0.1000
  -2.9000   0.1000  -0.1000  -2.8000   0.1000  -0.1000
  -2.7000   0.1000  -0.1000  -2.6000   0.1000  -0.1000
  -2.5000   0.1000  -0.1000  -2.4000   0.1000  -0.1000
  -2.3000   0.1000  -0.1000  -2.2000   0.1000  -0.1000
  -2.1000   0.1000  -0.1000  -2.0000   0.1000  -0.1000
  -1.9000   0.1000  -0.1000  -1.8000   0.1000  -0.1000
  -1.7000   0.1000  -0.1000  -1.6000   0.1000  -0.1000
  -1.5000   0.1000  -0.1000  -1.4000   0.1000  -0.1000
  -1.3000   0.1000  -0.1000  -1.2000   0.1000  -0.1000
  -1.1000   0.1000  -0.1000  -1.0000   0.1000  -0.1000
  -0.9000   0.1000  -0.1000  -0.8000   0.1000  -0.1000
  -0.7000   0.1000  -0.1000  -0.6000   0.1000  -0.1000
  -0.5000   0.1000  -0.1000  -0.4000   0.1000  -0.1000
  -0.3000   0.1000  -0.1000  -0.2000   0.1000  -0.1000
  -0.1000   0.1000  -0.1000        0   0.1000  -0.1000
   0.1000   0.1000  -0.1000   0.2000   0.1000  -0.1000
   0.3000   0.1000  -0.1000   0.4000   0.1000  -0.1000
   0.5000   0.1000  -0.1000   0.6000   0.1000  -0.1000
   0.7000   0.1000  -0.1000   0.8000   0.1000  -0.1000
   0.9000   0.1000  -0.1000   1.0000   0.1000  -0.1000
   1.1000   0.1000  -0.1000   1.2000   0.1000  -0.1000
   1.3000   0.1000  -0.1000   1.4000   0.1000  -0.1000
   1.5000   0.1000  -0.1000   1.6000   0.1000  -0.1000
   1.7000   0.1000  -0.1000   1.8000   0.1000  -0.1000
   1.9000   0.1000  -0.1000   2.0000   0.1000  -0.1000
   2.1000   0.1000  -0.1000   2.2000   0.1000  -0.1000
   2.3000   0.1000  -0.1000   2.4000   0.1000  -0.1000
   2.5000   0.1000  -0.1000   2.6000   0.1000  -0.1000
   2.7000   0.1000  -0.1000   2.8000   0.1000  -0.1000
   2.9000   0.1000  -0.1000   3.0000   0.1000  -0.1000
   3.1000   0.1000  -0.1000   3.2000   0.1000  -0.1000
   3.3000   0.1000  -0.1000   3.4000   0.1000  -0.1000
   3.5000   0.1000  -0.1000   3.6000   0.1000  -0.1000
   3.7000   0.1000  -0.1000   3.8000   0.1000  -0.1000
   3.9000   0.1000  -0.1000   4.0000   0.1000  -0.1000
   4.1000   0.1000  -0.1000   4.2000   0.1000  -0.1000
   4.3000   0.1000  -0.1000   4.4000   0.1000  -0.1000
   4.5000   0.1000  -0.1000   4.6000   0.1000  -0.1000
   4.7000   0.1000  -0.1000   4.8000   0.1000  -0.1000
   4.9000   0.1000  -0.1000   5.0000   0.1000  -0.1000
   5.1000   0.1000  -0.1000   5.2000   0.1000  -0.1000
   5.3000   0.1000  -0.1000   5.4000   0.1000  -0.1000
   5.5000   0.1000  -0.1000   5.6000   0.1000  -0.1000
   5.7000   0.1000  -0.1000   5.8000   0.1000  -0.1000
   5.9000   0.1000  -0.1000   6.0000   0.1000  -0.1000
   6.1000   0.1000  -0.1000  -6.1000   0.2000  -0.1000
  -6.0000   0.2000  -0.1000  -5.9000   0.2000  -0.1000
  -5.8000   0.2000  -0.1000  -5.7000   0.2000  -0.1000
  -5.6000   0.2000  -0.1000  -5.5000   0.2000  -0.1000
  -5.4000   0.2000  -0.1000  -5.3000   0.2000  -0.1000
  -5.2000   0.2000  -0.1000  -5.1000   0.2000  -0.1000
  -5.0000   0.2000  -0.1000  -4.9000   0.2000  -0.1000
  -4.8000   0.2000  -0.1000  -4.7000   0.2000  -0.1000
  -4.6000   0.2000  -0.1000  -4.5000   0.2000  -0.1000
  -4.4000   0.2000  -0.1000  -4.3000   0.2000  -0.1000
  -4.2000   0.2000  -0.1000  -4.1000   0.2000  -0.1000
  -4.0000   0.2000  -0.1000  -3.9000   0.2000  -0.1000
  -3.8000   0.2000  -0.1000  -3.7000   0.2000  -0.1000
  -3.6000   0.2000  -0.1000  -3.5000   0.2000  -0.1000
  -3.4000   0.2000  -0.1000  -3.3000   0.2000  -0.1000
  -3.2000   0.2000  -0.1000  -3.1000   0.2000  -0.1000
  -3.0000   0.2000  -0.1000  -2.9000   0.2000  -0.1000
  -2.8000   0.2000  -0.1000  -2.7000   0.2000  -0.1000
  -2.6000   0.2000  -0.1000  -2.5000   0.2000  -0.1000
  -2.4000   0.2000  -0.1000  -2.3000   0.2000  -0.1000
  -2.2000   0.2000  -0.1000  -2.1000   0.2000  -0.1000
  -2.0000   0.2000  -0.1000  -1.9000   0.2000  -0.1000
  -1.8000   0.2000  -0.1000  -1.7000   0.2000  -0.1000
  -1.6000   0.2000  -0.1000  -1.5000   0.2000  -0.1000
  -1.4000   0.2000  -0.1000  -1.3000   0.2000  -0.1000
  -1.2000   0.2000  -0.1000  -1.1000   0.2000  -0.1000
  -1.0000   0.2000  -0.1000  -0.9000   0.2000  -0.1000
  -0.8000   0.2000  -0.1000  -0.7000   0.2000  -0.1000
  -0.6000   0.2000  -0.1000  -0.5000   0.2000  -0.1000
  -0.4000   0.2000  -0.1000  -0.3000   0.2000  -0.1000
  -0.2000   0.2000  -0.1000  -0.1000   0.2000  -0.1000
        0   0.2000  -0.1000   0.1000   0.2000  -0.1000
   0.2000   0.2000  -0.1000   0.3000   0.2000  -0.1000
   0.4000   0.2000  -0.1000   0.5000   0.2000  -0.1000
   0.6000   0.2000  -0.1000   0.7000   0.2000  -0.1000
   0.8000   0.2000  -0.1000   0.9000   0.2000  -0.1000
   1.0000   0.2000  -0.1000   1.1000   0.2000  -0.1000
   1.2000   0.2000  -0.1000   1.3000   0.2000  -0.1000
   1.4000   0.2000  -0.1000   1.5000   0.2000  -0.1000
   1.6000   0.2000  -0.1000   1.7000   0.2000  -0.1000
   1.8000   0.2000  -0.1000   1.9000   0.2000  -0.1000
   2.0000   0.2000  -0.1000   2.1000   0.2000  -0.1000
   2.2000   0.2000  -0.1000   2.3000   0.2000  -0.1000
   2.4000   0.2000  -0.1000   2.5000   0.2000  -0.1000
   2.6000   0.2000  -0.1000   2.7000   0.2000  -0.1000
   2.8000   0.2000  -0.1000   2.9000   0.2000  -0.1000
   3.0000   0.2000  -0.1000   3.1000   0.2000  -0.1000
   3.2000   0.2000  -0.1000   3.3000   0.2000  -0.1000
   3.4000   0.2000  -0.1000   3.5000   0.2000  -0.1000
   3.6000   0.2000  -0.1000   3.7000   0.2000  -0.1000
   3.8000   0.2000  -0.1000   3.9000   0.2000  -0.1000
   4.0000   0.2000  -0.1000   4.1000   0.2000  -0.1000
   4.2000   0.2000  -0.1000   4.3000   0.2000  -0.1000
   4.4000   0.2000  -0.1000   4.5000   0.2000  -0.1000
   4.6000   0.2000  -0.1000   4.7000   0.2000  -0.1000
   4.8000   0.2000  -0.1000   4.9000   0.2000  -0.1000
   5.0000   0.2000  -0.1000   5.1000   0.2000  -0.1000
   5.2000   0.2000  -0.1000   5.3000   0.2000  -0.1000
   5.4000   0.2000  -0.1000   5.5000   0.2000  -0.1000
   5.6000   0.2000  -0.1000   5.7000   0.2000  -0.1000
   5.8000   0.2000  -0.1000   5.9000   0.2000  -0.1000
   6.0000   0.2000  -0.1000   6.1000   0.2000  -0.1000
  -6.1000  -0.2000        0  -6.0000  -0.2000        0
  -5.9000  -0.2000        0  -5.8000  -0.2000        0
  -5.7000  -0.2000        0  -5.6000  -0.2000        0
  -5.5000  -0.2000        0  -5.4000  -0.2000        0
  -5.3000  -0.2000        0  -5.2000  -0.2000        0
  -5.1000  -0.2000        0  -5.0000  -0.2000        0
  -4.9000  -0.2000        0  -4.8000  -0.2000        0
  -4.7000  -0.2000        0  -4.6000  -0.2000        0
  -4.5000  -0.2000        0  -4.4000  -0.2000        0
  -4.3000  -0.2000        0  -4.2000  -0.2000        0
  -4.1000  -0.2000        0  -4.0000  -0.2000        0
  -3.9000  -0.2000        0  -3.8000  -0.2000        0
  -3.7000  -0.2000        0  -3.6000  -0.2000        0
  -3.5000  -0.2000        0  -3.4000  -0.2000        0
  -3.3000  -0.2000        0  -3.2000  -0.2000        0
  -3.1000  -0.2000        0  -3.0000  -0.2000        0
  -2.9000  -0.2000        0  -2.8000  -0.2000        0
  -2.7000  -0.2000        0  -2.6000  -0.2000        0
  -2.5000  -0.2000        0  -2.4000  -0.2000        0
  -2.3000  -0.2000        0  -2.2000  -0.2000        0
  -2.1000  -0.2000        0  -2.0000  -0.2000        0
  -1.9000  -0.2000        0  -1.8000  -0.2000        0
  -1.7000  -0.2000        0  -1.6000  -0.2000        0
  -1.5000  -0.2000        0  -1.4000  -0.2000        0
  -1.3000  -0.2000        0  -1.2000  -0.2000        0
  -1.1000  -0.2000        0  -1.0000  -0.2000        0
  -0.9000  -0.2000        0  -0.8000  -0.2000        0
  -0.7000  -0.2000        0  -0.6000  -0.2000        0
  -0.5000  -0.2000        0  -0.4000  -0.2000        0
  -0.3000  -0.2000        0  -0.2000  -0.2000        0
  -0.1000  -0.2000        0        0  -0.2000        0
   0.1000  -0.2000        0   0.2000  -0.2000        0
   0.3000  -0.2000        0   0.4000  -0.2000        0
   0.5000  -0.2000        0   0.6000  -0.2000        0
   0.7000  -0.2000        0   0.8000  -0.2000        0
   0.9000  -0.2000        0   1.0000  -0.2000        0
   1.1000  -0.2000        0   1.2000  -0.2000        0
   1.3000  -0.2000        0   1.4000  -0.2000        0
   1.5000  -0.2000        0   1.6000  -0.2000        0
   1.7000  -0.2000        0   1.8000  -0.2000        0
   1.9000  -0.2000        0   2.0000  -0.2000        0
   2.1000  -0.2000        0   2.2000  -0.2000        0
   2.3000  -0.2000        0   2.4000  -0.2000        0
   2.5000  -0.2000        0   2.6000  -0.2000        0
   2.7000  -0.2000        0   2.8000  -0.2000        0
   2.9000  -0.2000        0   3.0000  -0.2000        0
   3.1000  -0.2000        0   3.2000  -0.2000        0
   3.3000  -0.2000        0   3.4000  -0.2000        0
   3.5000  -0.2000        0   3.6000  -0.2000        0
   3.7000  -0.2000        0   3.8000  -0.2000        0
   3.9000  -0.2000        0   4.0000  -0.2000        0
   4.1000  -0.2000        0   4.2000  -0.2000        0
   4.3000  -0.2000        0   4.4000  -0.2000        0
   4.5000  -0.2000        0   4.6000  -0.2000        0
   4.7000  -0.2000        0   4.8000  -0.2000        0
   4.9000  -0.2000        0   5.0000  -0.2000        0
   5.1000  -0.2000        0   5.2000  -0.2000        0
   5.3000  -0.2000        0   5.4000  -0.2000        0
   5.5000  -0.2000        0   5.6000  -0.2000        0
   5.7000  -0.2000        0   5.8000  -0.2000        0
   5.9000  -0.2000        0   6.0000  -0.2000        0
   6.1000  -0.2000        0  -6.1000  -0.1000        0
  -6.0000  -0.1000        0  -5.9000  -0.1000        0
  -5.8000  -0.1000        0  -5.7000  -0.1000        0
  -5.6000  -0.1000        0  -5.5000  -0.1000        0
  -5.4000  -0.1000        0  -5.3000  -0.1000        0
  -5.2000  -0.1000        0  -5.1000  -0.1000        0
  -5.0000  -0.1000        0  -4.9000  -0.1000        0
  -4.8000  -0.1000        0  -4.7000  -0.1000        0
  -4.6000  -0.1000        0  -4.5000  -0.1000        0
  -4.4000  -0.1000        0  -4.3000  -0.1000        0
  -4.2000  -0.1000        0  -4.1000  -0.1000        0
  -4.0000  -0.1000        0  -3.9000  -0.1000        0
  -3.8000  -0.1000        0  -3.7000  -0.1000        0
  -3.6000  -0.1000        0  -3.5000  -0.1000        0
  -3.4000  -0.1000        0  -3.3000  -0.1000        0
  -3.2000  -0.1000        0  -3.1000  -0.1000        0
  -3.0000  -0.1000        0  -2.9000  -0.1000        0
  -2.8000  -0.1000        0  -2.7000  -0.1000        0
  -2.6000  -0.1000        0  -2.5000  -0.1000        0
  -2.4000  -0.1000        0  -2.3000  -0.1000        0
  -2.2000  -0.1000        0  -2.1000  -0.1000        0
  -2.0000  -0.1000        0  -1.9000  -0.1000        0
  -1.8000  -0.1000        0  -1.7000  -0.1000        0
  -1.6000  -0.1000        0  -1.5000  -0.1000        0
  -1.4000  -0.1000        0  -1.3000  -0.1000        0
  -1.2000  -0.1000        0  -1.1000  -0.1000        0
            -1.0000  -0.1000        0  -0.9000  -0.1000        0
  -0.8000  -0.1000        0  -0.7000  -0.1000        0
  -0.6000  -0.1000        0  -0.5000  -0.1000        0
  -0.4000  -0.1000        0  -0.3000  -0.1000        0
  -0.2000  -0.1000        0  -0.1000  -0.1000        0
        0  -0.1000        0   0.1000  -0.1000        0
   0.2000  -0.1000        0   0.3000  -0.1000        0
   0.4000  -0.1000        0   0.5000  -0.1000        0
   0.6000  -0.1000        0   0.7000  -0.1000        0
   0.8000  -0.1000        0   0.9000  -0.1000        0
   1.0000  -0.1000        0   1.1000  -0.1000        0
   1.2000  -0.1000        0   1.3000  -0.1000        0
   1.4000  -0.1000        0   1.5000  -0.1000        0
   1.6000  -0.1000        0   1.7000  -0.1000        0
   1.8000  -0.1000        0   1.9000  -0.1000        0
   2.0000  -0.1000        0   2.1000  -0.1000        0
   2.2000  -0.1000        0   2.3000  -0.1000        0
   2.4000  -0.1000        0   2.5000  -0.1000        0
   2.6000  -0.1000        0   2.7000  -0.1000        0
   2.8000  -0.1000        0   2.9000  -0.1000        0
   3.0000  -0.1000        0   3.1000  -0.1000        0
   3.2000  -0.1000        0   3.3000  -0.1000        0
   3.4000  -0.1000        0   3.5000  -0.1000        0
   3.6000  -0.1000        0   3.7000  -0.1000        0
   3.8000  -0.1000        0   3.9000  -0.1000        0
   4.0000  -0.1000        0   4.1000  -0.1000        0
   4.2000  -0.1000        0   4.3000  -0.1000        0
   4.4000  -0.1000        0   4.5000  -0.1000        0
   4.6000  -0.1000        0   4.7000  -0.1000        0
   4.8000  -0.1000        0   4.9000  -0.1000        0
   5.0000  -0.1000        0   5.1000  -0.1000        0
   5.2000  -0.1000        0   5.3000  -0.1000        0
   5.4000  -0.1000        0   5.5000  -0.1000        0
   5.6000  -0.1000        0   5.7000  -0.1000        0
   5.8000  -0.1000        0   5.9000  -0.1000        0
   6.0000  -0.1000        0   6.1000  -0.1000        0
  -6.1000        0        0  -6.0000        0        0
  -5.9000        0        0  -5.8000        0        0
  -5.7000        0        0  -5.6000        0        0
  -5.5000        0        0  -5.4000        0        0
  -5.3000        0        0  -5.2000        0        0
  -5.1000        0        0  -5.0000        0        0
  -4.9000        0        0  -4.8000        0        0
  -4.7000        0        0  -4.6000        0        0
  -4.5000        0        0  -4.4000        0        0
  -4.3000        0        0  -4.2000        0        0
  -4.1000        0        0  -4.0000        0        0
  -3.9000        0        0  -3.8000        0        0
  -3.7000        0        0  -3.6000        0        0
  -3.5000        0        0  -3.4000        0        0
  -3.3000        0        0  -3.2000        0        0
  -3.1000        0        0  -3.0000        0        0
  -2.9000        0        0  -2.8000        0        0
  -2.7000        0        0  -2.6000        0        0
  -2.5000        0        0  -2.4000        0        0
  -2.3000        0        0  -2.2000        0        0
  -2.1000        0        0  -2.0000        0        0
  -1.9000        0        0  -1.8000        0        0
  -1.7000        0        0  -1.6000        0        0
  -1.5000        0        0  -1.4000        0        0
  -1.3000        0        0  -1.2000        0        0
  -1.1000        0        0  -1.0000        0        0
  -0.9000        0        0  -0.8000        0        0
  -0.7000        0        0  -0.6000        0        0
  -0.5000        0        0  -0.4000        0        0
  -0.3000        0        0  -0.2000        0        0
  -0.1000        0        0        0        0        0
   0.1000        0        0   0.2000        0        0
   0.3000        0        0   0.4000        0        0
   0.5000        0        0   0.6000        0        0
   0.7000        0        0   0.8000        0        0
   0.9000        0        0   1.0000        0        0
   1.1000        0        0   1.2000        0        0
   1.3000        0        0   1.4000        0        0
   1.5000        0        0   1.6000        0        0
   1.7000        0        0   1.8000        0        0
   1.9000        0        0   2.0000        0        0
   2.1000        0        0   2.2000        0        0
   2.3000        0        0   2.4000        0        0
   2.5000        0        0   2.6000        0        0
   2.7000        0        0   2.8000        0        0
   2.9000        0        0   3.0000        0        0
   3.1000        0        0   3.2000        0        0
   3.3000        0        0   3.4000        0        0
   3.5000        0        0   3.6000        0        0
   3.7000        0        0   3.8000        0        0
   3.9000        0        0   4.0000        0        0
   4.1000        0        0   4.2000        0        0
   4.3000        0        0   4.4000        0        0
   4.5000        0        0   4.6000        0        0
   4.7000        0        0   4.8000        0        0
   4.9000        0        0   5.0000        0        0
   5.1000        0        0   5.2000        0        0
   5.3000        0        0   5.4000        0        0
   5.5000        0        0   5.6000        0        0
   5.7000        0        0   5.8000        0        0
   5.9000        0        0   6.0000        0        0
   6.1000        0        0  -6.1000   0.1000        0
  -6.0000   0.1000        0  -5.9000   0.1000        0
  -5.8000   0.1000        0  -5.7000   0.1000        0
  -5.6000   0.1000        0  -5.5000   0.1000        0
  -5.4000   0.1000        0  -5.3000   0.1000        0
  -5.2000   0.1000        0  -5.1000   0.1000        0
  -5.0000   0.1000        0  -4.9000   0.1000        0
  -4.8000   0.1000        0  -4.7000   0.1000        0
  -4.6000   0.1000        0  -4.5000   0.1000        0
  -4.4000   0.1000        0  -4.3000   0.1000        0
  -4.2000   0.1000        0  -4.1000   0.1000        0
  -4.0000   0.1000        0  -3.9000   0.1000        0
  -3.8000   0.1000        0  -3.7000   0.1000        0
  -3.6000   0.1000        0  -3.5000   0.1000        0
  -3.4000   0.1000        0  -3.3000   0.1000        0
  -3.2000   0.1000        0  -3.1000   0.1000        0
  -3.0000   0.1000        0  -2.9000   0.1000        0
  -2.8000   0.1000        0  -2.7000   0.1000        0
  -2.6000   0.1000        0  -2.5000   0.1000        0
  -2.4000   0.1000        0  -2.3000   0.1000        0
  -2.2000   0.1000        0  -2.1000   0.1000        0
  -2.0000   0.1000        0  -1.9000   0.1000        0
  -1.8000   0.1000        0  -1.7000   0.1000        0
  -1.6000   0.1000        0  -1.5000   0.1000        0
  -1.4000   0.1000        0  -1.3000   0.1000        0
  -1.2000   0.1000        0  -1.1000   0.1000        0
  -1.0000   0.1000        0  -0.9000   0.1000        0
  -0.8000   0.1000        0  -0.7000   0.1000        0
  -0.6000   0.1000        0  -0.5000   0.1000        0
  -0.4000   0.1000        0  -0.3000   0.1000        0
  -0.2000   0.1000        0  -0.1000   0.1000        0
        0   0.1000        0   0.1000   0.1000        0
   0.2000   0.1000        0   0.3000   0.1000        0
   0.4000   0.1000        0   0.5000   0.1000        0
   0.6000   0.1000        0   0.7000   0.1000        0
   0.8000   0.1000        0   0.9000   0.1000        0
   1.0000   0.1000        0   1.1000   0.1000        0
   1.2000   0.1000        0   1.3000   0.1000        0
   1.4000   0.1000        0   1.5000   0.1000        0
   1.6000   0.1000        0   1.7000   0.1000        0
   1.8000   0.1000        0   1.9000   0.1000        0
   2.0000   0.1000        0   2.1000   0.1000        0
   2.2000   0.1000        0   2.3000   0.1000        0
   2.4000   0.1000        0   2.5000   0.1000        0
   2.6000   0.1000        0   2.7000   0.1000        0
   2.8000   0.1000        0   2.9000   0.1000        0
   3.0000   0.1000        0   3.1000   0.1000        0
   3.2000   0.1000        0   3.3000   0.1000        0
   3.4000   0.1000        0   3.5000   0.1000        0
   3.6000   0.1000        0   3.7000   0.1000        0
   3.8000   0.1000        0   3.9000   0.1000        0
   4.0000   0.1000        0   4.1000   0.1000        0
   4.2000   0.1000        0   4.3000   0.1000        0
   4.4000   0.1000        0   4.5000   0.1000        0
   4.6000   0.1000        0   4.7000   0.1000        0
   4.8000   0.1000        0   4.9000   0.1000        0
   5.0000   0.1000        0   5.1000   0.1000        0
   5.2000   0.1000        0   5.3000   0.1000        0
   5.4000   0.1000        0   5.5000   0.1000        0
   5.6000   0.1000        0   5.7000   0.1000        0
   5.8000   0.1000        0   5.9000   0.1000        0
   6.0000   0.1000        0   6.1000   0.1000        0
  -6.1000   0.2000        0  -6.0000   0.2000        0
  -5.9000   0.2000        0  -5.8000   0.2000        0
  -5.7000   0.2000        0  -5.6000   0.2000        0
  -5.5000   0.2000        0  -5.4000   0.2000        0
  -5.3000   0.2000        0  -5.2000   0.2000        0
  -5.1000   0.2000        0  -5.0000   0.2000        0
  -4.9000   0.2000        0  -4.8000   0.2000        0
  -4.7000   0.2000        0  -4.6000   0.2000        0
  -4.5000   0.2000        0  -4.4000   0.2000        0
  -4.3000   0.2000        0  -4.2000   0.2000        0
  -4.1000   0.2000        0  -4.0000   0.2000        0
  -3.9000   0.2000        0  -3.8000   0.2000        0
  -3.7000   0.2000        0  -3.6000   0.2000        0
  -3.5000   0.2000        0  -3.4000   0.2000        0
  -3.3000   0.2000        0  -3.2000   0.2000        0
  -3.1000   0.2000        0  -3.0000   0.2000        0
  -2.9000   0.2000        0  -2.8000   0.2000        0
  -2.7000   0.2000        0  -2.6000   0.2000        0
  -2.5000   0.2000        0  -2.4000   0.2000        0
  -2.3000   0.2000        0  -2.2000   0.2000        0
  -2.1000   0.2000        0  -2.0000   0.2000        0
  -1.9000   0.2000        0  -1.8000   0.2000        0
  -1.7000   0.2000        0  -1.6000   0.2000        0
  -1.5000   0.2000        0  -1.4000   0.2000        0
  -1.3000   0.2000        0  -1.2000   0.2000        0
  -1.1000   0.2000        0  -1.0000   0.2000        0
  -0.9000   0.2000        0  -0.8000   0.2000        0
  -0.7000   0.2000        0  -0.6000   0.2000        0
  -0.5000   0.2000        0  -0.4000   0.2000        0
  -0.3000   0.2000        0  -0.2000   0.2000        0
  -0.1000   0.2000        0        0   0.2000        0
   0.1000   0.2000        0   0.2000   0.2000        0
   0.3000   0.2000        0   0.4000   0.2000        0
   0.5000   0.2000        0   0.6000   0.2000        0
   0.7000   0.2000        0   0.8000   0.2000        0
   0.9000   0.2000        0   1.0000   0.2000        0
   1.1000   0.2000        0   1.2000   0.2000        0
   1.3000   0.2000        0   1.4000   0.2000        0
   1.5000   0.2000        0   1.6000   0.2000        0
   1.7000   0.2000        0   1.8000   0.2000        0
   1.9000   0.2000        0   2.0000   0.2000        0
   2.1000   0.2000        0   2.2000   0.2000        0
   2.3000   0.2000        0   2.4000   0.2000        0
   2.5000   0.2000        0   2.6000   0.2000        0
   2.7000   0.2000        0   2.8000   0.2000        0
   2.9000   0.2000        0   3.0000   0.2000        0
   3.1000   0.2000        0   3.2000   0.2000        0
   3.3000   0.2000        0   3.4000   0.2000        0
   3.5000   0.2000        0   3.6000   0.2000        0
   3.7000   0.2000        0   3.8000   0.2000        0
   3.9000   0.2000        0   4.0000   0.2000        0
   4.1000   0.2000        0   4.2000   0.2000        0
   4.3000   0.2000        0   4.4000   0.2000        0
   4.5000   0.2000        0   4.6000   0.2000        0
   4.7000   0.2000        0   4.8000   0.2000        0
   4.9000   0.2000        0   5.0000   0.2000        0
   5.1000   0.2000        0   5.2000   0.2000        0
   5.3000   0.2000        0   5.4000   0.2000        0
   5.5000   0.2000        0   5.6000   0.2000        0
   5.7000   0.2000        0   5.8000   0.2000        0
   5.9000   0.2000        0   6.0000   0.2000        0
   6.1000   0.2000        0  -6.1000  -0.2000   0.1000
  -6.0000  -0.2000   0.1000  -5.9000  -0.2000   0.1000
  -5.8000  -0.2000   0.1000  -5.7000  -0.2000   0.1000
  -5.6000  -0.2000   0.1000  -5.5000  -0.2000   0.1000
  -5.4000  -0.2000   0.1000  -5.3000  -0.2000   0.1000
  -5.2000  -0.2000   0.1000  -5.1000  -0.2000   0.1000
  -5.0000  -0.2000   0.1000  -4.9000  -0.2000   0.1000
  -4.8000  -0.2000   0.1000  -4.7000  -0.2000   0.1000
  -4.6000  -0.2000   0.1000  -4.5000  -0.2000   0.1000
  -4.4000  -0.2000   0.1000  -4.3000  -0.2000   0.1000
  -4.2000  -0.2000   0.1000  -4.1000  -0.2000   0.1000
  -4.0000  -0.2000   0.1000  -3.9000  -0.2000   0.1000
  -3.8000  -0.2000   0.1000  -3.7000  -0.2000   0.1000
  -3.6000  -0.2000   0.1000  -3.5000  -0.2000   0.1000
  -3.4000  -0.2000   0.1000  -3.3000  -0.2000   0.1000
  -3.2000  -0.2000   0.1000  -3.1000  -0.2000   0.1000
  -3.0000  -0.2000   0.1000  -2.9000  -0.2000   0.1000
  -2.8000  -0.2000   0.1000  -2.7000  -0.2000   0.1000
  -2.6000  -0.2000   0.1000  -2.5000  -0.2000   0.1000
  -2.4000  -0.2000   0.1000  -2.3000  -0.2000   0.1000
  -2.2000  -0.2000   0.1000  -2.1000  -0.2000   0.1000
  -2.0000  -0.2000   0.1000  -1.9000  -0.2000   0.1000
  -1.8000  -0.2000   0.1000  -1.7000  -0.2000   0.1000
  -1.6000  -0.2000   0.1000  -1.5000  -0.2000   0.1000
  -1.4000  -0.2000   0.1000  -1.3000  -0.2000   0.1000
  -1.2000  -0.2000   0.1000  -1.1000  -0.2000   0.1000
  -1.0000  -0.2000   0.1000  -0.9000  -0.2000   0.1000
  -0.8000  -0.2000   0.1000  -0.7000  -0.2000   0.1000
  -0.6000  -0.2000   0.1000  -0.5000  -0.2000   0.1000
  -0.4000  -0.2000   0.1000  -0.3000  -0.2000   0.1000
  -0.2000  -0.2000   0.1000  -0.1000  -0.2000   0.1000
        0  -0.2000   0.1000   0.1000  -0.2000   0.1000
   0.2000  -0.2000   0.1000   0.3000  -0.2000   0.1000
   0.4000  -0.2000   0.1000   0.5000  -0.2000   0.1000
   0.6000  -0.2000   0.1000   0.7000  -0.2000   0.1000
   0.8000  -0.2000   0.1000   0.9000  -0.2000   0.1000
   1.0000  -0.2000   0.1000   1.1000  -0.2000   0.1000
   1.2000  -0.2000   0.1000   1.3000  -0.2000   0.1000
   1.4000  -0.2000   0.1000   1.5000  -0.2000   0.1000
   1.6000  -0.2000   0.1000   1.7000  -0.2000   0.1000
   1.8000  -0.2000   0.1000   1.9000  -0.2000   0.1000
   2.0000  -0.2000   0.1000   2.1000  -0.2000   0.1000
   2.2000  -0.2000   0.1000   2.3000  -0.2000   0.1000
   2.4000  -0.2000   0.1000   2.5000  -0.2000   0.1000
   2.6000  -0.2000   0.1000   2.7000  -0.2000   0.1000
   2.8000  -0.2000   0.1000   2.9000  -0.2000   0.1000
   3.0000  -0.2000   0.1000   3.1000  -0.2000   0.1000
   3.2000  -0.2000   0.1000   3.3000  -0.2000   0.1000
   3.4000  -0.2000   0.1000   3.5000  -0.2000   0.1000
   3.6000  -0.2000   0.1000   3.7000  -0.2000   0.1000
   3.8000  -0.2000   0.1000   3.9000  -0.2000   0.1000
   4.0000  -0.2000   0.1000   4.1000  -0.2000   0.1000
   4.2000  -0.2000   0.1000   4.3000  -0.2000   0.1000
   4.4000  -0.2000   0.1000   4.5000  -0.2000   0.1000
   4.6000  -0.2000   0.1000   4.7000  -0.2000   0.1000
   4.8000  -0.2000   0.1000   4.9000  -0.2000   0.1000
   5.0000  -0.2000   0.1000   5.1000  -0.2000   0.1000
   5.2000  -0.2000   0.1000   5.3000  -0.2000   0.1000
   5.4000  -0.2000   0.1000   5.5000  -0.2000   0.1000
   5.6000  -0.2000   0.1000   5.7000  -0.2000   0.1000
   5.8000  -0.2000   0.1000   5.9000  -0.2000   0.1000
   6.0000  -0.2000   0.1000   6.1000  -0.2000   0.1000
  -6.1000  -0.1000   0.1000  -6.0000  -0.1000   0.1000
  -5.9000  -0.1000   0.1000  -5.8000  -0.1000   0.1000
  -5.7000  -0.1000   0.1000  -5.6000  -0.1000   0.1000
  -5.5000  -0.1000   0.1000  -5.4000  -0.1000   0.1000
  -5.3000  -0.1000   0.1000  -5.2000  -0.1000   0.1000
  -5.1000  -0.1000   0.1000  -5.0000  -0.1000   0.1000
  -4.9000  -0.1000   0.1000  -4.8000  -0.1000   0.1000
  -4.7000  -0.1000   0.1000  -4.6000  -0.1000   0.1000
  -4.5000  -0.1000   0.1000  -4.4000  -0.1000   0.1000
  -4.3000  -0.1000   0.1000  -4.2000  -0.1000   0.1000
  -4.1000  -0.1000   0.1000  -4.0000  -0.1000   0.1000
  -3.9000  -0.1000   0.1000  -3.8000  -0.1000   0.1000
  -3.7000  -0.1000   0.1000  -3.6000  -0.1000   0.1000
  -3.5000  -0.1000   0.1000  -3.4000  -0.1000   0.1000
  -3.3000  -0.1000   0.1000  -3.2000  -0.1000   0.1000
  -3.1000  -0.1000   0.1000  -3.0000  -0.1000   0.1000
  -2.9000  -0.1000   0.1000  -2.8000  -0.1000   0.1000
  -2.7000  -0.1000   0.1000  -2.6000  -0.1000   0.1000
  -2.5000  -0.1000   0.1000  -2.4000  -0.1000   0.1000
  -2.3000  -0.1000   0.1000  -2.2000  -0.1000   0.1000
  -2.1000  -0.1000   0.1000  -2.0000  -0.1000   0.1000
  -1.9000  -0.1000   0.1000  -1.8000  -0.1000   0.1000
  -1.7000  -0.1000   0.1000  -1.6000  -0.1000   0.1000
  -1.5000  -0.1000   0.1000  -1.4000  -0.1000   0.1000
  -1.3000  -0.1000   0.1000  -1.2000  -0.1000   0.1000
  -1.1000  -0.1000   0.1000  -1.0000  -0.1000   0.1000
  -0.9000  -0.1000   0.1000  -0.8000  -0.1000   0.1000
  -0.7000  -0.1000   0.1000  -0.6000  -0.1000   0.1000
  -0.5000  -0.1000   0.1000  -0.4000  -0.1000   0.1000
  -0.3000  -0.1000   0.1000  -0.2000  -0.1000   0.1000
  -0.1000  -0.1000   0.1000        0  -0.1000   0.1000
   0.1000  -0.1000   0.1000   0.2000  -0.1000   0.1000
   0.3000  -0.1000   0.1000   0.4000  -0.1000   0.1000
   0.5000  -0.1000   0.1000   0.6000  -0.1000   0.1000
   0.7000  -0.1000   0.1000   0.8000  -0.1000   0.1000
   0.9000  -0.1000   0.1000   1.0000  -0.1000   0.1000
   1.1000  -0.1000   0.1000   1.2000  -0.1000   0.1000
   1.3000  -0.1000   0.1000   1.4000  -0.1000   0.1000
   1.5000  -0.1000   0.1000   1.6000  -0.1000   0.1000
   1.7000  -0.1000   0.1000   1.8000  -0.1000   0.1000
   1.9000  -0.1000   0.1000   2.0000  -0.1000   0.1000
   2.1000  -0.1000   0.1000   2.2000  -0.1000   0.1000
   2.3000  -0.1000   0.1000   2.4000  -0.1000   0.1000
   2.5000  -0.1000   0.1000   2.6000  -0.1000   0.1000
   2.7000  -0.1000   0.1000   2.8000  -0.1000   0.1000
   2.9000  -0.1000   0.1000   3.0000  -0.1000   0.1000
   3.1000  -0.1000   0.1000   3.2000  -0.1000   0.1000
   3.3000  -0.1000   0.1000   3.4000  -0.1000   0.1000
   3.5000  -0.1000   0.1000   3.6000  -0.1000   0.1000
   3.7000  -0.1000   0.1000   3.8000  -0.1000   0.1000
   3.9000  -0.1000   0.1000   4.0000  -0.1000   0.1000
   4.1000  -0.1000   0.1000   4.2000  -0.1000   0.1000
   4.3000  -0.1000   0.1000   4.4000  -0.1000   0.1000
   4.5000  -0.1000   0.1000   4.6000  -0.1000   0.1000
   4.7000  -0.1000   0.1000   4.8000  -0.1000   0.1000
   4.9000  -0.1000   0.1000   5.0000  -0.1000   0.1000
   5.1000  -0.1000   0.1000   5.2000  -0.1000   0.1000
   5.3000  -0.1000   0.1000   5.4000  -0.1000   0.1000
   5.5000  -0.1000   0.1000   5.6000  -0.1000   0.1000
   5.7000  -0.1000   0.1000   5.8000  -0.1000   0.1000
   5.9000  -0.1000   0.1000   6.0000  -0.1000   0.1000
             6.1000  -0.1000   0.1000  -6.1000        0   0.1000
  -6.0000        0   0.1000  -5.9000        0   0.1000
  -5.8000        0   0.1000  -5.7000        0   0.1000
  -5.6000        0   0.1000  -5.5000        0   0.1000
  -5.4000        0   0.1000  -5.3000        0   0.1000
  -5.2000        0   0.1000  -5.1000        0   0.1000
  -5.0000        0   0.1000  -4.9000        0   0.1000
  -4.8000        0   0.1000  -4.7000        0   0.1000
  -4.6000        0   0.1000  -4.5000        0   0.1000
  -4.4000        0   0.1000  -4.3000        0   0.1000
  -4.2000        0   0.1000  -4.1000        0   0.1000
  -4.0000        0   0.1000  -3.9000        0   0.1000
  -3.8000        0   0.1000  -3.7000        0   0.1000
  -3.6000        0   0.1000  -3.5000        0   0.1000
  -3.4000        0   0.1000  -3.3000        0   0.1000
  -3.2000        0   0.1000  -3.1000        0   0.1000
  -3.0000        0   0.1000  -2.9000        0   0.1000
  -2.8000        0   0.1000  -2.7000        0   0.1000
  -2.6000        0   0.1000  -2.5000        0   0.1000
  -2.4000        0   0.1000  -2.3000        0   0.1000
  -2.2000        0   0.1000  -2.1000        0   0.1000
  -2.0000        0   0.1000  -1.9000        0   0.1000
  -1.8000        0   0.1000  -1.7000        0   0.1000
  -1.6000        0   0.1000  -1.5000        0   0.1000
  -1.4000        0   0.1000  -1.3000        0   0.1000
  -1.2000        0   0.1000  -1.1000        0   0.1000
  -1.0000        0   0.1000  -0.9000        0   0.1000
  -0.8000        0   0.1000  -0.7000        0   0.1000
  -0.6000        0   0.1000  -0.5000        0   0.1000
  -0.4000        0   0.1000  -0.3000        0   0.1000
  -0.2000        0   0.1000  -0.1000        0   0.1000
        0        0   0.1000   0.1000        0   0.1000
   0.2000        0   0.1000   0.3000        0   0.1000
   0.4000        0   0.1000   0.5000        0   0.1000
   0.6000        0   0.1000   0.7000        0   0.1000
   0.8000        0   0.1000   0.9000        0   0.1000
   1.0000        0   0.1000   1.1000        0   0.1000
   1.2000        0   0.1000   1.3000        0   0.1000
   1.4000        0   0.1000   1.5000        0   0.1000
   1.6000        0   0.1000   1.7000        0   0.1000
   1.8000        0   0.1000   1.9000        0   0.1000
   2.0000        0   0.1000   2.1000        0   0.1000
   2.2000        0   0.1000   2.3000        0   0.1000
   2.4000        0   0.1000   2.5000        0   0.1000
   2.6000        0   0.1000   2.7000        0   0.1000
   2.8000        0   0.1000   2.9000        0   0.1000
   3.0000        0   0.1000   3.1000        0   0.1000
   3.2000        0   0.1000   3.3000        0   0.1000
   3.4000        0   0.1000   3.5000        0   0.1000
   3.6000        0   0.1000   3.7000        0   0.1000
   3.8000        0   0.1000   3.9000        0   0.1000
   4.0000        0   0.1000   4.1000        0   0.1000
   4.2000        0   0.1000   4.3000        0   0.1000
   4.4000        0   0.1000   4.5000        0   0.1000
   4.6000        0   0.1000   4.7000        0   0.1000
   4.8000        0   0.1000   4.9000        0   0.1000
   5.0000        0   0.1000   5.1000        0   0.1000
   5.2000        0   0.1000   5.3000        0   0.1000
   5.4000        0   0.1000   5.5000        0   0.1000
   5.6000        0   0.1000   5.7000        0   0.1000
   5.8000        0   0.1000   5.9000        0   0.1000
   6.0000        0   0.1000   6.1000        0   0.1000
  -6.1000   0.1000   0.1000  -6.0000   0.1000   0.1000
  -5.9000   0.1000   0.1000  -5.8000   0.1000   0.1000
  -5.7000   0.1000   0.1000  -5.6000   0.1000   0.1000
  -5.5000   0.1000   0.1000  -5.4000   0.1000   0.1000
  -5.3000   0.1000   0.1000  -5.2000   0.1000   0.1000
  -5.1000   0.1000   0.1000  -5.0000   0.1000   0.1000
  -4.9000   0.1000   0.1000  -4.8000   0.1000   0.1000
  -4.7000   0.1000   0.1000  -4.6000   0.1000   0.1000
  -4.5000   0.1000   0.1000  -4.4000   0.1000   0.1000
  -4.3000   0.1000   0.1000  -4.2000   0.1000   0.1000
  -4.1000   0.1000   0.1000  -4.0000   0.1000   0.1000
  -3.9000   0.1000   0.1000  -3.8000   0.1000   0.1000
  -3.7000   0.1000   0.1000  -3.6000   0.1000   0.1000
  -3.5000   0.1000   0.1000  -3.4000   0.1000   0.1000
  -3.3000   0.1000   0.1000  -3.2000   0.1000   0.1000
  -3.1000   0.1000   0.1000  -3.0000   0.1000   0.1000
  -2.9000   0.1000   0.1000  -2.8000   0.1000   0.1000
  -2.7000   0.1000   0.1000  -2.6000   0.1000   0.1000
  -2.5000   0.1000   0.1000  -2.4000   0.1000   0.1000
  -2.3000   0.1000   0.1000  -2.2000   0.1000   0.1000
  -2.1000   0.1000   0.1000  -2.0000   0.1000   0.1000
  -1.9000   0.1000   0.1000  -1.8000   0.1000   0.1000
  -1.7000   0.1000   0.1000  -1.6000   0.1000   0.1000
  -1.5000   0.1000   0.1000  -1.4000   0.1000   0.1000
  -1.3000   0.1000   0.1000  -1.2000   0.1000   0.1000
  -1.1000   0.1000   0.1000  -1.0000   0.1000   0.1000
  -0.9000   0.1000   0.1000  -0.8000   0.1000   0.1000
  -0.7000   0.1000   0.1000  -0.6000   0.1000   0.1000
  -0.5000   0.1000   0.1000  -0.4000   0.1000   0.1000
  -0.3000   0.1000   0.1000  -0.2000   0.1000   0.1000
  -0.1000   0.1000   0.1000        0   0.1000   0.1000
   0.1000   0.1000   0.1000   0.2000   0.1000   0.1000
   0.3000   0.1000   0.1000   0.4000   0.1000   0.1000
   0.5000   0.1000   0.1000   0.6000   0.1000   0.1000
   0.7000   0.1000   0.1000   0.8000   0.1000   0.1000
   0.9000   0.1000   0.1000   1.0000   0.1000   0.1000
   1.1000   0.1000   0.1000   1.2000   0.1000   0.1000
   1.3000   0.1000   0.1000   1.4000   0.1000   0.1000
   1.5000   0.1000   0.1000   1.6000   0.1000   0.1000
   1.7000   0.1000   0.1000   1.8000   0.1000   0.1000
   1.9000   0.1000   0.1000   2.0000   0.1000   0.1000
   2.1000   0.1000   0.1000   2.2000   0.1000   0.1000
   2.3000   0.1000   0.1000   2.4000   0.1000   0.1000
   2.5000   0.1000   0.1000   2.6000   0.1000   0.1000
   2.7000   0.1000   0.1000   2.8000   0.1000   0.1000
   2.9000   0.1000   0.1000   3.0000   0.1000   0.1000
   3.1000   0.1000   0.1000   3.2000   0.1000   0.1000
   3.3000   0.1000   0.1000   3.4000   0.1000   0.1000
   3.5000   0.1000   0.1000   3.6000   0.1000   0.1000
   3.7000   0.1000   0.1000   3.8000   0.1000   0.1000
   3.9000   0.1000   0.1000   4.0000   0.1000   0.1000
   4.1000   0.1000   0.1000   4.2000   0.1000   0.1000
   4.3000   0.1000   0.1000   4.4000   0.1000   0.1000
   4.5000   0.1000   0.1000   4.6000   0.1000   0.1000
   4.7000   0.1000   0.1000   4.8000   0.1000   0.1000
   4.9000   0.1000   0.1000   5.0000   0.1000   0.1000
   5.1000   0.1000   0.1000   5.2000   0.1000   0.1000
   5.3000   0.1000   0.1000   5.4000   0.1000   0.1000
   5.5000   0.1000   0.1000   5.6000   0.1000   0.1000
   5.7000   0.1000   0.1000   5.8000   0.1000   0.1000
   5.9000   0.1000   0.1000   6.0000   0.1000   0.1000
             6.1000   0.1000   0.1000  -6.1000   0.2000   0.1000
  -6.0000   0.2000   0.1000  -5.9000   0.2000   0.1000
  -5.8000   0.2000   0.1000  -5.7000   0.2000   0.1000
  -5.6000   0.2000   0.1000  -5.5000   0.2000   0.1000
  -5.4000   0.2000   0.1000  -5.3000   0.2000   0.1000
  -5.2000   0.2000   0.1000  -5.1000   0.2000   0.1000
  -5.0000   0.2000   0.1000  -4.9000   0.2000   0.1000
  -4.8000   0.2000   0.1000  -4.7000   0.2000   0.1000
  -4.6000   0.2000   0.1000  -4.5000   0.2000   0.1000
  -4.4000   0.2000   0.1000  -4.3000   0.2000   0.1000
  -4.2000   0.2000   0.1000  -4.1000   0.2000   0.1000
  -4.0000   0.2000   0.1000  -3.9000   0.2000   0.1000
  -3.8000   0.2000   0.1000  -3.7000   0.2000   0.1000
  -3.6000   0.2000   0.1000  -3.5000   0.2000   0.1000
  -3.4000   0.2000   0.1000  -3.3000   0.2000   0.1000
  -3.2000   0.2000   0.1000  -3.1000   0.2000   0.1000
  -3.0000   0.2000   0.1000  -2.9000   0.2000   0.1000
  -2.8000   0.2000   0.1000  -2.7000   0.2000   0.1000
  -2.6000   0.2000   0.1000  -2.5000   0.2000   0.1000
  -2.4000   0.2000   0.1000  -2.3000   0.2000   0.1000
  -2.2000   0.2000   0.1000  -2.1000   0.2000   0.1000
  -2.0000   0.2000   0.1000  -1.9000   0.2000   0.1000
  -1.8000   0.2000   0.1000  -1.7000   0.2000   0.1000
  -1.6000   0.2000   0.1000  -1.5000   0.2000   0.1000
  -1.4000   0.2000   0.1000  -1.3000   0.2000   0.1000
  -1.2000   0.2000   0.1000  -1.1000   0.2000   0.1000
  -1.0000   0.2000   0.1000  -0.9000   0.2000   0.1000
  -0.8000   0.2000   0.1000  -0.7000   0.2000   0.1000
  -0.6000   0.2000   0.1000  -0.5000   0.2000   0.1000
  -0.4000   0.2000   0.1000  -0.3000   0.2000   0.1000
  -0.2000   0.2000   0.1000  -0.1000   0.2000   0.1000
        0   0.2000   0.1000   0.1000   0.2000   0.1000
   0.2000   0.2000   0.1000   0.3000   0.2000   0.1000
   0.4000   0.2000   0.1000   0.5000   0.2000   0.1000
   0.6000   0.2000   0.1000   0.7000   0.2000   0.1000
   0.8000   0.2000   0.1000   0.9000   0.2000   0.1000
   1.0000   0.2000   0.1000   1.1000   0.2000   0.1000
   1.2000   0.2000   0.1000   1.3000   0.2000   0.1000
   1.4000   0.2000   0.1000   1.5000   0.2000   0.1000
   1.6000   0.2000   0.1000   1.7000   0.2000   0.1000
   1.8000   0.2000   0.1000   1.9000   0.2000   0.1000
   2.0000   0.2000   0.1000   2.1000   0.2000   0.1000
   2.2000   0.2000   0.1000   2.3000   0.2000   0.1000
   2.4000   0.2000   0.1000   2.5000   0.2000   0.1000
   2.6000   0.2000   0.1000   2.7000   0.2000   0.1000
   2.8000   0.2000   0.1000   2.9000   0.2000   0.1000
   3.0000   0.2000   0.1000   3.1000   0.2000   0.1000
   3.2000   0.2000   0.1000   3.3000   0.2000   0.1000
   3.4000   0.2000   0.1000   3.5000   0.2000   0.1000
   3.6000   0.2000   0.1000   3.7000   0.2000   0.1000
   3.8000   0.2000   0.1000   3.9000   0.2000   0.1000
   4.0000   0.2000   0.1000   4.1000   0.2000   0.1000
   4.2000   0.2000   0.1000   4.3000   0.2000   0.1000
   4.4000   0.2000   0.1000   4.5000   0.2000   0.1000
   4.6000   0.2000   0.1000   4.7000   0.2000   0.1000
   4.8000   0.2000   0.1000   4.9000   0.2000   0.1000
   5.0000   0.2000   0.1000   5.1000   0.2000   0.1000
   5.2000   0.2000   0.1000   5.3000   0.2000   0.1000
   5.4000   0.2000   0.1000   5.5000   0.2000   0.1000
   5.6000   0.2000   0.1000   5.7000   0.2000   0.1000
   5.8000   0.2000   0.1000   5.9000   0.2000   0.1000
   6.0000   0.2000   0.1000   6.1000   0.2000   0.1000
  -6.1000  -0.2000   0.2000  -6.0000  -0.2000   0.2000
  -5.9000  -0.2000   0.2000  -5.8000  -0.2000   0.2000
  -5.7000  -0.2000   0.2000  -5.6000  -0.2000   0.2000
  -5.5000  -0.2000   0.2000  -5.4000  -0.2000   0.2000
  -5.3000  -0.2000   0.2000  -5.2000  -0.2000   0.2000
  -5.1000  -0.2000   0.2000  -5.0000  -0.2000   0.2000
  -4.9000  -0.2000   0.2000  -4.8000  -0.2000   0.2000
  -4.7000  -0.2000   0.2000  -4.6000  -0.2000   0.2000
  -4.5000  -0.2000   0.2000  -4.4000  -0.2000   0.2000
  -4.3000  -0.2000   0.2000  -4.2000  -0.2000   0.2000
  -4.1000  -0.2000   0.2000  -4.0000  -0.2000   0.2000
  -3.9000  -0.2000   0.2000  -3.8000  -0.2000   0.2000
  -3.7000  -0.2000   0.2000  -3.6000  -0.2000   0.2000
  -3.5000  -0.2000   0.2000  -3.4000  -0.2000   0.2000
  -3.3000  -0.2000   0.2000  -3.2000  -0.2000   0.2000
  -3.1000  -0.2000   0.2000  -3.0000  -0.2000   0.2000
  -2.9000  -0.2000   0.2000  -2.8000  -0.2000   0.2000
  -2.7000  -0.2000   0.2000  -2.6000  -0.2000   0.2000
  -2.5000  -0.2000   0.2000  -2.4000  -0.2000   0.2000
  -2.3000  -0.2000   0.2000  -2.2000  -0.2000   0.2000
  -2.1000  -0.2000   0.2000  -2.0000  -0.2000   0.2000
  -1.9000  -0.2000   0.2000  -1.8000  -0.2000   0.2000
  -1.7000  -0.2000   0.2000  -1.6000  -0.2000   0.2000
  -1.5000  -0.2000   0.2000  -1.4000  -0.2000   0.2000
  -1.3000  -0.2000   0.2000  -1.2000  -0.2000   0.2000
  -1.1000  -0.2000   0.2000  -1.0000  -0.2000   0.2000
  -0.9000  -0.2000   0.2000  -0.8000  -0.2000   0.2000
  -0.7000  -0.2000   0.2000  -0.6000  -0.2000   0.2000
  -0.5000  -0.2000   0.2000  -0.4000  -0.2000   0.2000
  -0.3000  -0.2000   0.2000  -0.2000  -0.2000   0.2000
  -0.1000  -0.2000   0.2000        0  -0.2000   0.2000
   0.1000  -0.2000   0.2000   0.2000  -0.2000   0.2000
   0.3000  -0.2000   0.2000   0.4000  -0.2000   0.2000
   0.5000  -0.2000   0.2000   0.6000  -0.2000   0.2000
   0.7000  -0.2000   0.2000   0.8000  -0.2000   0.2000
   0.9000  -0.2000   0.2000   1.0000  -0.2000   0.2000
   1.1000  -0.2000   0.2000   1.2000  -0.2000   0.2000
   1.3000  -0.2000   0.2000   1.4000  -0.2000   0.2000
   1.5000  -0.2000   0.2000   1.6000  -0.2000   0.2000
   1.7000  -0.2000   0.2000   1.8000  -0.2000   0.2000
   1.9000  -0.2000   0.2000   2.0000  -0.2000   0.2000
   2.1000  -0.2000   0.2000   2.2000  -0.2000   0.2000
   2.3000  -0.2000   0.2000   2.4000  -0.2000   0.2000
   2.5000  -0.2000   0.2000   2.6000  -0.2000   0.2000
   2.7000  -0.2000   0.2000   2.8000  -0.2000   0.2000
   2.9000  -0.2000   0.2000   3.0000  -0.2000   0.2000
   3.1000  -0.2000   0.2000   3.2000  -0.2000   0.2000
   3.3000  -0.2000   0.2000   3.4000  -0.2000   0.2000
   3.5000  -0.2000   0.2000   3.6000  -0.2000   0.2000
   3.7000  -0.2000   0.2000   3.8000  -0.2000   0.2000
   3.9000  -0.2000   0.2000   4.0000  -0.2000   0.2000
   4.1000  -0.2000   0.2000   4.2000  -0.2000   0.2000
   4.3000  -0.2000   0.2000   4.4000  -0.2000   0.2000
   4.5000  -0.2000   0.2000   4.6000  -0.2000   0.2000
   4.7000  -0.2000   0.2000   4.8000  -0.2000   0.2000
   4.9000  -0.2000   0.2000   5.0000  -0.2000   0.2000
   5.1000  -0.2000   0.2000   5.2000  -0.2000   0.2000
   5.3000  -0.2000   0.2000   5.4000  -0.2000   0.2000
   5.5000  -0.2000   0.2000   5.6000  -0.2000   0.2000
   5.7000  -0.2000   0.2000   5.8000  -0.2000   0.2000
   5.9000  -0.2000   0.2000   6.0000  -0.2000   0.2000
   6.1000  -0.2000   0.2000  -6.1000  -0.1000   0.2000
  -6.0000  -0.1000   0.2000  -5.9000  -0.1000   0.2000
  -5.8000  -0.1000   0.2000  -5.7000  -0.1000   0.2000
  -5.6000  -0.1000   0.2000  -5.5000  -0.1000   0.2000
  -5.4000  -0.1000   0.2000  -5.3000  -0.1000   0.2000
  -5.2000  -0.1000   0.2000  -5.1000  -0.1000   0.2000
  -5.0000  -0.1000   0.2000  -4.9000  -0.1000   0.2000
  -4.8000  -0.1000   0.2000  -4.7000  -0.1000   0.2000
  -4.6000  -0.1000   0.2000  -4.5000  -0.1000   0.2000
  -4.4000  -0.1000   0.2000  -4.3000  -0.1000   0.2000
  -4.2000  -0.1000   0.2000  -4.1000  -0.1000   0.2000
  -4.0000  -0.1000   0.2000  -3.9000  -0.1000   0.2000
  -3.8000  -0.1000   0.2000  -3.7000  -0.1000   0.2000
  -3.6000  -0.1000   0.2000  -3.5000  -0.1000   0.2000
  -3.4000  -0.1000   0.2000  -3.3000  -0.1000   0.2000
  -3.2000  -0.1000   0.2000  -3.1000  -0.1000   0.2000
  -3.0000  -0.1000   0.2000  -2.9000  -0.1000   0.2000
  -2.8000  -0.1000   0.2000  -2.7000  -0.1000   0.2000
  -2.6000  -0.1000   0.2000  -2.5000  -0.1000   0.2000
  -2.4000  -0.1000   0.2000  -2.3000  -0.1000   0.2000
  -2.2000  -0.1000   0.2000  -2.1000  -0.1000   0.2000
  -2.0000  -0.1000   0.2000  -1.9000  -0.1000   0.2000
  -1.8000  -0.1000   0.2000  -1.7000  -0.1000   0.2000
  -1.6000  -0.1000   0.2000  -1.5000  -0.1000   0.2000
  -1.4000  -0.1000   0.2000  -1.3000  -0.1000   0.2000
  -1.2000  -0.1000   0.2000  -1.1000  -0.1000   0.2000
  -1.0000  -0.1000   0.2000  -0.9000  -0.1000   0.2000
  -0.8000  -0.1000   0.2000  -0.7000  -0.1000   0.2000
  -0.6000  -0.1000   0.2000  -0.5000  -0.1000   0.2000
  -0.4000  -0.1000   0.2000  -0.3000  -0.1000   0.2000
  -0.2000  -0.1000   0.2000  -0.1000  -0.1000   0.2000
                 0  -0.1000   0.2000   0.1000  -0.1000   0.2000
   0.2000  -0.1000   0.2000   0.3000  -0.1000   0.2000
   0.4000  -0.1000   0.2000   0.5000  -0.1000   0.2000
   0.6000  -0.1000   0.2000   0.7000  -0.1000   0.2000
   0.8000  -0.1000   0.2000   0.9000  -0.1000   0.2000
   1.0000  -0.1000   0.2000   1.1000  -0.1000   0.2000
   1.2000  -0.1000   0.2000   1.3000  -0.1000   0.2000
   1.4000  -0.1000   0.2000   1.5000  -0.1000   0.2000
   1.6000  -0.1000   0.2000   1.7000  -0.1000   0.2000
   1.8000  -0.1000   0.2000   1.9000  -0.1000   0.2000
   2.0000  -0.1000   0.2000   2.1000  -0.1000   0.2000
   2.2000  -0.1000   0.2000   2.3000  -0.1000   0.2000
   2.4000  -0.1000   0.2000   2.5000  -0.1000   0.2000
   2.6000  -0.1000   0.2000   2.7000  -0.1000   0.2000
   2.8000  -0.1000   0.2000   2.9000  -0.1000   0.2000
   3.0000  -0.1000   0.2000   3.1000  -0.1000   0.2000
   3.2000  -0.1000   0.2000   3.3000  -0.1000   0.2000
   3.4000  -0.1000   0.2000   3.5000  -0.1000   0.2000
   3.6000  -0.1000   0.2000   3.7000  -0.1000   0.2000
   3.8000  -0.1000   0.2000   3.9000  -0.1000   0.2000
   4.0000  -0.1000   0.2000   4.1000  -0.1000   0.2000
   4.2000  -0.1000   0.2000   4.3000  -0.1000   0.2000
   4.4000  -0.1000   0.2000   4.5000  -0.1000   0.2000
   4.6000  -0.1000   0.2000   4.7000  -0.1000   0.2000
   4.8000  -0.1000   0.2000   4.9000  -0.1000   0.2000
   5.0000  -0.1000   0.2000   5.1000  -0.1000   0.2000
   5.2000  -0.1000   0.2000   5.3000  -0.1000   0.2000
   5.4000  -0.1000   0.2000   5.5000  -0.1000   0.2000
   5.6000  -0.1000   0.2000   5.7000  -0.1000   0.2000
   5.8000  -0.1000   0.2000   5.9000  -0.1000   0.2000
   6.0000  -0.1000   0.2000   6.1000  -0.1000   0.2000
  -6.1000        0   0.2000  -6.0000        0   0.2000
  -5.9000        0   0.2000  -5.8000        0   0.2000
  -5.7000        0   0.2000  -5.6000        0   0.2000
  -5.5000        0   0.2000  -5.4000        0   0.2000
  -5.3000        0   0.2000  -5.2000        0   0.2000
  -5.1000        0   0.2000  -5.0000        0   0.2000
  -4.9000        0   0.2000  -4.8000        0   0.2000
  -4.7000        0   0.2000  -4.6000        0   0.2000
  -4.5000        0   0.2000  -4.4000        0   0.2000
  -4.3000        0   0.2000  -4.2000        0   0.2000
  -4.1000        0   0.2000  -4.0000        0   0.2000
  -3.9000        0   0.2000  -3.8000        0   0.2000
  -3.7000        0   0.2000  -3.6000        0   0.2000
  -3.5000        0   0.2000  -3.4000        0   0.2000
  -3.3000        0   0.2000  -3.2000        0   0.2000
  -3.1000        0   0.2000  -3.0000        0   0.2000
  -2.9000        0   0.2000  -2.8000        0   0.2000
  -2.7000        0   0.2000  -2.6000        0   0.2000
  -2.5000        0   0.2000  -2.4000        0   0.2000
  -2.3000        0   0.2000  -2.2000        0   0.2000
  -2.1000        0   0.2000  -2.0000        0   0.2000
  -1.9000        0   0.2000  -1.8000        0   0.2000
  -1.7000        0   0.2000  -1.6000        0   0.2000
  -1.5000        0   0.2000  -1.4000        0   0.2000
  -1.3000        0   0.2000  -1.2000        0   0.2000
  -1.1000        0   0.2000  -1.0000        0   0.2000
  -0.9000        0   0.2000  -0.8000        0   0.2000
  -0.7000        0   0.2000  -0.6000        0   0.2000
  -0.5000        0   0.2000  -0.4000        0   0.2000
  -0.3000        0   0.2000  -0.2000        0   0.2000
  -0.1000        0   0.2000        0        0   0.2000
   0.1000        0   0.2000   0.2000        0   0.2000
   0.3000        0   0.2000   0.4000        0   0.2000
   0.5000        0   0.2000   0.6000        0   0.2000
   0.7000        0   0.2000   0.8000        0   0.2000
   0.9000        0   0.2000   1.0000        0   0.2000
   1.1000        0   0.2000   1.2000        0   0.2000
   1.3000        0   0.2000   1.4000        0   0.2000
   1.5000        0   0.2000   1.6000        0   0.2000
   1.7000        0   0.2000   1.8000        0   0.2000
   1.9000        0   0.2000   2.0000        0   0.2000
   2.1000        0   0.2000   2.2000        0   0.2000
   2.3000        0   0.2000   2.4000        0   0.2000
   2.5000        0   0.2000   2.6000        0   0.2000
   2.7000        0   0.2000   2.8000        0   0.2000
   2.9000        0   0.2000   3.0000        0   0.2000
   3.1000        0   0.2000   3.2000        0   0.2000
   3.3000        0   0.2000   3.4000        0   0.2000
   3.5000        0   0.2000   3.6000        0   0.2000
   3.7000        0   0.2000   3.8000        0   0.2000
   3.9000        0   0.2000   4.0000        0   0.2000
   4.1000        0   0.2000   4.2000        0   0.2000
   4.3000        0   0.2000   4.4000        0   0.2000
   4.5000        0   0.2000   4.6000        0   0.2000
   4.7000        0   0.2000   4.8000        0   0.2000
   4.9000        0   0.2000   5.0000        0   0.2000
   5.1000        0   0.2000   5.2000        0   0.2000
   5.3000        0   0.2000   5.4000        0   0.2000
   5.5000        0   0.2000   5.6000        0   0.2000
   5.7000        0   0.2000   5.8000        0   0.2000
   5.9000        0   0.2000   6.0000        0   0.2000
   6.1000        0   0.2000  -6.1000   0.1000   0.2000
  -6.0000   0.1000   0.2000  -5.9000   0.1000   0.2000
  -5.8000   0.1000   0.2000  -5.7000   0.1000   0.2000
  -5.6000   0.1000   0.2000  -5.5000   0.1000   0.2000
  -5.4000   0.1000   0.2000  -5.3000   0.1000   0.2000
  -5.2000   0.1000   0.2000  -5.1000   0.1000   0.2000
  -5.0000   0.1000   0.2000  -4.9000   0.1000   0.2000
  -4.8000   0.1000   0.2000  -4.7000   0.1000   0.2000
  -4.6000   0.1000   0.2000  -4.5000   0.1000   0.2000
  -4.4000   0.1000   0.2000  -4.3000   0.1000   0.2000
  -4.2000   0.1000   0.2000  -4.1000   0.1000   0.2000
  -4.0000   0.1000   0.2000  -3.9000   0.1000   0.2000
  -3.8000   0.1000   0.2000  -3.7000   0.1000   0.2000
  -3.6000   0.1000   0.2000  -3.5000   0.1000   0.2000
  -3.4000   0.1000   0.2000  -3.3000   0.1000   0.2000
  -3.2000   0.1000   0.2000  -3.1000   0.1000   0.2000
  -3.0000   0.1000   0.2000  -2.9000   0.1000   0.2000
  -2.8000   0.1000   0.2000  -2.7000   0.1000   0.2000
  -2.6000   0.1000   0.2000  -2.5000   0.1000   0.2000
  -2.4000   0.1000   0.2000  -2.3000   0.1000   0.2000
  -2.2000   0.1000   0.2000  -2.1000   0.1000   0.2000
  -2.0000   0.1000   0.2000  -1.9000   0.1000   0.2000
  -1.8000   0.1000   0.2000  -1.7000   0.1000   0.2000
  -1.6000   0.1000   0.2000  -1.5000   0.1000   0.2000
  -1.4000   0.1000   0.2000  -1.3000   0.1000   0.2000
  -1.2000   0.1000   0.2000  -1.1000   0.1000   0.2000
  -1.0000   0.1000   0.2000  -0.9000   0.1000   0.2000
  -0.8000   0.1000   0.2000  -0.7000   0.1000   0.2000
  -0.6000   0.1000   0.2000  -0.5000   0.1000   0.2000
  -0.4000   0.1000   0.2000  -0.3000   0.1000   0.2000
  -0.2000   0.1000   0.2000  -0.1000   0.1000   0.2000
                 0   0.1000   0.2000   0.1000   0.1000   0.2000
   0.2000   0.1000   0.2000   0.3000   0.1000   0.2000
   0.4000   0.1000   0.2000   0.5000   0.1000   0.2000
   0.6000   0.1000   0.2000   0.7000   0.1000   0.2000
   0.8000   0.1000   0.2000   0.9000   0.1000   0.2000
   1.0000   0.1000   0.2000   1.1000   0.1000   0.2000
   1.2000   0.1000   0.2000   1.3000   0.1000   0.2000
   1.4000   0.1000   0.2000   1.5000   0.1000   0.2000
   1.6000   0.1000   0.2000   1.7000   0.1000   0.2000
   1.8000   0.1000   0.2000   1.9000   0.1000   0.2000
   2.0000   0.1000   0.2000   2.1000   0.1000   0.2000
   2.2000   0.1000   0.2000   2.3000   0.1000   0.2000
   2.4000   0.1000   0.2000   2.5000   0.1000   0.2000
   2.6000   0.1000   0.2000   2.7000   0.1000   0.2000
   2.8000   0.1000   0.2000   2.9000   0.1000   0.2000
   3.0000   0.1000   0.2000   3.1000   0.1000   0.2000
   3.2000   0.1000   0.2000   3.3000   0.1000   0.2000
   3.4000   0.1000   0.2000   3.5000   0.1000   0.2000
   3.6000   0.1000   0.2000   3.7000   0.1000   0.2000
   3.8000   0.1000   0.2000   3.9000   0.1000   0.2000
   4.0000   0.1000   0.2000   4.1000   0.1000   0.2000
   4.2000   0.1000   0.2000   4.3000   0.1000   0.2000
   4.4000   0.1000   0.2000   4.5000   0.1000   0.2000
   4.6000   0.1000   0.2000   4.7000   0.1000   0.2000
   4.8000   0.1000   0.2000   4.9000   0.1000   0.2000
   5.0000   0.1000   0.2000   5.1000   0.1000   0.2000
   5.2000   0.1000   0.2000   5.3000   0.1000   0.2000
   5.4000   0.1000   0.2000   5.5000   0.1000   0.2000
   5.6000   0.1000   0.2000   5.7000   0.1000   0.2000
   5.8000   0.1000   0.2000   5.9000   0.1000   0.2000
   6.0000   0.1000   0.2000   6.1000   0.1000   0.2000
  -6.1000   0.2000   0.2000  -6.0000   0.2000   0.2000
  -5.9000   0.2000   0.2000  -5.8000   0.2000   0.2000
  -5.7000   0.2000   0.2000  -5.6000   0.2000   0.2000
  -5.5000   0.2000   0.2000  -5.4000   0.2000   0.2000
  -5.3000   0.2000   0.2000  -5.2000   0.2000   0.2000
  -5.1000   0.2000   0.2000  -5.0000   0.2000   0.2000
  -4.9000   0.2000   0.2000  -4.8000   0.2000   0.2000
  -4.7000   0.2000   0.2000  -4.6000   0.2000   0.2000
  -4.5000   0.2000   0.2000  -4.4000   0.2000   0.2000
  -4.3000   0.2000   0.2000  -4.2000   0.2000   0.2000
  -4.1000   0.2000   0.2000  -4.0000   0.2000   0.2000
  -3.9000   0.2000   0.2000  -3.8000   0.2000   0.2000
  -3.7000   0.2000   0.2000  -3.6000   0.2000   0.2000
  -3.5000   0.2000   0.2000  -3.4000   0.2000   0.2000
  -3.3000   0.2000   0.2000  -3.2000   0.2000   0.2000
  -3.1000   0.2000   0.2000  -3.0000   0.2000   0.2000
  -2.9000   0.2000   0.2000  -2.8000   0.2000   0.2000
  -2.7000   0.2000   0.2000  -2.6000   0.2000   0.2000
  -2.5000   0.2000   0.2000  -2.4000   0.2000   0.2000
  -2.3000   0.2000   0.2000  -2.2000   0.2000   0.2000
  -2.1000   0.2000   0.2000  -2.0000   0.2000   0.2000
  -1.9000   0.2000   0.2000  -1.8000   0.2000   0.2000
  -1.7000   0.2000   0.2000  -1.6000   0.2000   0.2000
  -1.5000   0.2000   0.2000  -1.4000   0.2000   0.2000
  -1.3000   0.2000   0.2000  -1.2000   0.2000   0.2000
  -1.1000   0.2000   0.2000  -1.0000   0.2000   0.2000
  -0.9000   0.2000   0.2000  -0.8000   0.2000   0.2000
  -0.7000   0.2000   0.2000  -0.6000   0.2000   0.2000
  -0.5000   0.2000   0.2000  -0.4000   0.2000   0.2000
  -0.3000   0.2000   0.2000  -0.2000   0.2000   0.2000
  -0.1000   0.2000   0.2000        0   0.2000   0.2000
   0.1000   0.2000   0.2000   0.2000   0.2000   0.2000
   0.3000   0.2000   0.2000   0.4000   0.2000   0.2000
   0.5000   0.2000   0.2000   0.6000   0.2000   0.2000
   0.7000   0.2000   0.2000   0.8000   0.2000   0.2000
   0.9000   0.2000   0.2000   1.0000   0.2000   0.2000
   1.1000   0.2000   0.2000   1.2000   0.2000   0.2000
   1.3000   0.2000   0.2000   1.4000   0.2000   0.2000
   1.5000   0.2000   0.2000   1.6000   0.2000   0.2000
   1.7000   0.2000   0.2000   1.8000   0.2000   0.2000
   1.9000   0.2000   0.2000   2.0000   0.2000   0.2000
   2.1000   0.2000   0.2000   2.2000   0.2000   0.2000
   2.3000   0.2000   0.2000   2.4000   0.2000   0.2000
   2.5000   0.2000   0.2000   2.6000   0.2000   0.2000
   2.7000   0.2000   0.2000   2.8000   0.2000   0.2000
   2.9000   0.2000   0.2000   3.0000   0.2000   0.2000
   3.1000   0.2000   0.2000   3.2000   0.2000   0.2000
   3.3000   0.2000   0.2000   3.4000   0.2000   0.2000
   3.5000   0.2000   0.2000   3.6000   0.2000   0.2000
   3.7000   0.2000   0.2000   3.8000   0.2000   0.2000
   3.9000   0.2000   0.2000   4.0000   0.2000   0.2000
   4.1000   0.2000   0.2000   4.2000   0.2000   0.2000
   4.3000   0.2000   0.2000   4.4000   0.2000   0.2000
   4.5000   0.2000   0.2000   4.6000   0.2000   0.2000
   4.7000   0.2000   0.2000   4.8000   0.2000   0.2000
   4.9000   0.2000   0.2000   5.0000   0.2000   0.2000
   5.1000   0.2000   0.2000   5.2000   0.2000   0.2000
   5.3000   0.2000   0.2000   5.4000   0.2000   0.2000
   5.5000   0.2000   0.2000   5.6000   0.2000   0.2000
   5.7000   0.2000   0.2000   5.8000   0.2000   0.2000
   5.9000   0.2000   0.2000   6.0000   0.2000   0.2000
          6.1 0.2 0.2
        </DataArray>
      </Points>
      <Cells>
        <DataArray type="Int64" Name="connectivity" format="ascii">
          0 1 123 615 123 1
          124 739 1 615 616 739
          1 123 615 739 615 123
          738 739 1 2 125 617
          124 1 125 739 125 1
          617 739 1 616 617 739
          617 125 739 740 2 3
          125 617 125 3 126 741
          3 617 618 741 3 125
          617 741 617 125 740 741
          3 4 127 619 126 3
          127 741 127 3 619 741
          3 618 619 741 619 127
          741 742 4 5 127 619
          127 5 128 743 5 619
          620 743 5 127 619 743
          619 127 742 743 5 6
          129 621 128 5 129 743
          129 5 621 743 5 620
          621 743 621 129 743 744
          6 7 129 621 129 7
          130 745 7 621 622 745
          7 129 621 745 621 129
          744 745 7 8 131 623
          130 7 131 745 131 7
          623 745 7 622 623 745
          623 131 745 746 8 9
          131 623 131 9 132 747
          9 623 624 747 9 131
          623 747 623 131 746 747
          9 10 133 625 132 9
          133 747 133 9 625 747
          9 624 625 747 625 133
          747 748 10 11 133 625
          133 11 134 749 11 625
          626 749 11 133 625 749
          625 133 748 749 11 12
          135 627 134 11 135 749
          135 11 627 749 11 626
          627 749 627 135 749 750
          12 13 135 627 135 13
          136 751 13 627 628 751
          13 135 627 751 627 135
          750 751 13 14 137 629
          136 13 137 751 137 13
          629 751 13 628 629 751
          629 137 751 752 14 15
          137 629 137 15 138 753
          15 629 630 753 15 137
          629 753 629 137 752 753
          15 16 139 631 138 15
          139 753 139 15 631 753
          15 630 631 753 631 139
          753 754 16 17 139 631
          139 17 140 755 17 631
          632 755 17 139 631 755
          631 139 754 755 17 18
          141 633 140 17 141 755
          141 17 633 755 17 632
          633 755 633 141 755 756
          18 19 141 633 141 19
          142 757 19 633 634 757
          19 141 633 757 633 141
          756 757 19 20 143 635
          142 19 143 757 143 19
          635 757 19 634 635 757
          635 143 757 758 20 21
          143 635 143 21 144 759
          21 635 636 759 21 143
          635 759 635 143 758 759
          21 22 145 637 144 21
          145 759 145 21 637 759
          21 636 637 759 637 145
          759 760 22 23 145 637
          145 23 146 761 23 637
          638 761 23 145 637 761
          637 145 760 761 23 24
          147 639 146 23 147 761
          147 23 639 761 23 638
          639 761 639 147 761 762
          24 25 147 639 147 25
          148 763 25 639 640 763
          25 147 639 763 639 147
          762 763 25 26 149 641
          148 25 149 763 149 25
          641 763 25 640 641 763
          641 149 763 764 26 27
          149 641 149 27 150 765
          27 641 642 765 27 149
          641 765 641 149 764 765
          27 28 151 643 150 27
          151 765 151 27 643 765
          27 642 643 765 643 151
          765 766 28 29 151 643
          151 29 152 767 29 643
          644 767 29 151 643 767
          643 151 766 767 29 30
          153 645 152 29 153 767
          153 29 645 767 29 644
          645 767 645 153 767 768
          30 31 153 645 153 31
          154 769 31 645 646 769
          31 153 645 769 645 153
          768 769 31 32 155 647
          154 31 155 769 155 31
          647 769 31 646 647 769
          647 155 769 770 32 33
          155 647 155 33 156 771
          33 647 648 771 33 155
          647 771 647 155 770 771
          33 34 157 649 156 33
          157 771 157 33 649 771
          33 648 649 771 649 157
          771 772 34 35 157 649
          157 35 158 773 35 649
          650 773 35 157 649 773
          649 157 772 773 35 36
          159 651 158 35 159 773
          159 35 651 773 35 650
          651 773 651 159 773 774
          36 37 159 651 159 37
          160 775 37 651 652 775
          37 159 651 775 651 159
          774 775 37 38 161 653
          160 37 161 775 161 37
          653 775 37 652 653 775
          653 161 775 776 38 39
          161 653 161 39 162 777
          39 653 654 777 39 161
          653 777 653 161 776 777
          39 40 163 655 162 39
          163 777 163 39 655 777
          39 654 655 777 655 163
          777 778 40 41 163 655
          163 41 164 779 41 655
          656 779 41 163 655 779
          655 163 778 779 41 42
          165 657 164 41 165 779
          165 41 657 779 41 656
          657 779 657 165 779 780
          42 43 165 657 165 43
          166 781 43 657 658 781
          43 165 657 781 657 165
          780 781 43 44 167 659
          166 43 167 781 167 43
          659 781 43 658 659 781
          659 167 781 782 44 45
          167 659 167 45 168 783
          45 659 660 783 45 167
          659 783 659 167 782 783
          45 46 169 661 168 45
          169 783 169 45 661 783
          45 660 661 783 661 169
          783 784 46 47 169 661
          169 47 170 785 47 661
          662 785 47 169 661 785
          661 169 784 785 47 48
          171 663 170 47 171 785
          171 47 663 785 47 662
          663 785 663 171 785 786
          48 49 171 663 171 49
          172 787 49 663 664 787
          49 171 663 787 663 171
          786 787 49 50 173 665
          172 49 173 787 173 49
          665 787 49 664 665 787
          665 173 787 788 50 51
          173 665 173 51 174 789
          51 665 666 789 51 173
          665 789 665 173 788 789
          51 52 175 667 174 51
          175 789 175 51 667 789
          51 666 667 789 667 175
          789 790 52 53 175 667
          175 53 176 791 53 667
          668 791 53 175 667 791
          667 175 790 791 53 54
          177 669 176 53 177 791
          177 53 669 791 53 668
          669 791 669 177 791 792
          54 55 177 669 177 55
          178 793 55 669 670 793
          55 177 669 793 669 177
          792 793 55 56 179 671
          178 55 179 793 179 55
          671 793 55 670 671 793
          671 179 793 794 56 57
          179 671 179 57 180 795
          57 671 672 795 57 179
          671 795 671 179 794 795
          57 58 181 673 180 57
          181 795 181 57 673 795
          57 672 673 795 673 181
          795 796 58 59 181 673
          181 59 182 797 59 673
          674 797 59 181 673 797
          673 181 796 797 59 60
          183 675 182 59 183 797
          183 59 675 797 59 674
          675 797 675 183 797 798
          60 61 183 675 183 61
          184 799 61 675 676 799
          61 183 675 799 675 183
          798 799 61 62 185 677
          184 61 185 799 185 61
          677 799 61 676 677 799
          677 185 799 800 62 63
          185 677 185 63 186 801
          63 677 678 801 63 185
          677 801 677 185 800 801
          63 64 187 679 186 63
          187 801 187 63 679 801
          63 678 679 801 679 187
          801 802 64 65 187 679
          187 65 188 803 65 679
          680 803 65 187 679 803
          679 187 802 803 65 66
          189 681 188 65 189 803
          189 65 681 803 65 680
          681 803 681 189 803 804
          66 67 189 681 189 67
          190 805 67 681 682 805
          67 189 681 805 681 189
          804 805 67 68 191 683
          190 67 191 805 191 67
          683 805 67 682 683 805
          683 191 805 806 68 69
          191 683 191 69 192 807
          69 683 684 807 69 191
          683 807 683 191 806 807
          69 70 193 685 192 69
          193 807 193 69 685 807
          69 684 685 807 685 193
          807 808 70 71 193 685
          193 71 194 809 71 685
          686 809 71 193 685 809
          685 193 808 809 71 72
          195 687 194 71 195 809
          195 71 687 809 71 686
          687 809 687 195 809 810
          72 73 195 687 195 73
          196 811 73 687 688 811
          73 195 687 811 687 195
          810 811 73 74 197 689
          196 73 197 811 197 73
          689 811 73 688 689 811
          689 197 811 812 74 75
          197 689 197 75 198 813
          75 689 690 813 75 197
          689 813 689 197 812 813
          75 76 199 691 198 75
          199 813 199 75 691 813
          75 690 691 813 691 199
          813 814 76 77 199 691
          199 77 200 815 77 691
          692 815 77 199 691 815
          691 199 814 815 77 78
          201 693 200 77 201 815
          201 77 693 815 77 692
          693 815 693 201 815 816
          78 79 201 693 201 79
          202 817 79 693 694 817
          79 201 693 817 693 201
          816 817 79 80 203 695
          202 79 203 817 203 79
          695 817 79 694 695 817
          695 203 817 818 80 81
          203 695 203 81 204 819
          81 695 696 819 81 203
          695 819 695 203 818 819
          81 82 205 697 204 81
          205 819 205 81 697 819
          81 696 697 819 697 205
          819 820 82 83 205 697
          205 83 206 821 83 697
          698 821 83 205 697 821
          697 205 820 821 83 84
          207 699 206 83 207 821
          207 83 699 821 83 698
          699 821 699 207 821 822
          84 85 207 699 207 85
          208 823 85 699 700 823
          85 207 699 823 699 207
          822 823 85 86 209 701
          208 85 209 823 209 85
          701 823 85 700 701 823
          701 209 823 824 86 87
          209 701 209 87 210 825
          87 701 702 825 87 209
          701 825 701 209 824 825
          87 88 211 703 210 87
          211 825 211 87 703 825
          87 702 703 825 703 211
          825 826 88 89 211 703
          211 89 212 827 89 703
          704 827 89 211 703 827
          703 211 826 827 89 90
          213 705 212 89 213 827
          213 89 705 827 89 704
          705 827 705 213 827 828
          90 91 213 705 213 91
          214 829 91 705 706 829
          91 213 705 829 705 213
          828 829 91 92 215 707
          214 91 215 829 215 91
          707 829 91 706 707 829
          707 215 829 830 92 93
          215 707 215 93 216 831
          93 707 708 831 93 215
          707 831 707 215 830 831
          93 94 217 709 216 93
          217 831 217 93 709 831
          93 708 709 831 709 217
          831 832 94 95 217 709
          217 95 218 833 95 709
          710 833 95 217 709 833
          709 217 832 833 95 96
          219 711 218 95 219 833
          219 95 711 833 95 710
          711 833 711 219 833 834
          96 97 219 711 219 97
          220 835 97 711 712 835
          97 219 711 835 711 219
          834 835 97 98 221 713
          220 97 221 835 221 97
          713 835 97 712 713 835
          713 221 835 836 98 99
          221 713 221 99 222 837
          99 713 714 837 99 221
          713 837 713 221 836 837
          99 100 223 715 222 99
          223 837 223 99 715 837
          99 714 715 837 715 223
          837 838 100 101 223 715
          223 101 224 839 101 715
          716 839 101 223 715 839
          715 223 838 839 101 102
          225 717 224 101 225 839
          225 101 717 839 101 716
          717 839 717 225 839 840
          102 103 225 717 225 103
          226 841 103 717 718 841
          103 225 717 841 717 225
          840 841 103 104 227 719
          226 103 227 841 227 103
          719 841 103 718 719 841
          719 227 841 842 104 105
          227 719 227 105 228 843
          105 719 720 843 105 227
          719 843 719 227 842 843
          105 106 229 721 228 105
          229 843 229 105 721 843
          105 720 721 843 721 229
          843 844 106 107 229 721
          229 107 230 845 107 721
          722 845 107 229 721 845
          721 229 844 845 107 108
          231 723 230 107 231 845
          231 107 723 845 107 722
          723 845 723 231 845 846
          108 109 231 723 231 109
          232 847 109 723 724 847
          109 231 723 847 723 231
          846 847 109 110 233 725
          232 109 233 847 233 109
          725 847 109 724 725 847
          725 233 847 848 110 111
          233 725 233 111 234 849
          111 725 726 849 111 233
          725 849 725 233 848 849
          111 112 235 727 234 111
          235 849 235 111 727 849
          111 726 727 849 727 235
          849 850 112 113 235 727
          235 113 236 851 113 727
          728 851 113 235 727 851
          727 235 850 851 113 114
          237 729 236 113 237 851
          237 113 729 851 113 728
          729 851 729 237 851 852
          114 115 237 729 237 115
          238 853 115 729 730 853
          115 237 729 853 729 237
          852 853 115 116 239 731
          238 115 239 853 239 115
          731 853 115 730 731 853
          731 239 853 854 116 117
          239 731 239 117 240 855
          117 731 732 855 117 239
          731 855 731 239 854 855
          117 118 241 733 240 117
          241 855 241 117 733 855
          117 732 733 855 733 241
          855 856 118 119 241 733
          241 119 242 857 119 733
          734 857 119 241 733 857
          733 241 856 857 119 120
          243 735 242 119 243 857
          243 119 735 857 119 734
          735 857 735 243 857 858
          120 121 243 735 243 121
          244 859 121 735 736 859
          121 243 735 859 735 243
          858 859 121 122 245 737
          244 121 245 859 245 121
          737 859 121 736 737 859
          737 245 859 860 123 124
          247 739 246 123 247 861
          247 123 739 861 123 738
          739 861 739 247 861 862
          124 125 247 739 247 125
          248 863 125 739 740 863
          125 247 739 863 739 247
          862 863 125 126 249 741
          248 125 249 863 249 125
          741 863 125 740 741 863
          741 249 863 864 126 127
          249 741 249 127 250 865
          127 741 742 865 127 249
          741 865 741 249 864 865
          127 128 251 743 250 127
          251 865 251 127 743 865
          127 742 743 865 743 251
          865 866 128 129 251 743
          251 129 252 867 129 743
          744 867 129 251 743 867
          743 251 866 867 129 130
          253 745 252 129 253 867
          253 129 745 867 129 744
          745 867 745 253 867 868
          130 131 253 745 253 131
          254 869 131 745 746 869
          131 253 745 869 745 253
          868 869 131 132 255 747
          254 131 255 869 255 131
          747 869 131 746 747 869
          747 255 869 870 132 133
          255 747 255 133 256 871
          133 747 748 871 133 255
          747 871 747 255 870 871
          133 134 257 749 256 133
          257 871 257 133 749 871
          133 748 749 871 749 257
          871 872 134 135 257 749
          257 135 258 873 135 749
          750 873 135 257 749 873
          749 257 872 873 135 136
          259 751 258 135 259 873
          259 135 751 873 135 750
          751 873 751 259 873 874
          136 137 259 751 259 137
          260 875 137 751 752 875
          137 259 751 875 751 259
          874 875 137 138 261 753
          260 137 261 875 261 137
          753 875 137 752 753 875
          753 261 875 876 138 139
          261 753 261 139 262 877
          139 753 754 877 139 261
          753 877 753 261 876 877
          139 140 263 755 262 139
          263 877 263 139 755 877
          139 754 755 877 755 263
          877 878 140 141 263 755
          263 141 264 879 141 755
          756 879 141 263 755 879
          755 263 878 879 141 142
          265 757 264 141 265 879
          265 141 757 879 141 756
          757 879 757 265 879 880
          142 143 265 757 265 143
          266 881 143 757 758 881
          143 265 757 881 757 265
          880 881 143 144 267 759
          266 143 267 881 267 143
          759 881 143 758 759 881
          759 267 881 882 144 145
          267 759 267 145 268 883
          145 759 760 883 145 267
          759 883 759 267 882 883
          145 146 269 761 268 145
          269 883 269 145 761 883
          145 760 761 883 761 269
          883 884 146 147 269 761
          269 147 270 885 147 761
          762 885 147 269 761 885
          761 269 884 885 147 148
          271 763 270 147 271 885
          271 147 763 885 147 762
          763 885 763 271 885 886
          148 149 271 763 271 149
          272 887 149 763 764 887
          149 271 763 887 763 271
          886 887 149 150 273 765
          272 149 273 887 273 149
          765 887 149 764 765 887
          765 273 887 888 150 151
          273 765 273 151 274 889
          151 765 766 889 151 273
          765 889 765 273 888 889
          151 152 275 767 274 151
          275 889 275 151 767 889
          151 766 767 889 767 275
          889 890 152 153 275 767
          275 153 276 891 153 767
          768 891 153 275 767 891
          767 275 890 891 153 154
          277 769 276 153 277 891
          277 153 769 891 153 768
          769 891 769 277 891 892
          154 155 277 769 277 155
          278 893 155 769 770 893
          155 277 769 893 769 277
          892 893 155 156 279 771
          278 155 279 893 279 155
          771 893 155 770 771 893
          771 279 893 894 156 157
          279 771 279 157 280 895
          157 771 772 895 157 279
          771 895 771 279 894 895
          157 158 281 773 280 157
          281 895 281 157 773 895
          157 772 773 895 773 281
          895 896 158 159 281 773
          281 159 282 897 159 773
          774 897 159 281 773 897
          773 281 896 897 159 160
          283 775 282 159 283 897
          283 159 775 897 159 774
          775 897 775 283 897 898
          160 161 283 775 283 161
          284 899 161 775 776 899
          161 283 775 899 775 283
          898 899 161 162 285 777
          284 161 285 899 285 161
          777 899 161 776 777 899
          777 285 899 900 162 163
          285 777 285 163 286 901
          163 777 778 901 163 285
          777 901 777 285 900 901
          163 164 287 779 286 163
          287 901 287 163 779 901
          163 778 779 901 779 287
          901 902 164 165 287 779
          287 165 288 903 165 779
          780 903 165 287 779 903
          779 287 902 903 165 166
          289 781 288 165 289 903
          289 165 781 903 165 780
          781 903 781 289 903 904
          166 167 289 781 289 167
          290 905 167 781 782 905
          167 289 781 905 781 289
          904 905 167 168 291 783
          290 167 291 905 291 167
          783 905 167 782 783 905
          783 291 905 906 168 169
          291 783 291 169 292 907
          169 783 784 907 169 291
          783 907 783 291 906 907
          169 170 293 785 292 169
          293 907 293 169 785 907
          169 784 785 907 785 293
          907 908 170 171 293 785
          293 171 294 909 171 785
          786 909 171 293 785 909
          785 293 908 909 171 172
          295 787 294 171 295 909
          295 171 787 909 171 786
          787 909 787 295 909 910
          172 173 295 787 295 173
          296 911 173 787 788 911
          173 295 787 911 787 295
          910 911 173 174 297 789
          296 173 297 911 297 173
          789 911 173 788 789 911
          789 297 911 912 174 175
          297 789 297 175 298 913
          175 789 790 913 175 297
          789 913 789 297 912 913
          175 176 299 791 298 175
          299 913 299 175 791 913
          175 790 791 913 791 299
          913 914 176 177 299 791
          299 177 300 915 177 791
          792 915 177 299 791 915
          791 299 914 915 177 178
          301 793 300 177 301 915
          301 177 793 915 177 792
          793 915 793 301 915 916
          178 179 301 793 301 179
          302 917 179 793 794 917
          179 301 793 917 793 301
          916 917 179 180 303 795
          302 179 303 917 303 179
          795 917 179 794 795 917
          795 303 917 918 180 181
          303 795 303 181 304 919
          181 795 796 919 181 303
          795 919 795 303 918 919
          181 182 305 797 304 181
          305 919 305 181 797 919
          181 796 797 919 797 305
          919 920 182 183 305 797
          305 183 306 921 183 797
          798 921 183 305 797 921
          797 305 920 921 183 184
          307 799 306 183 307 921
          307 183 799 921 183 798
          799 921 799 307 921 922
          184 185 307 799 307 185
          308 923 185 799 800 923
          185 307 799 923 799 307
          922 923 185 186 309 801
          308 185 309 923 309 185
          801 923 185 800 801 923
          801 309 923 924 186 187
          309 801 309 187 310 925
          187 801 802 925 187 309
          801 925 801 309 924 925
          187 188 311 803 310 187
          311 925 311 187 803 925
          187 802 803 925 803 311
          925 926 188 189 311 803
          311 189 312 927 189 803
          804 927 189 311 803 927
          803 311 926 927 189 190
          313 805 312 189 313 927
          313 189 805 927 189 804
          805 927 805 313 927 928
          190 191 313 805 313 191
          314 929 191 805 806 929
          191 313 805 929 805 313
          928 929 191 192 315 807
          314 191 315 929 315 191
          807 929 191 806 807 929
          807 315 929 930 192 193
          315 807 315 193 316 931
          193 807 808 931 193 315
          807 931 807 315 930 931
          193 194 317 809 316 193
          317 931 317 193 809 931
          193 808 809 931 809 317
          931 932 194 195 317 809
          317 195 318 933 195 809
          810 933 195 317 809 933
          809 317 932 933 195 196
          319 811 318 195 319 933
          319 195 811 933 195 810
          811 933 811 319 933 934
          196 197 319 811 319 197
          320 935 197 811 812 935
          197 319 811 935 811 319
          934 935 197 198 321 813
          320 197 321 935 321 197
          813 935 197 812 813 935
          813 321 935 936 198 199
          321 813 321 199 322 937
          199 813 814 937 199 321
          813 937 813 321 936 937
          199 200 323 815 322 199
          323 937 323 199 815 937
          199 814 815 937 815 323
          937 938 200 201 323 815
          323 201 324 939 201 815
          816 939 201 323 815 939
          815 323 938 939 201 202
          325 817 324 201 325 939
          325 201 817 939 201 816
          817 939 817 325 939 940
          202 203 325 817 325 203
          326 941 203 817 818 941
          203 325 817 941 817 325
          940 941 203 204 327 819
          326 203 327 941 327 203
          819 941 203 818 819 941
          819 327 941 942 204 205
          327 819 327 205 328 943
          205 819 820 943 205 327
          819 943 819 327 942 943
          205 206 329 821 328 205
          329 943 329 205 821 943
          205 820 821 943 821 329
          943 944 206 207 329 821
          329 207 330 945 207 821
          822 945 207 329 821 945
          821 329 944 945 207 208
          331 823 330 207 331 945
          331 207 823 945 207 822
          823 945 823 331 945 946
          208 209 331 823 331 209
          332 947 209 823 824 947
          209 331 823 947 823 331
          946 947 209 210 333 825
          332 209 333 947 333 209
          825 947 209 824 825 947
          825 333 947 948 210 211
          333 825 333 211 334 949
          211 825 826 949 211 333
          825 949 825 333 948 949
          211 212 335 827 334 211
          335 949 335 211 827 949
          211 826 827 949 827 335
          949 950 212 213 335 827
          335 213 336 951 213 827
          828 951 213 335 827 951
          827 335 950 951 213 214
          337 829 336 213 337 951
          337 213 829 951 213 828
          829 951 829 337 951 952
          214 215 337 829 337 215
          338 953 215 829 830 953
          215 337 829 953 829 337
          952 953 215 216 339 831
          338 215 339 953 339 215
          831 953 215 830 831 953
          831 339 953 954 216 217
          339 831 339 217 340 955
          217 831 832 955 217 339
          831 955 831 339 954 955
          217 218 341 833 340 217
          341 955 341 217 833 955
          217 832 833 955 833 341
          955 956 218 219 341 833
          341 219 342 957 219 833
          834 957 219 341 833 957
          833 341 956 957 219 220
          343 835 342 219 343 957
          343 219 835 957 219 834
          835 957 835 343 957 958
          220 221 343 835 343 221
          344 959 221 835 836 959
          221 343 835 959 835 343
          958 959 221 222 345 837
          344 221 345 959 345 221
          837 959 221 836 837 959
          837 345 959 960 222 223
          345 837 345 223 346 961
          223 837 838 961 223 345
          837 961 837 345 960 961
          223 224 347 839 346 223
          347 961 347 223 839 961
          223 838 839 961 839 347
          961 962 224 225 347 839
          347 225 348 963 225 839
          840 963 225 347 839 963
          839 347 962 963 225 226
          349 841 348 225 349 963
          349 225 841 963 225 840
          841 963 841 349 963 964
          226 227 349 841 349 227
          350 965 227 841 842 965
          227 349 841 965 841 349
          964 965 227 228 351 843
          350 227 351 965 351 227
          843 965 227 842 843 965
          843 351 965 966 228 229
          351 843 351 229 352 967
          229 843 844 967 229 351
          843 967 843 351 966 967
          229 230 353 845 352 229
          353 967 353 229 845 967
          229 844 845 967 845 353
          967 968 230 231 353 845
          353 231 354 969 231 845
          846 969 231 353 845 969
          845 353 968 969 231 232
          355 847 354 231 355 969
          355 231 847 969 231 846
          847 969 847 355 969 970
          232 233 355 847 355 233
          356 971 233 847 848 971
          233 355 847 971 847 355
          970 971 233 234 357 849
          356 233 357 971 357 233
          849 971 233 848 849 971
          849 357 971 972 234 235
          357 849 357 235 358 973
          235 849 850 973 235 357
          849 973 849 357 972 973
          235 236 359 851 358 235
          359 973 359 235 851 973
          235 850 851 973 851 359
          973 974 236 237 359 851
          359 237 360 975 237 851
          852 975 237 359 851 975
          851 359 974 975 237 238
          361 853 360 237 361 975
          361 237 853 975 237 852
          853 975 853 361 975 976
          238 239 361 853 361 239
          362 977 239 853 854 977
          239 361 853 977 853 361
          976 977 239 240 363 855
          362 239 363 977 363 239
          855 977 239 854 855 977
          855 363 977 978 240 241
          363 855 363 241 364 979
          241 855 856 979 241 363
          855 979 855 363 978 979
          241 242 365 857 364 241
          365 979 365 241 857 979
          241 856 857 979 857 365
          979 980 242 243 365 857
          365 243 366 981 243 857
          858 981 243 365 857 981
          857 365 980 981 243 244
          367 859 366 243 367 981
          367 243 859 981 243 858
          859 981 859 367 981 982
          244 245 367 859 367 245
          368 983 245 859 860 983
          245 367 859 983 859 367
          982 983 246 247 369 861
          369 247 370 985 247 861
          862 985 247 369 861 985
          861 369 984 985 247 248
          371 863 370 247 371 985
          371 247 863 985 247 862
          863 985 863 371 985 986
          248 249 371 863 371 249
          372 987 249 863 864 987
          249 371 863 987 863 371
          986 987 249 250 373 865
          372 249 373 987 373 249
          865 987 249 864 865 987
          865 373 987 988 250 251
          373 865 373 251 374 989
          251 865 866 989 251 373
          865 989 865 373 988 989
          251 252 375 867 374 251
          375 989 375 251 867 989
          251 866 867 989 867 375
          989 990 252 253 375 867
          375 253 376 991 253 867
          868 991 253 375 867 991
          867 375 990 991 253 254
          377 869 376 253 377 991
          377 253 869 991 253 868
          869 991 869 377 991 992
          254 255 377 869 377 255
          378 993 255 869 870 993
          255 377 869 993 869 377
          992 993 255 256 379 871
          378 255 379 993 379 255
          871 993 255 870 871 993
          871 379 993 994 256 257
          379 871 379 257 380 995
          257 871 872 995 257 379
          871 995 871 379 994 995
          257 258 381 873 380 257
          381 995 381 257 873 995
          257 872 873 995 873 381
          995 996 258 259 381 873
          381 259 382 997 259 873
          874 997 259 381 873 997
          873 381 996 997 259 260
          383 875 382 259 383 997
          383 259 875 997 259 874
          875 997 875 383 997 998
          260 261 383 875 383 261
          384 999 261 875 876 999
          261 383 875 999 875 383
          998 999 261 262 385 877
          384 261 385 999 385 261
          877 999 261 876 877 999
          877 385 999 1000 262 263
          385 877 385 263 386 1001
          263 877 878 1001 263 385
          877 1001 877 385 1000 1001
          263 264 387 879 386 263
          387 1001 387 263 879 1001
          263 878 879 1001 879 387
          1001 1002 264 265 387 879
          387 265 388 1003 265 879
          880 1003 265 387 879 1003
          879 387 1002 1003 265 266
          389 881 388 265 389 1003
          389 265 881 1003 265 880
          881 1003 881 389 1003 1004
          266 267 389 881 389 267
          390 1005 267 881 882 1005
          267 389 881 1005 881 389
          1004 1005 267 268 391 883
          390 267 391 1005 391 267
          883 1005 267 882 883 1005
          883 391 1005 1006 268 269
          391 883 391 269 392 1007
          269 883 884 1007 269 391
          883 1007 883 391 1006 1007
          269 270 393 885 392 269
          393 1007 393 269 885 1007
          269 884 885 1007 885 393
          1007 1008 270 271 393 885
          393 271 394 1009 271 885
          886 1009 271 393 885 1009
          885 393 1008 1009 271 272
          395 887 394 271 395 1009
          395 271 887 1009 271 886
          887 1009 887 395 1009 1010
          272 273 395 887 395 273
          396 1011 273 887 888 1011
          273 395 887 1011 887 395
          1010 1011 273 274 397 889
          396 273 397 1011 397 273
          889 1011 273 888 889 1011
          889 397 1011 1012 274 275
          397 889 397 275 398 1013
          275 889 890 1013 275 397
          889 1013 889 397 1012 1013
          275 276 399 891 398 275
          399 1013 399 275 891 1013
          275 890 891 1013 891 399
          1013 1014 276 277 399 891
          399 277 400 1015 277 891
          892 1015 277 399 891 1015
          891 399 1014 1015 277 278
          401 893 400 277 401 1015
          401 277 893 1015 277 892
          893 1015 893 401 1015 1016
          278 279 401 893 401 279
          402 1017 279 893 894 1017
          279 401 893 1017 893 401
          1016 1017 279 280 403 895
          402 279 403 1017 403 279
          895 1017 279 894 895 1017
          895 403 1017 1018 280 281
          403 895 403 281 404 1019
          281 895 896 1019 281 403
          895 1019 895 403 1018 1019
          281 282 405 897 404 281
          405 1019 405 281 897 1019
          281 896 897 1019 897 405
          1019 1020 282 283 405 897
          405 283 406 1021 283 897
          898 1021 283 405 897 1021
          897 405 1020 1021 283 284
          407 899 406 283 407 1021
          407 283 899 1021 283 898
          899 1021 899 407 1021 1022
          284 285 407 899 407 285
          408 1023 285 899 900 1023
          285 407 899 1023 899 407
          1022 1023 285 286 409 901
          408 285 409 1023 409 285
          901 1023 285 900 901 1023
          901 409 1023 1024 286 287
          409 901 409 287 410 1025
          287 901 902 1025 287 409
          901 1025 901 409 1024 1025
          287 288 411 903 410 287
          411 1025 411 287 903 1025
          287 902 903 1025 903 411
          1025 1026 288 289 411 903
          411 289 412 1027 289 903
          904 1027 289 411 903 1027
          903 411 1026 1027 289 290
          413 905 412 289 413 1027
          413 289 905 1027 289 904
          905 1027 905 413 1027 1028
          290 291 413 905 413 291
          414 1029 291 905 906 1029
          291 413 905 1029 905 413
          1028 1029 291 292 415 907
          414 291 415 1029 415 291
          907 1029 291 906 907 1029
          907 415 1029 1030 292 293
          415 907 415 293 416 1031
          293 907 908 1031 293 415
          907 1031 907 415 1030 1031
          293 294 417 909 416 293
          417 1031 417 293 909 1031
          293 908 909 1031 909 417
          1031 1032 294 295 417 909
          417 295 418 1033 295 909
          910 1033 295 417 909 1033
          909 417 1032 1033 295 296
          419 911 418 295 419 1033
          419 295 911 1033 295 910
          911 1033 911 419 1033 1034
          296 297 419 911 419 297
          420 1035 297 911 912 1035
          297 419 911 1035 911 419
          1034 1035 297 298 421 913
          420 297 421 1035 421 297
          913 1035 297 912 913 1035
          913 421 1035 1036 298 299
          421 913 421 299 422 1037
          299 913 914 1037 299 421
          913 1037 913 421 1036 1037
          299 300 423 915 422 299
          423 1037 423 299 915 1037
          299 914 915 1037 915 423
          1037 1038 300 301 423 915
          423 301 424 1039 301 915
          916 1039 301 423 915 1039
          915 423 1038 1039 301 302
          425 917 424 301 425 1039
          425 301 917 1039 301 916
          917 1039 917 425 1039 1040
          302 303 425 917 425 303
          426 1041 303 917 918 1041
          303 425 917 1041 917 425
          1040 1041 303 304 427 919
          426 303 427 1041 427 303
          919 1041 303 918 919 1041
          919 427 1041 1042 304 305
          427 919 427 305 428 1043
          305 919 920 1043 305 427
          919 1043 919 427 1042 1043
          305 306 429 921 428 305
          429 1043 429 305 921 1043
          305 920 921 1043 921 429
          1043 1044 306 307 429 921
          429 307 430 1045 307 921
          922 1045 307 429 921 1045
          921 429 1044 1045 307 308
          431 923 430 307 431 1045
          431 307 923 1045 307 922
          923 1045 923 431 1045 1046
          308 309 431 923 431 309
          432 1047 309 923 924 1047
          309 431 923 1047 923 431
          1046 1047 309 310 433 925
          432 309 433 1047 433 309
          925 1047 309 924 925 1047
          925 433 1047 1048 310 311
          433 925 433 311 434 1049
          311 925 926 1049 311 433
          925 1049 925 433 1048 1049
          311 312 435 927 434 311
          435 1049 435 311 927 1049
          311 926 927 1049 927 435
          1049 1050 312 313 435 927
          435 313 436 1051 313 927
          928 1051 313 435 927 1051
          927 435 1050 1051 313 314
          437 929 436 313 437 1051
          437 313 929 1051 313 928
          929 1051 929 437 1051 1052
          314 315 437 929 437 315
          438 1053 315 929 930 1053
          315 437 929 1053 929 437
          1052 1053 315 316 439 931
          438 315 439 1053 439 315
          931 1053 315 930 931 1053
          931 439 1053 1054 316 317
          439 931 439 317 440 1055
          317 931 932 1055 317 439
          931 1055 931 439 1054 1055
          317 318 441 933 440 317
          441 1055 441 317 933 1055
          317 932 933 1055 933 441
          1055 1056 318 319 441 933
          441 319 442 1057 319 933
          934 1057 319 441 933 1057
          933 441 1056 1057 319 320
          443 935 442 319 443 1057
          443 319 935 1057 319 934
          935 1057 935 443 1057 1058
          320 321 443 935 443 321
          444 1059 321 935 936 1059
          321 443 935 1059 935 443
          1058 1059 321 322 445 937
          444 321 445 1059 445 321
          937 1059 321 936 937 1059
          937 445 1059 1060 322 323
          445 937 445 323 446 1061
          323 937 938 1061 323 445
          937 1061 937 445 1060 1061
          323 324 447 939 446 323
          447 1061 447 323 939 1061
          323 938 939 1061 939 447
          1061 1062 324 325 447 939
          447 325 448 1063 325 939
          940 1063 325 447 939 1063
          939 447 1062 1063 325 326
          449 941 448 325 449 1063
          449 325 941 1063 325 940
          941 1063 941 449 1063 1064
          326 327 449 941 449 327
          450 1065 327 941 942 1065
          327 449 941 1065 941 449
          1064 1065 327 328 451 943
          450 327 451 1065 451 327
          943 1065 327 942 943 1065
          943 451 1065 1066 328 329
          451 943 451 329 452 1067
          329 943 944 1067 329 451
          943 1067 943 451 1066 1067
          329 330 453 945 452 329
          453 1067 453 329 945 1067
          329 944 945 1067 945 453
          1067 1068 330 331 453 945
          453 331 454 1069 331 945
          946 1069 331 453 945 1069
          945 453 1068 1069 331 332
          455 947 454 331 455 1069
          455 331 947 1069 331 946
          947 1069 947 455 1069 1070
          332 333 455 947 455 333
          456 1071 333 947 948 1071
          333 455 947 1071 947 455
          1070 1071 333 334 457 949
          456 333 457 1071 457 333
          949 1071 333 948 949 1071
          949 457 1071 1072 334 335
          457 949 457 335 458 1073
          335 949 950 1073 335 457
          949 1073 949 457 1072 1073
          335 336 459 951 458 335
          459 1073 459 335 951 1073
          335 950 951 1073 951 459
          1073 1074 336 337 459 951
          459 337 460 1075 337 951
          952 1075 337 459 951 1075
          951 459 1074 1075 337 338
          461 953 460 337 461 1075
          461 337 953 1075 337 952
          953 1075 953 461 1075 1076
          338 339 461 953 461 339
          462 1077 339 953 954 1077
          339 461 953 1077 953 461
          1076 1077 339 340 463 955
          462 339 463 1077 463 339
          955 1077 339 954 955 1077
          955 463 1077 1078 340 341
          463 955 463 341 464 1079
          341 955 956 1079 341 463
          955 1079 955 463 1078 1079
          341 342 465 957 464 341
          465 1079 465 341 957 1079
          341 956 957 1079 957 465
          1079 1080 342 343 465 957
          465 343 466 1081 343 957
          958 1081 343 465 957 1081
          957 465 1080 1081 343 344
          467 959 466 343 467 1081
          467 343 959 1081 343 958
          959 1081 959 467 1081 1082
          344 345 467 959 467 345
          468 1083 345 959 960 1083
          345 467 959 1083 959 467
          1082 1083 345 346 469 961
          468 345 469 1083 469 345
          961 1083 345 960 961 1083
          961 469 1083 1084 346 347
          469 961 469 347 470 1085
          347 961 962 1085 347 469
          961 1085 961 469 1084 1085
          347 348 471 963 470 347
          471 1085 471 347 963 1085
          347 962 963 1085 963 471
          1085 1086 348 349 471 963
          471 349 472 1087 349 963
          964 1087 349 471 963 1087
          963 471 1086 1087 349 350
          473 965 472 349 473 1087
          473 349 965 1087 349 964
          965 1087 965 473 1087 1088
          350 351 473 965 473 351
          474 1089 351 965 966 1089
          351 473 965 1089 965 473
          1088 1089 351 352 475 967
          474 351 475 1089 475 351
          967 1089 351 966 967 1089
          967 475 1089 1090 352 353
          475 967 475 353 476 1091
          353 967 968 1091 353 475
          967 1091 967 475 1090 1091
          353 354 477 969 476 353
          477 1091 477 353 969 1091
          353 968 969 1091 969 477
          1091 1092 354 355 477 969
          477 355 478 1093 355 969
          970 1093 355 477 969 1093
          969 477 1092 1093 355 356
          479 971 478 355 479 1093
          479 355 971 1093 355 970
          971 1093 971 479 1093 1094
          356 357 479 971 479 357
          480 1095 357 971 972 1095
          357 479 971 1095 971 479
          1094 1095 357 358 481 973
          480 357 481 1095 481 357
          973 1095 357 972 973 1095
          973 481 1095 1096 358 359
          481 973 481 359 482 1097
          359 973 974 1097 359 481
          973 1097 973 481 1096 1097
          359 360 483 975 482 359
          483 1097 483 359 975 1097
          359 974 975 1097 975 483
          1097 1098 360 361 483 975
          483 361 484 1099 361 975
          976 1099 361 483 975 1099
          975 483 1098 1099 361 362
          485 977 484 361 485 1099
          485 361 977 1099 361 976
          977 1099 977 485 1099 1100
          362 363 485 977 485 363
          486 1101 363 977 978 1101
          363 485 977 1101 977 485
          1100 1101 363 364 487 979
          486 363 487 1101 487 363
          979 1101 363 978 979 1101
          979 487 1101 1102 364 365
          487 979 487 365 488 1103
          365 979 980 1103 365 487
          979 1103 979 487 1102 1103
          365 366 489 981 488 365
          489 1103 489 365 981 1103
          365 980 981 1103 981 489
          1103 1104 366 367 489 981
          489 367 490 1105 367 981
          982 1105 367 489 981 1105
          981 489 1104 1105 367 368
          491 983 490 367 491 1105
          491 367 983 1105 367 982
          983 1105 983 491 1105 1106
          369 370 493 985 492 369
          493 1107 493 369 985 1107
          369 984 985 1107 985 493
          1107 1108 370 371 493 985
          493 371 494 1109 371 985
          986 1109 371 493 985 1109
          985 493 1108 1109 371 372
          495 987 494 371 495 1109
          495 371 987 1109 371 986
          987 1109 987 495 1109 1110
          372 373 495 987 495 373
          496 1111 373 987 988 1111
          373 495 987 1111 987 495
          1110 1111 373 374 497 989
          496 373 497 1111 497 373
          989 1111 373 988 989 1111
          989 497 1111 1112 374 375
          497 989 497 375 498 1113
          375 989 990 1113 375 497
          989 1113 989 497 1112 1113
          375 376 499 991 498 375
          499 1113 499 375 991 1113
          375 990 991 1113 991 499
          1113 1114 376 377 499 991
          499 377 500 1115 377 991
          992 1115 377 499 991 1115
          991 499 1114 1115 377 378
          501 993 500 377 501 1115
          501 377 993 1115 377 992
          993 1115 993 501 1115 1116
          378 379 501 993 501 379
          502 1117 379 993 994 1117
          379 501 993 1117 993 501
          1116 1117 379 380 503 995
          502 379 503 1117 503 379
          995 1117 379 994 995 1117
          995 503 1117 1118 380 381
          503 995 503 381 504 1119
          381 995 996 1119 381 503
          995 1119 995 503 1118 1119
          381 382 505 997 504 381
          505 1119 505 381 997 1119
          381 996 997 1119 997 505
          1119 1120 382 383 505 997
          505 383 506 1121 383 997
          998 1121 383 505 997 1121
          997 505 1120 1121 383 384
          507 999 506 383 507 1121
          507 383 999 1121 383 998
          999 1121 999 507 1121 1122
          384 385 507 999 507 385
          508 1123 385 999 1000 1123
          385 507 999 1123 999 507
          1122 1123 385 386 509 1001
          508 385 509 1123 509 385
          1001 1123 385 1000 1001 1123
          1001 509 1123 1124 386 387
          509 1001 509 387 510 1125
          387 1001 1002 1125 387 509
          1001 1125 1001 509 1124 1125
          387 388 511 1003 510 387
          511 1125 511 387 1003 1125
          387 1002 1003 1125 1003 511
          1125 1126 388 389 511 1003
          511 389 512 1127 389 1003
          1004 1127 389 511 1003 1127
          1003 511 1126 1127 389 390
          513 1005 512 389 513 1127
          513 389 1005 1127 389 1004
          1005 1127 1005 513 1127 1128
          390 391 513 1005 513 391
          514 1129 391 1005 1006 1129
          391 513 1005 1129 1005 513
          1128 1129 391 392 515 1007
          514 391 515 1129 515 391
          1007 1129 391 1006 1007 1129
          1007 515 1129 1130 392 393
          515 1007 515 393 516 1131
          393 1007 1008 1131 393 515
          1007 1131 1007 515 1130 1131
          393 394 517 1009 516 393
          517 1131 517 393 1009 1131
          393 1008 1009 1131 1009 517
          1131 1132 394 395 517 1009
          517 395 518 1133 395 1009
          1010 1133 395 517 1009 1133
          1009 517 1132 1133 395 396
          519 1011 518 395 519 1133
          519 395 1011 1133 395 1010
          1011 1133 1011 519 1133 1134
          396 397 519 1011 519 397
          520 1135 397 1011 1012 1135
          397 519 1011 1135 1011 519
          1134 1135 397 398 521 1013
          520 397 521 1135 521 397
          1013 1135 397 1012 1013 1135
          1013 521 1135 1136 398 399
          521 1013 521 399 522 1137
          399 1013 1014 1137 399 521
          1013 1137 1013 521 1136 1137
          399 400 523 1015 522 399
          523 1137 523 399 1015 1137
          399 1014 1015 1137 1015 523
          1137 1138 400 401 523 1015
          523 401 524 1139 401 1015
          1016 1139 401 523 1015 1139
          1015 523 1138 1139 401 402
          525 1017 524 401 525 1139
          525 401 1017 1139 401 1016
          1017 1139 1017 525 1139 1140
          402 403 525 1017 525 403
          526 1141 403 1017 1018 1141
          403 525 1017 1141 1017 525
          1140 1141 403 404 527 1019
          526 403 527 1141 527 403
          1019 1141 403 1018 1019 1141
          1019 527 1141 1142 404 405
          527 1019 527 405 528 1143
          405 1019 1020 1143 405 527
          1019 1143 1019 527 1142 1143
          405 406 529 1021 528 405
          529 1143 529 405 1021 1143
          405 1020 1021 1143 1021 529
          1143 1144 406 407 529 1021
          529 407 530 1145 407 1021
          1022 1145 407 529 1021 1145
          1021 529 1144 1145 407 408
          531 1023 530 407 531 1145
          531 407 1023 1145 407 1022
          1023 1145 1023 531 1145 1146
          408 409 531 1023 531 409
          532 1147 409 1023 1024 1147
          409 531 1023 1147 1023 531
          1146 1147 409 410 533 1025
          532 409 533 1147 533 409
          1025 1147 409 1024 1025 1147
          1025 533 1147 1148 410 411
          533 1025 533 411 534 1149
          411 1025 1026 1149 411 533
          1025 1149 1025 533 1148 1149
          411 412 535 1027 534 411
          535 1149 535 411 1027 1149
          411 1026 1027 1149 1027 535
          1149 1150 412 413 535 1027
          535 413 536 1151 413 1027
          1028 1151 413 535 1027 1151
          1027 535 1150 1151 413 414
          537 1029 536 413 537 1151
          537 413 1029 1151 413 1028
          1029 1151 1029 537 1151 1152
          414 415 537 1029 537 415
          538 1153 415 1029 1030 1153
          415 537 1029 1153 1029 537
          1152 1153 415 416 539 1031
          538 415 539 1153 539 415
          1031 1153 415 1030 1031 1153
          1031 539 1153 1154 416 417
          539 1031 539 417 540 1155
          417 1031 1032 1155 417 539
          1031 1155 1031 539 1154 1155
          417 418 541 1033 540 417
          541 1155 541 417 1033 1155
          417 1032 1033 1155 1033 541
          1155 1156 418 419 541 1033
          541 419 542 1157 419 1033
          1034 1157 419 541 1033 1157
          1033 541 1156 1157 419 420
          543 1035 542 419 543 1157
          543 419 1035 1157 419 1034
          1035 1157 1035 543 1157 1158
          420 421 543 1035 543 421
          544 1159 421 1035 1036 1159
          421 543 1035 1159 1035 543
          1158 1159 421 422 545 1037
          544 421 545 1159 545 421
          1037 1159 421 1036 1037 1159
          1037 545 1159 1160 422 423
          545 1037 545 423 546 1161
          423 1037 1038 1161 423 545
          1037 1161 1037 545 1160 1161
          423 424 547 1039 546 423
          547 1161 547 423 1039 1161
          423 1038 1039 1161 1039 547
          1161 1162 424 425 547 1039
          547 425 548 1163 425 1039
          1040 1163 425 547 1039 1163
          1039 547 1162 1163 425 426
          549 1041 548 425 549 1163
          549 425 1041 1163 425 1040
          1041 1163 1041 549 1163 1164
          426 427 549 1041 549 427
          550 1165 427 1041 1042 1165
          427 549 1041 1165 1041 549
          1164 1165 427 428 551 1043
          550 427 551 1165 551 427
          1043 1165 427 1042 1043 1165
          1043 551 1165 1166 428 429
          551 1043 551 429 552 1167
          429 1043 1044 1167 429 551
          1043 1167 1043 551 1166 1167
          429 430 553 1045 552 429
          553 1167 553 429 1045 1167
          429 1044 1045 1167 1045 553
          1167 1168 430 431 553 1045
          553 431 554 1169 431 1045
          1046 1169 431 553 1045 1169
          1045 553 1168 1169 431 432
          555 1047 554 431 555 1169
          555 431 1047 1169 431 1046
          1047 1169 1047 555 1169 1170
          432 433 555 1047 555 433
          556 1171 433 1047 1048 1171
          433 555 1047 1171 1047 555
          1170 1171 433 434 557 1049
          556 433 557 1171 557 433
          1049 1171 433 1048 1049 1171
          1049 557 1171 1172 434 435
          557 1049 557 435 558 1173
          435 1049 1050 1173 435 557
          1049 1173 1049 557 1172 1173
          435 436 559 1051 558 435
          559 1173 559 435 1051 1173
          435 1050 1051 1173 1051 559
          1173 1174 436 437 559 1051
          559 437 560 1175 437 1051
          1052 1175 437 559 1051 1175
          1051 559 1174 1175 437 438
          561 1053 560 437 561 1175
          561 437 1053 1175 437 1052
          1053 1175 1053 561 1175 1176
          438 439 561 1053 561 439
          562 1177 439 1053 1054 1177
          439 561 1053 1177 1053 561
          1176 1177 439 440 563 1055
          562 439 563 1177 563 439
          1055 1177 439 1054 1055 1177
          1055 563 1177 1178 440 441
          563 1055 563 441 564 1179
          441 1055 1056 1179 441 563
          1055 1179 1055 563 1178 1179
          441 442 565 1057 564 441
          565 1179 565 441 1057 1179
          441 1056 1057 1179 1057 565
          1179 1180 442 443 565 1057
          565 443 566 1181 443 1057
          1058 1181 443 565 1057 1181
          1057 565 1180 1181 443 444
          567 1059 566 443 567 1181
          567 443 1059 1181 443 1058
          1059 1181 1059 567 1181 1182
          444 445 567 1059 567 445
          568 1183 445 1059 1060 1183
          445 567 1059 1183 1059 567
          1182 1183 445 446 569 1061
          568 445 569 1183 569 445
          1061 1183 445 1060 1061 1183
          1061 569 1183 1184 446 447
          569 1061 569 447 570 1185
          447 1061 1062 1185 447 569
          1061 1185 1061 569 1184 1185
          447 448 571 1063 570 447
          571 1185 571 447 1063 1185
          447 1062 1063 1185 1063 571
          1185 1186 448 449 571 1063
          571 449 572 1187 449 1063
          1064 1187 449 571 1063 1187
          1063 571 1186 1187 449 450
          573 1065 572 449 573 1187
          573 449 1065 1187 449 1064
          1065 1187 1065 573 1187 1188
          450 451 573 1065 573 451
          574 1189 451 1065 1066 1189
          451 573 1065 1189 1065 573
          1188 1189 451 452 575 1067
          574 451 575 1189 575 451
          1067 1189 451 1066 1067 1189
          1067 575 1189 1190 452 453
          575 1067 575 453 576 1191
          453 1067 1068 1191 453 575
          1067 1191 1067 575 1190 1191
          453 454 577 1069 576 453
          577 1191 577 453 1069 1191
          453 1068 1069 1191 1069 577
          1191 1192 454 455 577 1069
          577 455 578 1193 455 1069
          1070 1193 455 577 1069 1193
          1069 577 1192 1193 455 456
          579 1071 578 455 579 1193
          579 455 1071 1193 455 1070
          1071 1193 1071 579 1193 1194
          456 457 579 1071 579 457
          580 1195 457 1071 1072 1195
          457 579 1071 1195 1071 579
          1194 1195 457 458 581 1073
          580 457 581 1195 581 457
          1073 1195 457 1072 1073 1195
          1073 581 1195 1196 458 459
          581 1073 581 459 582 1197
          459 1073 1074 1197 459 581
          1073 1197 1073 581 1196 1197
          459 460 583 1075 582 459
          583 1197 583 459 1075 1197
          459 1074 1075 1197 1075 583
          1197 1198 460 461 583 1075
          583 461 584 1199 461 1075
          1076 1199 461 583 1075 1199
          1075 583 1198 1199 461 462
          585 1077 584 461 585 1199
          585 461 1077 1199 461 1076
          1077 1199 1077 585 1199 1200
          462 463 585 1077 585 463
          586 1201 463 1077 1078 1201
          463 585 1077 1201 1077 585
          1200 1201 463 464 587 1079
          586 463 587 1201 587 463
          1079 1201 463 1078 1079 1201
          1079 587 1201 1202 464 465
          587 1079 587 465 588 1203
          465 1079 1080 1203 465 587
          1079 1203 1079 587 1202 1203
          465 466 589 1081 588 465
          589 1203 589 465 1081 1203
          465 1080 1081 1203 1081 589
          1203 1204 466 467 589 1081
          589 467 590 1205 467 1081
          1082 1205 467 589 1081 1205
          1081 589 1204 1205 467 468
          591 1083 590 467 591 1205
          591 467 1083 1205 467 1082
          1083 1205 1083 591 1205 1206
          468 469 591 1083 591 469
          592 1207 469 1083 1084 1207
          469 591 1083 1207 1083 591
          1206 1207 469 470 593 1085
          592 469 593 1207 593 469
          1085 1207 469 1084 1085 1207
          1085 593 1207 1208 470 471
          593 1085 593 471 594 1209
          471 1085 1086 1209 471 593
          1085 1209 1085 593 1208 1209
          471 472 595 1087 594 471
          595 1209 595 471 1087 1209
          471 1086 1087 1209 1087 595
          1209 1210 472 473 595 1087
          595 473 596 1211 473 1087
          1088 1211 473 595 1087 1211
          1087 595 1210 1211 473 474
          597 1089 596 473 597 1211
          597 473 1089 1211 473 1088
          1089 1211 1089 597 1211 1212
          474 475 597 1089 597 475
          598 1213 475 1089 1090 1213
          475 597 1089 1213 1089 597
          1212 1213 475 476 599 1091
          598 475 599 1213 599 475
          1091 1213 475 1090 1091 1213
          1091 599 1213 1214 476 477
          599 1091 599 477 600 1215
          477 1091 1092 1215 477 599
          1091 1215 1091 599 1214 1215
          477 478 601 1093 600 477
          601 1215 601 477 1093 1215
          477 1092 1093 1215 1093 601
          1215 1216 478 479 601 1093
          601 479 602 1217 479 1093
          1094 1217 479 601 1093 1217
          1093 601 1216 1217 479 480
          603 1095 602 479 603 1217
          603 479 1095 1217 479 1094
          1095 1217 1095 603 1217 1218
          480 481 603 1095 603 481
          604 1219 481 1095 1096 1219
          481 603 1095 1219 1095 603
          1218 1219 481 482 605 1097
          604 481 605 1219 605 481
          1097 1219 481 1096 1097 1219
          1097 605 1219 1220 482 483
          605 1097 605 483 606 1221
          483 1097 1098 1221 483 605
          1097 1221 1097 605 1220 1221
          483 484 607 1099 606 483
          607 1221 607 483 1099 1221
          483 1098 1099 1221 1099 607
          1221 1222 484 485 607 1099
          607 485 608 1223 485 1099
          1100 1223 485 607 1099 1223
          1099 607 1222 1223 485 486
          609 1101 608 485 609 1223
          609 485 1101 1223 485 1100
          1101 1223 1101 609 1223 1224
          486 487 609 1101 609 487
          610 1225 487 1101 1102 1225
          487 609 1101 1225 1101 609
          1224 1225 487 488 611 1103
          610 487 611 1225 611 487
          1103 1225 487 1102 1103 1225
          1103 611 1225 1226 488 489
          611 1103 611 489 612 1227
          489 1103 1104 1227 489 611
          1103 1227 1103 611 1226 1227
          489 490 613 1105 612 489
          613 1227 613 489 1105 1227
          489 1104 1105 1227 1105 613
          1227 1228 490 491 613 1105
          613 491 614 1229 491 1105
          1106 1229 491 613 1105 1229
          1105 613 1228 1229 615 616
          739 1231 738 615 739 1353
          739 615 1231 1353 615 1230
          1231 1353 1231 739 1353 1354
          616 617 739 1231 739 617
          740 1355 617 1231 1232 1355
          617 739 1231 1355 1231 739
          1354 1355 617 618 741 1233
          740 617 741 1355 741 617
          1233 1355 617 1232 1233 1355
          1233 741 1355 1356 618 619
          741 1233 741 619 742 1357
          619 1233 1234 1357 619 741
          1233 1357 1233 741 1356 1357
          619 620 743 1235 742 619
          743 1357 743 619 1235 1357
          619 1234 1235 1357 1235 743
          1357 1358 620 621 743 1235
          743 621 744 1359 621 1235
          1236 1359 621 743 1235 1359
          1235 743 1358 1359 621 622
          745 1237 744 621 745 1359
          745 621 1237 1359 621 1236
          1237 1359 1237 745 1359 1360
          622 623 745 1237 745 623
          746 1361 623 1237 1238 1361
          623 745 1237 1361 1237 745
          1360 1361 623 624 747 1239
          746 623 747 1361 747 623
          1239 1361 623 1238 1239 1361
          1239 747 1361 1362 624 625
          747 1239 747 625 748 1363
          625 1239 1240 1363 625 747
          1239 1363 1239 747 1362 1363
          625 626 749 1241 748 625
          749 1363 749 625 1241 1363
          625 1240 1241 1363 1241 749
          1363 1364 626 627 749 1241
          749 627 750 1365 627 1241
          1242 1365 627 749 1241 1365
          1241 749 1364 1365 627 628
          751 1243 750 627 751 1365
          751 627 1243 1365 627 1242
          1243 1365 1243 751 1365 1366
          628 629 751 1243 751 629
          752 1367 629 1243 1244 1367
          629 751 1243 1367 1243 751
          1366 1367 629 630 753 1245
          752 629 753 1367 753 629
          1245 1367 629 1244 1245 1367
          1245 753 1367 1368 630 631
          753 1245 753 631 754 1369
          631 1245 1246 1369 631 753
          1245 1369 1245 753 1368 1369
          631 632 755 1247 754 631
          755 1369 755 631 1247 1369
          631 1246 1247 1369 1247 755
          1369 1370 632 633 755 1247
          755 633 756 1371 633 1247
          1248 1371 633 755 1247 1371
          1247 755 1370 1371 633 634
          757 1249 756 633 757 1371
          757 633 1249 1371 633 1248
          1249 1371 1249 757 1371 1372
          634 635 757 1249 757 635
          758 1373 635 1249 1250 1373
          635 757 1249 1373 1249 757
          1372 1373 635 636 759 1251
          758 635 759 1373 759 635
          1251 1373 635 1250 1251 1373
          1251 759 1373 1374 636 637
          759 1251 759 637 760 1375
          637 1251 1252 1375 637 759
          1251 1375 1251 759 1374 1375
          637 638 761 1253 760 637
          761 1375 761 637 1253 1375
          637 1252 1253 1375 1253 761
          1375 1376 638 639 761 1253
          761 639 762 1377 639 1253
          1254 1377 639 761 1253 1377
          1253 761 1376 1377 639 640
          763 1255 762 639 763 1377
          763 639 1255 1377 639 1254
          1255 1377 1255 763 1377 1378
          640 641 763 1255 763 641
          764 1379 641 1255 1256 1379
          641 763 1255 1379 1255 763
          1378 1379 641 642 765 1257
          764 641 765 1379 765 641
          1257 1379 641 1256 1257 1379
          1257 765 1379 1380 642 643
          765 1257 765 643 766 1381
          643 1257 1258 1381 643 765
          1257 1381 1257 765 1380 1381
          643 644 767 1259 766 643
          767 1381 767 643 1259 1381
          643 1258 1259 1381 1259 767
          1381 1382 644 645 767 1259
          767 645 768 1383 645 1259
          1260 1383 645 767 1259 1383
          1259 767 1382 1383 645 646
          769 1261 768 645 769 1383
          769 645 1261 1383 645 1260
          1261 1383 1261 769 1383 1384
          646 647 769 1261 769 647
          770 1385 647 1261 1262 1385
          647 769 1261 1385 1261 769
          1384 1385 647 648 771 1263
          770 647 771 1385 771 647
          1263 1385 647 1262 1263 1385
          1263 771 1385 1386 648 649
          771 1263 771 649 772 1387
          649 1263 1264 1387 649 771
          1263 1387 1263 771 1386 1387
          649 650 773 1265 772 649
          773 1387 773 649 1265 1387
          649 1264 1265 1387 1265 773
          1387 1388 650 651 773 1265
          773 651 774 1389 651 1265
          1266 1389 651 773 1265 1389
          1265 773 1388 1389 651 652
          775 1267 774 651 775 1389
          775 651 1267 1389 651 1266
          1267 1389 1267 775 1389 1390
          652 653 775 1267 775 653
          776 1391 653 1267 1268 1391
          653 775 1267 1391 1267 775
          1390 1391 653 654 777 1269
          776 653 777 1391 777 653
          1269 1391 653 1268 1269 1391
          1269 777 1391 1392 654 655
          777 1269 777 655 778 1393
          655 1269 1270 1393 655 777
          1269 1393 1269 777 1392 1393
          655 656 779 1271 778 655
          779 1393 779 655 1271 1393
          655 1270 1271 1393 1271 779
          1393 1394 656 657 779 1271
          779 657 780 1395 657 1271
          1272 1395 657 779 1271 1395
          1271 779 1394 1395 657 658
          781 1273 780 657 781 1395
          781 657 1273 1395 657 1272
          1273 1395 1273 781 1395 1396
          658 659 781 1273 781 659
          782 1397 659 1273 1274 1397
          659 781 1273 1397 1273 781
          1396 1397 659 660 783 1275
          782 659 783 1397 783 659
          1275 1397 659 1274 1275 1397
          1275 783 1397 1398 660 661
          783 1275 783 661 784 1399
          661 1275 1276 1399 661 783
          1275 1399 1275 783 1398 1399
          661 662 785 1277 784 661
          785 1399 785 661 1277 1399
          661 1276 1277 1399 1277 785
          1399 1400 662 663 785 1277
          785 663 786 1401 663 1277
          1278 1401 663 785 1277 1401
          1277 785 1400 1401 663 664
          787 1279 786 663 787 1401
          787 663 1279 1401 663 1278
          1279 1401 1279 787 1401 1402
          664 665 787 1279 787 665
          788 1403 665 1279 1280 1403
          665 787 1279 1403 1279 787
          1402 1403 665 666 789 1281
          788 665 789 1403 789 665
          1281 1403 665 1280 1281 1403
          1281 789 1403 1404 666 667
          789 1281 789 667 790 1405
          667 1281 1282 1405 667 789
          1281 1405 1281 789 1404 1405
          667 668 791 1283 790 667
          791 1405 791 667 1283 1405
          667 1282 1283 1405 1283 791
          1405 1406 668 669 791 1283
          791 669 792 1407 669 1283
          1284 1407 669 791 1283 1407
          1283 791 1406 1407 669 670
          793 1285 792 669 793 1407
          793 669 1285 1407 669 1284
          1285 1407 1285 793 1407 1408
          670 671 793 1285 793 671
          794 1409 671 1285 1286 1409
          671 793 1285 1409 1285 793
          1408 1409 671 672 795 1287
          794 671 795 1409 795 671
          1287 1409 671 1286 1287 1409
          1287 795 1409 1410 672 673
          795 1287 795 673 796 1411
          673 1287 1288 1411 673 795
          1287 1411 1287 795 1410 1411
          673 674 797 1289 796 673
          797 1411 797 673 1289 1411
          673 1288 1289 1411 1289 797
          1411 1412 674 675 797 1289
          797 675 798 1413 675 1289
          1290 1413 675 797 1289 1413
          1289 797 1412 1413 675 676
          799 1291 798 675 799 1413
          799 675 1291 1413 675 1290
          1291 1413 1291 799 1413 1414
          676 677 799 1291 799 677
          800 1415 677 1291 1292 1415
          677 799 1291 1415 1291 799
          1414 1415 677 678 801 1293
          800 677 801 1415 801 677
          1293 1415 677 1292 1293 1415
          1293 801 1415 1416 678 679
          801 1293 801 679 802 1417
          679 1293 1294 1417 679 801
          1293 1417 1293 801 1416 1417
          679 680 803 1295 802 679
          803 1417 803 679 1295 1417
          679 1294 1295 1417 1295 803
          1417 1418 680 681 803 1295
          803 681 804 1419 681 1295
          1296 1419 681 803 1295 1419
          1295 803 1418 1419 681 682
          805 1297 804 681 805 1419
          805 681 1297 1419 681 1296
          1297 1419 1297 805 1419 1420
          682 683 805 1297 805 683
          806 1421 683 1297 1298 1421
          683 805 1297 1421 1297 805
          1420 1421 683 684 807 1299
          806 683 807 1421 807 683
          1299 1421 683 1298 1299 1421
          1299 807 1421 1422 684 685
          807 1299 807 685 808 1423
          685 1299 1300 1423 685 807
          1299 1423 1299 807 1422 1423
          685 686 809 1301 808 685
          809 1423 809 685 1301 1423
          685 1300 1301 1423 1301 809
          1423 1424 686 687 809 1301
          809 687 810 1425 687 1301
          1302 1425 687 809 1301 1425
          1301 809 1424 1425 687 688
          811 1303 810 687 811 1425
          811 687 1303 1425 687 1302
          1303 1425 1303 811 1425 1426
          688 689 811 1303 811 689
          812 1427 689 1303 1304 1427
          689 811 1303 1427 1303 811
          1426 1427 689 690 813 1305
          812 689 813 1427 813 689
          1305 1427 689 1304 1305 1427
          1305 813 1427 1428 690 691
          813 1305 813 691 814 1429
          691 1305 1306 1429 691 813
          1305 1429 1305 813 1428 1429
          691 692 815 1307 814 691
          815 1429 815 691 1307 1429
          691 1306 1307 1429 1307 815
          1429 1430 692 693 815 1307
          815 693 816 1431 693 1307
          1308 1431 693 815 1307 1431
          1307 815 1430 1431 693 694
          817 1309 816 693 817 1431
          817 693 1309 1431 693 1308
          1309 1431 1309 817 1431 1432
          694 695 817 1309 817 695
          818 1433 695 1309 1310 1433
          695 817 1309 1433 1309 817
          1432 1433 695 696 819 1311
          818 695 819 1433 819 695
          1311 1433 695 1310 1311 1433
          1311 819 1433 1434 696 697
          819 1311 819 697 820 1435
          697 1311 1312 1435 697 819
          1311 1435 1311 819 1434 1435
          697 698 821 1313 820 697
          821 1435 821 697 1313 1435
          697 1312 1313 1435 1313 821
          1435 1436 698 699 821 1313
          821 699 822 1437 699 1313
          1314 1437 699 821 1313 1437
          1313 821 1436 1437 699 700
          823 1315 822 699 823 1437
          823 699 1315 1437 699 1314
          1315 1437 1315 823 1437 1438
          700 701 823 1315 823 701
          824 1439 701 1315 1316 1439
          701 823 1315 1439 1315 823
          1438 1439 701 702 825 1317
          824 701 825 1439 825 701
          1317 1439 701 1316 1317 1439
          1317 825 1439 1440 702 703
          825 1317 825 703 826 1441
          703 1317 1318 1441 703 825
          1317 1441 1317 825 1440 1441
          703 704 827 1319 826 703
          827 1441 827 703 1319 1441
          703 1318 1319 1441 1319 827
          1441 1442 704 705 827 1319
          827 705 828 1443 705 1319
          1320 1443 705 827 1319 1443
          1319 827 1442 1443 705 706
          829 1321 828 705 829 1443
          829 705 1321 1443 705 1320
          1321 1443 1321 829 1443 1444
          706 707 829 1321 829 707
          830 1445 707 1321 1322 1445
          707 829 1321 1445 1321 829
          1444 1445 707 708 831 1323
          830 707 831 1445 831 707
          1323 1445 707 1322 1323 1445
          1323 831 1445 1446 708 709
          831 1323 831 709 832 1447
          709 1323 1324 1447 709 831
          1323 1447 1323 831 1446 1447
          709 710 833 1325 832 709
          833 1447 833 709 1325 1447
          709 1324 1325 1447 1325 833
          1447 1448 710 711 833 1325
          833 711 834 1449 711 1325
          1326 1449 711 833 1325 1449
          1325 833 1448 1449 711 712
          835 1327 834 711 835 1449
          835 711 1327 1449 711 1326
          1327 1449 1327 835 1449 1450
          712 713 835 1327 835 713
          836 1451 713 1327 1328 1451
          713 835 1327 1451 1327 835
          1450 1451 713 714 837 1329
          836 713 837 1451 837 713
          1329 1451 713 1328 1329 1451
          1329 837 1451 1452 714 715
          837 1329 837 715 838 1453
          715 1329 1330 1453 715 837
          1329 1453 1329 837 1452 1453
          715 716 839 1331 838 715
          839 1453 839 715 1331 1453
          715 1330 1331 1453 1331 839
          1453 1454 716 717 839 1331
          839 717 840 1455 717 1331
          1332 1455 717 839 1331 1455
          1331 839 1454 1455 717 718
          841 1333 840 717 841 1455
          841 717 1333 1455 717 1332
          1333 1455 1333 841 1455 1456
          718 719 841 1333 841 719
          842 1457 719 1333 1334 1457
          719 841 1333 1457 1333 841
          1456 1457 719 720 843 1335
          842 719 843 1457 843 719
          1335 1457 719 1334 1335 1457
          1335 843 1457 1458 720 721
          843 1335 843 721 844 1459
          721 1335 1336 1459 721 843
          1335 1459 1335 843 1458 1459
          721 722 845 1337 844 721
          845 1459 845 721 1337 1459
          721 1336 1337 1459 1337 845
          1459 1460 722 723 845 1337
          845 723 846 1461 723 1337
          1338 1461 723 845 1337 1461
          1337 845 1460 1461 723 724
          847 1339 846 723 847 1461
          847 723 1339 1461 723 1338
          1339 1461 1339 847 1461 1462
          724 725 847 1339 847 725
          848 1463 725 1339 1340 1463
          725 847 1339 1463 1339 847
          1462 1463 725 726 849 1341
          848 725 849 1463 849 725
          1341 1463 725 1340 1341 1463
          1341 849 1463 1464 726 727
          849 1341 849 727 850 1465
          727 1341 1342 1465 727 849
          1341 1465 1341 849 1464 1465
          727 728 851 1343 850 727
          851 1465 851 727 1343 1465
          727 1342 1343 1465 1343 851
          1465 1466 728 729 851 1343
          851 729 852 1467 729 1343
          1344 1467 729 851 1343 1467
          1343 851 1466 1467 729 730
          853 1345 852 729 853 1467
          853 729 1345 1467 729 1344
          1345 1467 1345 853 1467 1468
          730 731 853 1345 853 731
          854 1469 731 1345 1346 1469
          731 853 1345 1469 1345 853
          1468 1469 731 732 855 1347
          854 731 855 1469 855 731
          1347 1469 731 1346 1347 1469
          1347 855 1469 1470 732 733
          855 1347 855 733 856 1471
          733 1347 1348 1471 733 855
          1347 1471 1347 855 1470 1471
          733 734 857 1349 856 733
          857 1471 857 733 1349 1471
          733 1348 1349 1471 1349 857
          1471 1472 734 735 857 1349
          857 735 858 1473 735 1349
          1350 1473 735 857 1349 1473
          1349 857 1472 1473 735 736
          859 1351 858 735 859 1473
          859 735 1351 1473 735 1350
          1351 1473 1351 859 1473 1474
          736 737 859 1351 859 737
          860 1475 737 1351 1352 1475
          737 859 1351 1475 1351 859
          1474 1475 738 739 861 1353
          861 739 862 1477 739 1353
          1354 1477 739 861 1353 1477
          1353 861 1476 1477 739 740
          863 1355 862 739 863 1477
          863 739 1355 1477 739 1354
          1355 1477 1355 863 1477 1478
          740 741 863 1355 863 741
          864 1479 741 1355 1356 1479
          741 863 1355 1479 1355 863
          1478 1479 741 742 865 1357
          864 741 865 1479 865 741
          1357 1479 741 1356 1357 1479
          1357 865 1479 1480 742 743
          865 1357 865 743 866 1481
          743 1357 1358 1481 743 865
          1357 1481 1357 865 1480 1481
          743 744 867 1359 866 743
          867 1481 867 743 1359 1481
          743 1358 1359 1481 1359 867
          1481 1482 744 745 867 1359
          867 745 868 1483 745 1359
          1360 1483 745 867 1359 1483
          1359 867 1482 1483 745 746
          869 1361 868 745 869 1483
          869 745 1361 1483 745 1360
          1361 1483 1361 869 1483 1484
          746 747 869 1361 869 747
          870 1485 747 1361 1362 1485
          747 869 1361 1485 1361 869
          1484 1485 747 748 871 1363
          870 747 871 1485 871 747
          1363 1485 747 1362 1363 1485
          1363 871 1485 1486 748 749
          871 1363 871 749 872 1487
          749 1363 1364 1487 749 871
          1363 1487 1363 871 1486 1487
          749 750 873 1365 872 749
          873 1487 873 749 1365 1487
          749 1364 1365 1487 1365 873
          1487 1488 750 751 873 1365
          873 751 874 1489 751 1365
          1366 1489 751 873 1365 1489
          1365 873 1488 1489 751 752
          875 1367 874 751 875 1489
          875 751 1367 1489 751 1366
          1367 1489 1367 875 1489 1490
          752 753 875 1367 875 753
          876 1491 753 1367 1368 1491
          753 875 1367 1491 1367 875
          1490 1491 753 754 877 1369
          876 753 877 1491 877 753
          1369 1491 753 1368 1369 1491
          1369 877 1491 1492 754 755
          877 1369 877 755 878 1493
          755 1369 1370 1493 755 877
          1369 1493 1369 877 1492 1493
          755 756 879 1371 878 755
          879 1493 879 755 1371 1493
          755 1370 1371 1493 1371 879
          1493 1494 756 757 879 1371
          879 757 880 1495 757 1371
          1372 1495 757 879 1371 1495
          1371 879 1494 1495 757 758
          881 1373 880 757 881 1495
          881 757 1373 1495 757 1372
          1373 1495 1373 881 1495 1496
          758 759 881 1373 881 759
          882 1497 759 1373 1374 1497
          759 881 1373 1497 1373 881
          1496 1497 759 760 883 1375
          882 759 883 1497 883 759
          1375 1497 759 1374 1375 1497
          1375 883 1497 1498 760 761
          883 1375 883 761 884 1499
          761 1375 1376 1499 761 883
          1375 1499 1375 883 1498 1499
          761 762 885 1377 884 761
          885 1499 885 761 1377 1499
          761 1376 1377 1499 1377 885
          1499 1500 762 763 885 1377
          885 763 886 1501 763 1377
          1378 1501 763 885 1377 1501
          1377 885 1500 1501 763 764
          887 1379 886 763 887 1501
          887 763 1379 1501 763 1378
          1379 1501 1379 887 1501 1502
          764 765 887 1379 887 765
          888 1503 765 1379 1380 1503
          765 887 1379 1503 1379 887
          1502 1503 765 766 889 1381
          888 765 889 1503 889 765
          1381 1503 765 1380 1381 1503
          1381 889 1503 1504 766 767
          889 1381 889 767 890 1505
          767 1381 1382 1505 767 889
          1381 1505 1381 889 1504 1505
          767 768 891 1383 890 767
          891 1505 891 767 1383 1505
          767 1382 1383 1505 1383 891
          1505 1506 768 769 891 1383
          891 769 892 1507 769 1383
          1384 1507 769 891 1383 1507
          1383 891 1506 1507 769 770
          893 1385 892 769 893 1507
          893 769 1385 1507 769 1384
          1385 1507 1385 893 1507 1508
          770 771 893 1385 893 771
          894 1509 771 1385 1386 1509
          771 893 1385 1509 1385 893
          1508 1509 771 772 895 1387
          894 771 895 1509 895 771
          1387 1509 771 1386 1387 1509
          1387 895 1509 1510 772 773
          895 1387 895 773 896 1511
          773 1387 1388 1511 773 895
          1387 1511 1387 895 1510 1511
          773 774 897 1389 896 773
          897 1511 897 773 1389 1511
          773 1388 1389 1511 1389 897
          1511 1512 774 775 897 1389
          897 775 898 1513 775 1389
          1390 1513 775 897 1389 1513
          1389 897 1512 1513 775 776
          899 1391 898 775 899 1513
          899 775 1391 1513 775 1390
          1391 1513 1391 899 1513 1514
          776 777 899 1391 899 777
          900 1515 777 1391 1392 1515
          777 899 1391 1515 1391 899
          1514 1515 777 778 901 1393
          900 777 901 1515 901 777
          1393 1515 777 1392 1393 1515
          1393 901 1515 1516 778 779
          901 1393 901 779 902 1517
          779 1393 1394 1517 779 901
          1393 1517 1393 901 1516 1517
          779 780 903 1395 902 779
          903 1517 903 779 1395 1517
          779 1394 1395 1517 1395 903
          1517 1518 780 781 903 1395
          903 781 904 1519 781 1395
          1396 1519 781 903 1395 1519
          1395 903 1518 1519 781 782
          905 1397 904 781 905 1519
          905 781 1397 1519 781 1396
          1397 1519 1397 905 1519 1520
          782 783 905 1397 905 783
          906 1521 783 1397 1398 1521
          783 905 1397 1521 1397 905
          1520 1521 783 784 907 1399
          906 783 907 1521 907 783
          1399 1521 783 1398 1399 1521
          1399 907 1521 1522 784 785
          907 1399 907 785 908 1523
          785 1399 1400 1523 785 907
          1399 1523 1399 907 1522 1523
          785 786 909 1401 908 785
          909 1523 909 785 1401 1523
          785 1400 1401 1523 1401 909
          1523 1524 786 787 909 1401
          909 787 910 1525 787 1401
          1402 1525 787 909 1401 1525
          1401 909 1524 1525 787 788
          911 1403 910 787 911 1525
          911 787 1403 1525 787 1402
          1403 1525 1403 911 1525 1526
          788 789 911 1403 911 789
          912 1527 789 1403 1404 1527
          789 911 1403 1527 1403 911
          1526 1527 789 790 913 1405
          912 789 913 1527 913 789
          1405 1527 789 1404 1405 1527
          1405 913 1527 1528 790 791
          913 1405 913 791 914 1529
          791 1405 1406 1529 791 913
          1405 1529 1405 913 1528 1529
          791 792 915 1407 914 791
          915 1529 915 791 1407 1529
          791 1406 1407 1529 1407 915
          1529 1530 792 793 915 1407
          915 793 916 1531 793 1407
          1408 1531 793 915 1407 1531
          1407 915 1530 1531 793 794
          917 1409 916 793 917 1531
          917 793 1409 1531 793 1408
          1409 1531 1409 917 1531 1532
          794 795 917 1409 917 795
          918 1533 795 1409 1410 1533
          795 917 1409 1533 1409 917
          1532 1533 795 796 919 1411
          918 795 919 1533 919 795
          1411 1533 795 1410 1411 1533
          1411 919 1533 1534 796 797
          919 1411 919 797 920 1535
          797 1411 1412 1535 797 919
          1411 1535 1411 919 1534 1535
          797 798 921 1413 920 797
          921 1535 921 797 1413 1535
          797 1412 1413 1535 1413 921
          1535 1536 798 799 921 1413
          921 799 922 1537 799 1413
          1414 1537 799 921 1413 1537
          1413 921 1536 1537 799 800
          923 1415 922 799 923 1537
          923 799 1415 1537 799 1414
          1415 1537 1415 923 1537 1538
          800 801 923 1415 923 801
          924 1539 801 1415 1416 1539
          801 923 1415 1539 1415 923
          1538 1539 801 802 925 1417
          924 801 925 1539 925 801
          1417 1539 801 1416 1417 1539
          1417 925 1539 1540 802 803
          925 1417 925 803 926 1541
          803 1417 1418 1541 803 925
          1417 1541 1417 925 1540 1541
          803 804 927 1419 926 803
          927 1541 927 803 1419 1541
          803 1418 1419 1541 1419 927
          1541 1542 804 805 927 1419
          927 805 928 1543 805 1419
          1420 1543 805 927 1419 1543
          1419 927 1542 1543 805 806
          929 1421 928 805 929 1543
          929 805 1421 1543 805 1420
          1421 1543 1421 929 1543 1544
          806 807 929 1421 929 807
          930 1545 807 1421 1422 1545
          807 929 1421 1545 1421 929
          1544 1545 807 808 931 1423
          930 807 931 1545 931 807
          1423 1545 807 1422 1423 1545
          1423 931 1545 1546 808 809
          931 1423 931 809 932 1547
          809 1423 1424 1547 809 931
          1423 1547 1423 931 1546 1547
          809 810 933 1425 932 809
          933 1547 933 809 1425 1547
          809 1424 1425 1547 1425 933
          1547 1548 810 811 933 1425
          933 811 934 1549 811 1425
          1426 1549 811 933 1425 1549
          1425 933 1548 1549 811 812
          935 1427 934 811 935 1549
          935 811 1427 1549 811 1426
          1427 1549 1427 935 1549 1550
          812 813 935 1427 935 813
          936 1551 813 1427 1428 1551
          813 935 1427 1551 1427 935
          1550 1551 813 814 937 1429
          936 813 937 1551 937 813
          1429 1551 813 1428 1429 1551
          1429 937 1551 1552 814 815
          937 1429 937 815 938 1553
          815 1429 1430 1553 815 937
          1429 1553 1429 937 1552 1553
          815 816 939 1431 938 815
          939 1553 939 815 1431 1553
          815 1430 1431 1553 1431 939
          1553 1554 816 817 939 1431
          939 817 940 1555 817 1431
          1432 1555 817 939 1431 1555
          1431 939 1554 1555 817 818
          941 1433 940 817 941 1555
          941 817 1433 1555 817 1432
          1433 1555 1433 941 1555 1556
          818 819 941 1433 941 819
          942 1557 819 1433 1434 1557
          819 941 1433 1557 1433 941
          1556 1557 819 820 943 1435
          942 819 943 1557 943 819
          1435 1557 819 1434 1435 1557
          1435 943 1557 1558 820 821
          943 1435 943 821 944 1559
          821 1435 1436 1559 821 943
          1435 1559 1435 943 1558 1559
          821 822 945 1437 944 821
          945 1559 945 821 1437 1559
          821 1436 1437 1559 1437 945
          1559 1560 822 823 945 1437
          945 823 946 1561 823 1437
          1438 1561 823 945 1437 1561
          1437 945 1560 1561 823 824
          947 1439 946 823 947 1561
          947 823 1439 1561 823 1438
          1439 1561 1439 947 1561 1562
          824 825 947 1439 947 825
          948 1563 825 1439 1440 1563
          825 947 1439 1563 1439 947
          1562 1563 825 826 949 1441
          948 825 949 1563 949 825
          1441 1563 825 1440 1441 1563
          1441 949 1563 1564 826 827
          949 1441 949 827 950 1565
          827 1441 1442 1565 827 949
          1441 1565 1441 949 1564 1565
          827 828 951 1443 950 827
          951 1565 951 827 1443 1565
          827 1442 1443 1565 1443 951
          1565 1566 828 829 951 1443
          951 829 952 1567 829 1443
          1444 1567 829 951 1443 1567
          1443 951 1566 1567 829 830
          953 1445 952 829 953 1567
          953 829 1445 1567 829 1444
          1445 1567 1445 953 1567 1568
          830 831 953 1445 953 831
          954 1569 831 1445 1446 1569
          831 953 1445 1569 1445 953
          1568 1569 831 832 955 1447
          954 831 955 1569 955 831
          1447 1569 831 1446 1447 1569
          1447 955 1569 1570 832 833
          955 1447 955 833 956 1571
          833 1447 1448 1571 833 955
          1447 1571 1447 955 1570 1571
          833 834 957 1449 956 833
          957 1571 957 833 1449 1571
          833 1448 1449 1571 1449 957
          1571 1572 834 835 957 1449
          957 835 958 1573 835 1449
          1450 1573 835 957 1449 1573
          1449 957 1572 1573 835 836
          959 1451 958 835 959 1573
          959 835 1451 1573 835 1450
          1451 1573 1451 959 1573 1574
          836 837 959 1451 959 837
          960 1575 837 1451 1452 1575
          837 959 1451 1575 1451 959
          1574 1575 837 838 961 1453
          960 837 961 1575 961 837
          1453 1575 837 1452 1453 1575
          1453 961 1575 1576 838 839
          961 1453 961 839 962 1577
          839 1453 1454 1577 839 961
          1453 1577 1453 961 1576 1577
          839 840 963 1455 962 839
          963 1577 963 839 1455 1577
          839 1454 1455 1577 1455 963
          1577 1578 840 841 963 1455
          963 841 964 1579 841 1455
          1456 1579 841 963 1455 1579
          1455 963 1578 1579 841 842
          965 1457 964 841 965 1579
          965 841 1457 1579 841 1456
          1457 1579 1457 965 1579 1580
          842 843 965 1457 965 843
          966 1581 843 1457 1458 1581
          843 965 1457 1581 1457 965
          1580 1581 843 844 967 1459
          966 843 967 1581 967 843
          1459 1581 843 1458 1459 1581
          1459 967 1581 1582 844 845
          967 1459 967 845 968 1583
          845 1459 1460 1583 845 967
          1459 1583 1459 967 1582 1583
          845 846 969 1461 968 845
          969 1583 969 845 1461 1583
          845 1460 1461 1583 1461 969
          1583 1584 846 847 969 1461
          969 847 970 1585 847 1461
          1462 1585 847 969 1461 1585
          1461 969 1584 1585 847 848
          971 1463 970 847 971 1585
          971 847 1463 1585 847 1462
          1463 1585 1463 971 1585 1586
          848 849 971 1463 971 849
          972 1587 849 1463 1464 1587
          849 971 1463 1587 1463 971
          1586 1587 849 850 973 1465
          972 849 973 1587 973 849
          1465 1587 849 1464 1465 1587
          1465 973 1587 1588 850 851
          973 1465 973 851 974 1589
          851 1465 1466 1589 851 973
          1465 1589 1465 973 1588 1589
          851 852 975 1467 974 851
          975 1589 975 851 1467 1589
          851 1466 1467 1589 1467 975
          1589 1590 852 853 975 1467
          975 853 976 1591 853 1467
          1468 1591 853 975 1467 1591
          1467 975 1590 1591 853 854
          977 1469 976 853 977 1591
          977 853 1469 1591 853 1468
          1469 1591 1469 977 1591 1592
          854 855 977 1469 977 855
          978 1593 855 1469 1470 1593
          855 977 1469 1593 1469 977
          1592 1593 855 856 979 1471
          978 855 979 1593 979 855
          1471 1593 855 1470 1471 1593
          1471 979 1593 1594 856 857
          979 1471 979 857 980 1595
          857 1471 1472 1595 857 979
          1471 1595 1471 979 1594 1595
          857 858 981 1473 980 857
          981 1595 981 857 1473 1595
          857 1472 1473 1595 1473 981
          1595 1596 858 859 981 1473
          981 859 982 1597 859 1473
          1474 1597 859 981 1473 1597
          1473 981 1596 1597 859 860
          983 1475 982 859 983 1597
          983 859 1475 1597 859 1474
          1475 1597 1475 983 1597 1598
          861 862 985 1477 984 861
          985 1599 985 861 1477 1599
          861 1476 1477 1599 1477 985
          1599 1600 862 863 985 1477
          985 863 986 1601 863 1477
          1478 1601 863 985 1477 1601
          1477 985 1600 1601 863 864
          987 1479 986 863 987 1601
          987 863 1479 1601 863 1478
          1479 1601 1479 987 1601 1602
          864 865 987 1479 987 865
          988 1603 865 1479 1480 1603
          865 987 1479 1603 1479 987
          1602 1603 865 866 989 1481
          988 865 989 1603 989 865
          1481 1603 865 1480 1481 1603
          1481 989 1603 1604 866 867
          989 1481 989 867 990 1605
          867 1481 1482 1605 867 989
          1481 1605 1481 989 1604 1605
          867 868 991 1483 990 867
          991 1605 991 867 1483 1605
          867 1482 1483 1605 1483 991
          1605 1606 868 869 991 1483
          991 869 992 1607 869 1483
          1484 1607 869 991 1483 1607
          1483 991 1606 1607 869 870
          993 1485 992 869 993 1607
          993 869 1485 1607 869 1484
          1485 1607 1485 993 1607 1608
          870 871 993 1485 993 871
          994 1609 871 1485 1486 1609
          871 993 1485 1609 1485 993
          1608 1609 871 872 995 1487
          994 871 995 1609 995 871
          1487 1609 871 1486 1487 1609
          1487 995 1609 1610 872 873
          995 1487 995 873 996 1611
          873 1487 1488 1611 873 995
          1487 1611 1487 995 1610 1611
          873 874 997 1489 996 873
          997 1611 997 873 1489 1611
          873 1488 1489 1611 1489 997
          1611 1612 874 875 997 1489
          997 875 998 1613 875 1489
          1490 1613 875 997 1489 1613
          1489 997 1612 1613 875 876
          999 1491 998 875 999 1613
          999 875 1491 1613 875 1490
          1491 1613 1491 999 1613 1614
          876 877 999 1491 999 877
          1000 1615 877 1491 1492 1615
          877 999 1491 1615 1491 999
          1614 1615 877 878 1001 1493
          1000 877 1001 1615 1001 877
          1493 1615 877 1492 1493 1615
          1493 1001 1615 1616 878 879
          1001 1493 1001 879 1002 1617
          879 1493 1494 1617 879 1001
          1493 1617 1493 1001 1616 1617
          879 880 1003 1495 1002 879
          1003 1617 1003 879 1495 1617
          879 1494 1495 1617 1495 1003
          1617 1618 880 881 1003 1495
          1003 881 1004 1619 881 1495
          1496 1619 881 1003 1495 1619
          1495 1003 1618 1619 881 882
          1005 1497 1004 881 1005 1619
          1005 881 1497 1619 881 1496
          1497 1619 1497 1005 1619 1620
          882 883 1005 1497 1005 883
          1006 1621 883 1497 1498 1621
          883 1005 1497 1621 1497 1005
          1620 1621 883 884 1007 1499
          1006 883 1007 1621 1007 883
          1499 1621 883 1498 1499 1621
          1499 1007 1621 1622 884 885
          1007 1499 1007 885 1008 1623
          885 1499 1500 1623 885 1007
          1499 1623 1499 1007 1622 1623
          885 886 1009 1501 1008 885
          1009 1623 1009 885 1501 1623
          885 1500 1501 1623 1501 1009
          1623 1624 886 887 1009 1501
          1009 887 1010 1625 887 1501
          1502 1625 887 1009 1501 1625
          1501 1009 1624 1625 887 888
          1011 1503 1010 887 1011 1625
          1011 887 1503 1625 887 1502
          1503 1625 1503 1011 1625 1626
          888 889 1011 1503 1011 889
          1012 1627 889 1503 1504 1627
          889 1011 1503 1627 1503 1011
          1626 1627 889 890 1013 1505
          1012 889 1013 1627 1013 889
          1505 1627 889 1504 1505 1627
          1505 1013 1627 1628 890 891
          1013 1505 1013 891 1014 1629
          891 1505 1506 1629 891 1013
          1505 1629 1505 1013 1628 1629
          891 892 1015 1507 1014 891
          1015 1629 1015 891 1507 1629
          891 1506 1507 1629 1507 1015
          1629 1630 892 893 1015 1507
          1015 893 1016 1631 893 1507
          1508 1631 893 1015 1507 1631
          1507 1015 1630 1631 893 894
          1017 1509 1016 893 1017 1631
          1017 893 1509 1631 893 1508
          1509 1631 1509 1017 1631 1632
          894 895 1017 1509 1017 895
          1018 1633 895 1509 1510 1633
          895 1017 1509 1633 1509 1017
          1632 1633 895 896 1019 1511
          1018 895 1019 1633 1019 895
          1511 1633 895 1510 1511 1633
          1511 1019 1633 1634 896 897
          1019 1511 1019 897 1020 1635
          897 1511 1512 1635 897 1019
          1511 1635 1511 1019 1634 1635
          897 898 1021 1513 1020 897
          1021 1635 1021 897 1513 1635
          897 1512 1513 1635 1513 1021
          1635 1636 898 899 1021 1513
          1021 899 1022 1637 899 1513
          1514 1637 899 1021 1513 1637
          1513 1021 1636 1637 899 900
          1023 1515 1022 899 1023 1637
          1023 899 1515 1637 899 1514
          1515 1637 1515 1023 1637 1638
          900 901 1023 1515 1023 901
          1024 1639 901 1515 1516 1639
          901 1023 1515 1639 1515 1023
          1638 1639 901 902 1025 1517
          1024 901 1025 1639 1025 901
          1517 1639 901 1516 1517 1639
          1517 1025 1639 1640 902 903
          1025 1517 1025 903 1026 1641
          903 1517 1518 1641 903 1025
          1517 1641 1517 1025 1640 1641
          903 904 1027 1519 1026 903
          1027 1641 1027 903 1519 1641
          903 1518 1519 1641 1519 1027
          1641 1642 904 905 1027 1519
          1027 905 1028 1643 905 1519
          1520 1643 905 1027 1519 1643
          1519 1027 1642 1643 905 906
          1029 1521 1028 905 1029 1643
          1029 905 1521 1643 905 1520
          1521 1643 1521 1029 1643 1644
          906 907 1029 1521 1029 907
          1030 1645 907 1521 1522 1645
          907 1029 1521 1645 1521 1029
          1644 1645 907 908 1031 1523
          1030 907 1031 1645 1031 907
          1523 1645 907 1522 1523 1645
          1523 1031 1645 1646 908 909
          1031 1523 1031 909 1032 1647
          909 1523 1524 1647 909 1031
          1523 1647 1523 1031 1646 1647
          909 910 1033 1525 1032 909
          1033 1647 1033 909 1525 1647
          909 1524 1525 1647 1525 1033
          1647 1648 910 911 1033 1525
          1033 911 1034 1649 911 1525
          1526 1649 911 1033 1525 1649
          1525 1033 1648 1649 911 912
          1035 1527 1034 911 1035 1649
          1035 911 1527 1649 911 1526
          1527 1649 1527 1035 1649 1650
          912 913 1035 1527 1035 913
          1036 1651 913 1527 1528 1651
          913 1035 1527 1651 1527 1035
          1650 1651 913 914 1037 1529
          1036 913 1037 1651 1037 913
          1529 1651 913 1528 1529 1651
          1529 1037 1651 1652 914 915
          1037 1529 1037 915 1038 1653
          915 1529 1530 1653 915 1037
          1529 1653 1529 1037 1652 1653
          915 916 1039 1531 1038 915
          1039 1653 1039 915 1531 1653
          915 1530 1531 1653 1531 1039
          1653 1654 916 917 1039 1531
          1039 917 1040 1655 917 1531
          1532 1655 917 1039 1531 1655
          1531 1039 1654 1655 917 918
          1041 1533 1040 917 1041 1655
          1041 917 1533 1655 917 1532
          1533 1655 1533 1041 1655 1656
          918 919 1041 1533 1041 919
          1042 1657 919 1533 1534 1657
          919 1041 1533 1657 1533 1041
          1656 1657 919 920 1043 1535
          1042 919 1043 1657 1043 919
          1535 1657 919 1534 1535 1657
          1535 1043 1657 1658 920 921
          1043 1535 1043 921 1044 1659
          921 1535 1536 1659 921 1043
          1535 1659 1535 1043 1658 1659
          921 922 1045 1537 1044 921
          1045 1659 1045 921 1537 1659
          921 1536 1537 1659 1537 1045
          1659 1660 922 923 1045 1537
          1045 923 1046 1661 923 1537
          1538 1661 923 1045 1537 1661
          1537 1045 1660 1661 923 924
          1047 1539 1046 923 1047 1661
          1047 923 1539 1661 923 1538
          1539 1661 1539 1047 1661 1662
          924 925 1047 1539 1047 925
          1048 1663 925 1539 1540 1663
          925 1047 1539 1663 1539 1047
          1662 1663 925 926 1049 1541
          1048 925 1049 1663 1049 925
          1541 1663 925 1540 1541 1663
          1541 1049 1663 1664 926 927
          1049 1541 1049 927 1050 1665
          927 1541 1542 1665 927 1049
          1541 1665 1541 1049 1664 1665
          927 928 1051 1543 1050 927
          1051 1665 1051 927 1543 1665
          927 1542 1543 1665 1543 1051
          1665 1666 928 929 1051 1543
          1051 929 1052 1667 929 1543
          1544 1667 929 1051 1543 1667
          1543 1051 1666 1667 929 930
          1053 1545 1052 929 1053 1667
          1053 929 1545 1667 929 1544
          1545 1667 1545 1053 1667 1668
          930 931 1053 1545 1053 931
          1054 1669 931 1545 1546 1669
          931 1053 1545 1669 1545 1053
          1668 1669 931 932 1055 1547
          1054 931 1055 1669 1055 931
          1547 1669 931 1546 1547 1669
          1547 1055 1669 1670 932 933
          1055 1547 1055 933 1056 1671
          933 1547 1548 1671 933 1055
          1547 1671 1547 1055 1670 1671
          933 934 1057 1549 1056 933
          1057 1671 1057 933 1549 1671
          933 1548 1549 1671 1549 1057
          1671 1672 934 935 1057 1549
          1057 935 1058 1673 935 1549
          1550 1673 935 1057 1549 1673
          1549 1057 1672 1673 935 936
          1059 1551 1058 935 1059 1673
          1059 935 1551 1673 935 1550
          1551 1673 1551 1059 1673 1674
          936 937 1059 1551 1059 937
          1060 1675 937 1551 1552 1675
          937 1059 1551 1675 1551 1059
          1674 1675 937 938 1061 1553
          1060 937 1061 1675 1061 937
          1553 1675 937 1552 1553 1675
          1553 1061 1675 1676 938 939
          1061 1553 1061 939 1062 1677
          939 1553 1554 1677 939 1061
          1553 1677 1553 1061 1676 1677
          939 940 1063 1555 1062 939
          1063 1677 1063 939 1555 1677
          939 1554 1555 1677 1555 1063
          1677 1678 940 941 1063 1555
          1063 941 1064 1679 941 1555
          1556 1679 941 1063 1555 1679
          1555 1063 1678 1679 941 942
          1065 1557 1064 941 1065 1679
          1065 941 1557 1679 941 1556
          1557 1679 1557 1065 1679 1680
          942 943 1065 1557 1065 943
          1066 1681 943 1557 1558 1681
          943 1065 1557 1681 1557 1065
          1680 1681 943 944 1067 1559
          1066 943 1067 1681 1067 943
          1559 1681 943 1558 1559 1681
          1559 1067 1681 1682 944 945
          1067 1559 1067 945 1068 1683
          945 1559 1560 1683 945 1067
          1559 1683 1559 1067 1682 1683
          945 946 1069 1561 1068 945
          1069 1683 1069 945 1561 1683
          945 1560 1561 1683 1561 1069
          1683 1684 946 947 1069 1561
          1069 947 1070 1685 947 1561
          1562 1685 947 1069 1561 1685
          1561 1069 1684 1685 947 948
          1071 1563 1070 947 1071 1685
          1071 947 1563 1685 947 1562
          1563 1685 1563 1071 1685 1686
          948 949 1071 1563 1071 949
          1072 1687 949 1563 1564 1687
          949 1071 1563 1687 1563 1071
          1686 1687 949 950 1073 1565
          1072 949 1073 1687 1073 949
          1565 1687 949 1564 1565 1687
          1565 1073 1687 1688 950 951
          1073 1565 1073 951 1074 1689
          951 1565 1566 1689 951 1073
          1565 1689 1565 1073 1688 1689
          951 952 1075 1567 1074 951
          1075 1689 1075 951 1567 1689
          951 1566 1567 1689 1567 1075
          1689 1690 952 953 1075 1567
          1075 953 1076 1691 953 1567
          1568 1691 953 1075 1567 1691
          1567 1075 1690 1691 953 954
          1077 1569 1076 953 1077 1691
          1077 953 1569 1691 953 1568
          1569 1691 1569 1077 1691 1692
          954 955 1077 1569 1077 955
          1078 1693 955 1569 1570 1693
          955 1077 1569 1693 1569 1077
          1692 1693 955 956 1079 1571
          1078 955 1079 1693 1079 955
          1571 1693 955 1570 1571 1693
          1571 1079 1693 1694 956 957
          1079 1571 1079 957 1080 1695
          957 1571 1572 1695 957 1079
          1571 1695 1571 1079 1694 1695
          957 958 1081 1573 1080 957
          1081 1695 1081 957 1573 1695
          957 1572 1573 1695 1573 1081
          1695 1696 958 959 1081 1573
          1081 959 1082 1697 959 1573
          1574 1697 959 1081 1573 1697
          1573 1081 1696 1697 959 960
          1083 1575 1082 959 1083 1697
          1083 959 1575 1697 959 1574
          1575 1697 1575 1083 1697 1698
          960 961 1083 1575 1083 961
          1084 1699 961 1575 1576 1699
          961 1083 1575 1699 1575 1083
          1698 1699 961 962 1085 1577
          1084 961 1085 1699 1085 961
          1577 1699 961 1576 1577 1699
          1577 1085 1699 1700 962 963
          1085 1577 1085 963 1086 1701
          963 1577 1578 1701 963 1085
          1577 1701 1577 1085 1700 1701
          963 964 1087 1579 1086 963
          1087 1701 1087 963 1579 1701
          963 1578 1579 1701 1579 1087
          1701 1702 964 965 1087 1579
          1087 965 1088 1703 965 1579
          1580 1703 965 1087 1579 1703
          1579 1087 1702 1703 965 966
          1089 1581 1088 965 1089 1703
          1089 965 1581 1703 965 1580
          1581 1703 1581 1089 1703 1704
          966 967 1089 1581 1089 967
          1090 1705 967 1581 1582 1705
          967 1089 1581 1705 1581 1089
          1704 1705 967 968 1091 1583
          1090 967 1091 1705 1091 967
          1583 1705 967 1582 1583 1705
          1583 1091 1705 1706 968 969
          1091 1583 1091 969 1092 1707
          969 1583 1584 1707 969 1091
          1583 1707 1583 1091 1706 1707
          969 970 1093 1585 1092 969
          1093 1707 1093 969 1585 1707
          969 1584 1585 1707 1585 1093
          1707 1708 970 971 1093 1585
          1093 971 1094 1709 971 1585
          1586 1709 971 1093 1585 1709
          1585 1093 1708 1709 971 972
          1095 1587 1094 971 1095 1709
          1095 971 1587 1709 971 1586
          1587 1709 1587 1095 1709 1710
          972 973 1095 1587 1095 973
          1096 1711 973 1587 1588 1711
          973 1095 1587 1711 1587 1095
          1710 1711 973 974 1097 1589
          1096 973 1097 1711 1097 973
          1589 1711 973 1588 1589 1711
          1589 1097 1711 1712 974 975
          1097 1589 1097 975 1098 1713
          975 1589 1590 1713 975 1097
          1589 1713 1589 1097 1712 1713
          975 976 1099 1591 1098 975
          1099 1713 1099 975 1591 1713
          975 1590 1591 1713 1591 1099
          1713 1714 976 977 1099 1591
          1099 977 1100 1715 977 1591
          1592 1715 977 1099 1591 1715
          1591 1099 1714 1715 977 978
          1101 1593 1100 977 1101 1715
          1101 977 1593 1715 977 1592
          1593 1715 1593 1101 1715 1716
          978 979 1101 1593 1101 979
          1102 1717 979 1593 1594 1717
          979 1101 1593 1717 1593 1101
          1716 1717 979 980 1103 1595
          1102 979 1103 1717 1103 979
          1595 1717 979 1594 1595 1717
          1595 1103 1717 1718 980 981
          1103 1595 1103 981 1104 1719
          981 1595 1596 1719 981 1103
          1595 1719 1595 1103 1718 1719
          981 982 1105 1597 1104 981
          1105 1719 1105 981 1597 1719
          981 1596 1597 1719 1597 1105
          1719 1720 982 983 1105 1597
          1105 983 1106 1721 983 1597
          1598 1721 983 1105 1597 1721
          1597 1105 1720 1721 984 985
          1107 1599 1107 985 1108 1723
          985 1599 1600 1723 985 1107
          1599 1723 1599 1107 1722 1723
          985 986 1109 1601 1108 985
          1109 1723 1109 985 1601 1723
          985 1600 1601 1723 1601 1109
          1723 1724 986 987 1109 1601
          1109 987 1110 1725 987 1601
          1602 1725 987 1109 1601 1725
          1601 1109 1724 1725 987 988
          1111 1603 1110 987 1111 1725
          1111 987 1603 1725 987 1602
          1603 1725 1603 1111 1725 1726
          988 989 1111 1603 1111 989
          1112 1727 989 1603 1604 1727
          989 1111 1603 1727 1603 1111
          1726 1727 989 990 1113 1605
          1112 989 1113 1727 1113 989
          1605 1727 989 1604 1605 1727
          1605 1113 1727 1728 990 991
          1113 1605 1113 991 1114 1729
          991 1605 1606 1729 991 1113
          1605 1729 1605 1113 1728 1729
          991 992 1115 1607 1114 991
          1115 1729 1115 991 1607 1729
          991 1606 1607 1729 1607 1115
          1729 1730 992 993 1115 1607
          1115 993 1116 1731 993 1607
          1608 1731 993 1115 1607 1731
          1607 1115 1730 1731 993 994
          1117 1609 1116 993 1117 1731
          1117 993 1609 1731 993 1608
          1609 1731 1609 1117 1731 1732
          994 995 1117 1609 1117 995
          1118 1733 995 1609 1610 1733
          995 1117 1609 1733 1609 1117
          1732 1733 995 996 1119 1611
          1118 995 1119 1733 1119 995
          1611 1733 995 1610 1611 1733
          1611 1119 1733 1734 996 997
          1119 1611 1119 997 1120 1735
          997 1611 1612 1735 997 1119
          1611 1735 1611 1119 1734 1735
          997 998 1121 1613 1120 997
          1121 1735 1121 997 1613 1735
          997 1612 1613 1735 1613 1121
          1735 1736 998 999 1121 1613
          1121 999 1122 1737 999 1613
          1614 1737 999 1121 1613 1737
          1613 1121 1736 1737 999 1000
          1123 1615 1122 999 1123 1737
          1123 999 1615 1737 999 1614
          1615 1737 1615 1123 1737 1738
          1000 1001 1123 1615 1123 1001
          1124 1739 1001 1615 1616 1739
          1001 1123 1615 1739 1615 1123
          1738 1739 1001 1002 1125 1617
          1124 1001 1125 1739 1125 1001
          1617 1739 1001 1616 1617 1739
          1617 1125 1739 1740 1002 1003
          1125 1617 1125 1003 1126 1741
          1003 1617 1618 1741 1003 1125
          1617 1741 1617 1125 1740 1741
          1003 1004 1127 1619 1126 1003
          1127 1741 1127 1003 1619 1741
          1003 1618 1619 1741 1619 1127
          1741 1742 1004 1005 1127 1619
          1127 1005 1128 1743 1005 1619
          1620 1743 1005 1127 1619 1743
          1619 1127 1742 1743 1005 1006
          1129 1621 1128 1005 1129 1743
          1129 1005 1621 1743 1005 1620
          1621 1743 1621 1129 1743 1744
          1006 1007 1129 1621 1129 1007
          1130 1745 1007 1621 1622 1745
          1007 1129 1621 1745 1621 1129
          1744 1745 1007 1008 1131 1623
          1130 1007 1131 1745 1131 1007
          1623 1745 1007 1622 1623 1745
          1623 1131 1745 1746 1008 1009
          1131 1623 1131 1009 1132 1747
          1009 1623 1624 1747 1009 1131
          1623 1747 1623 1131 1746 1747
          1009 1010 1133 1625 1132 1009
          1133 1747 1133 1009 1625 1747
          1009 1624 1625 1747 1625 1133
          1747 1748 1010 1011 1133 1625
          1133 1011 1134 1749 1011 1625
          1626 1749 1011 1133 1625 1749
          1625 1133 1748 1749 1011 1012
          1135 1627 1134 1011 1135 1749
          1135 1011 1627 1749 1011 1626
          1627 1749 1627 1135 1749 1750
          1012 1013 1135 1627 1135 1013
          1136 1751 1013 1627 1628 1751
          1013 1135 1627 1751 1627 1135
          1750 1751 1013 1014 1137 1629
          1136 1013 1137 1751 1137 1013
          1629 1751 1013 1628 1629 1751
          1629 1137 1751 1752 1014 1015
          1137 1629 1137 1015 1138 1753
          1015 1629 1630 1753 1015 1137
          1629 1753 1629 1137 1752 1753
          1015 1016 1139 1631 1138 1015
          1139 1753 1139 1015 1631 1753
          1015 1630 1631 1753 1631 1139
          1753 1754 1016 1017 1139 1631
          1139 1017 1140 1755 1017 1631
          1632 1755 1017 1139 1631 1755
          1631 1139 1754 1755 1017 1018
          1141 1633 1140 1017 1141 1755
          1141 1017 1633 1755 1017 1632
          1633 1755 1633 1141 1755 1756
          1018 1019 1141 1633 1141 1019
          1142 1757 1019 1633 1634 1757
          1019 1141 1633 1757 1633 1141
          1756 1757 1019 1020 1143 1635
          1142 1019 1143 1757 1143 1019
          1635 1757 1019 1634 1635 1757
          1635 1143 1757 1758 1020 1021
          1143 1635 1143 1021 1144 1759
          1021 1635 1636 1759 1021 1143
          1635 1759 1635 1143 1758 1759
          1021 1022 1145 1637 1144 1021
          1145 1759 1145 1021 1637 1759
          1021 1636 1637 1759 1637 1145
          1759 1760 1022 1023 1145 1637
          1145 1023 1146 1761 1023 1637
          1638 1761 1023 1145 1637 1761
          1637 1145 1760 1761 1023 1024
          1147 1639 1146 1023 1147 1761
          1147 1023 1639 1761 1023 1638
          1639 1761 1639 1147 1761 1762
          1024 1025 1147 1639 1147 1025
          1148 1763 1025 1639 1640 1763
          1025 1147 1639 1763 1639 1147
          1762 1763 1025 1026 1149 1641
          1148 1025 1149 1763 1149 1025
          1641 1763 1025 1640 1641 1763
          1641 1149 1763 1764 1026 1027
          1149 1641 1149 1027 1150 1765
          1027 1641 1642 1765 1027 1149
          1641 1765 1641 1149 1764 1765
          1027 1028 1151 1643 1150 1027
          1151 1765 1151 1027 1643 1765
          1027 1642 1643 1765 1643 1151
          1765 1766 1028 1029 1151 1643
          1151 1029 1152 1767 1029 1643
          1644 1767 1029 1151 1643 1767
          1643 1151 1766 1767 1029 1030
          1153 1645 1152 1029 1153 1767
          1153 1029 1645 1767 1029 1644
          1645 1767 1645 1153 1767 1768
          1030 1031 1153 1645 1153 1031
          1154 1769 1031 1645 1646 1769
          1031 1153 1645 1769 1645 1153
          1768 1769 1031 1032 1155 1647
          1154 1031 1155 1769 1155 1031
          1647 1769 1031 1646 1647 1769
          1647 1155 1769 1770 1032 1033
          1155 1647 1155 1033 1156 1771
          1033 1647 1648 1771 1033 1155
          1647 1771 1647 1155 1770 1771
          1033 1034 1157 1649 1156 1033
          1157 1771 1157 1033 1649 1771
          1033 1648 1649 1771 1649 1157
          1771 1772 1034 1035 1157 1649
          1157 1035 1158 1773 1035 1649
          1650 1773 1035 1157 1649 1773
          1649 1157 1772 1773 1035 1036
          1159 1651 1158 1035 1159 1773
          1159 1035 1651 1773 1035 1650
          1651 1773 1651 1159 1773 1774
          1036 1037 1159 1651 1159 1037
          1160 1775 1037 1651 1652 1775
          1037 1159 1651 1775 1651 1159
          1774 1775 1037 1038 1161 1653
          1160 1037 1161 1775 1161 1037
          1653 1775 1037 1652 1653 1775
          1653 1161 1775 1776 1038 1039
          1161 1653 1161 1039 1162 1777
          1039 1653 1654 1777 1039 1161
          1653 1777 1653 1161 1776 1777
          1039 1040 1163 1655 1162 1039
          1163 1777 1163 1039 1655 1777
          1039 1654 1655 1777 1655 1163
          1777 1778 1040 1041 1163 1655
          1163 1041 1164 1779 1041 1655
          1656 1779 1041 1163 1655 1779
          1655 1163 1778 1779 1041 1042
          1165 1657 1164 1041 1165 1779
          1165 1041 1657 1779 1041 1656
          1657 1779 1657 1165 1779 1780
          1042 1043 1165 1657 1165 1043
          1166 1781 1043 1657 1658 1781
          1043 1165 1657 1781 1657 1165
          1780 1781 1043 1044 1167 1659
          1166 1043 1167 1781 1167 1043
          1659 1781 1043 1658 1659 1781
          1659 1167 1781 1782 1044 1045
          1167 1659 1167 1045 1168 1783
          1045 1659 1660 1783 1045 1167
          1659 1783 1659 1167 1782 1783
          1045 1046 1169 1661 1168 1045
          1169 1783 1169 1045 1661 1783
          1045 1660 1661 1783 1661 1169
          1783 1784 1046 1047 1169 1661
          1169 1047 1170 1785 1047 1661
          1662 1785 1047 1169 1661 1785
          1661 1169 1784 1785 1047 1048
          1171 1663 1170 1047 1171 1785
          1171 1047 1663 1785 1047 1662
          1663 1785 1663 1171 1785 1786
          1048 1049 1171 1663 1171 1049
          1172 1787 1049 1663 1664 1787
          1049 1171 1663 1787 1663 1171
          1786 1787 1049 1050 1173 1665
          1172 1049 1173 1787 1173 1049
          1665 1787 1049 1664 1665 1787
          1665 1173 1787 1788 1050 1051
          1173 1665 1173 1051 1174 1789
          1051 1665 1666 1789 1051 1173
          1665 1789 1665 1173 1788 1789
          1051 1052 1175 1667 1174 1051
          1175 1789 1175 1051 1667 1789
          1051 1666 1667 1789 1667 1175
          1789 1790 1052 1053 1175 1667
          1175 1053 1176 1791 1053 1667
          1668 1791 1053 1175 1667 1791
          1667 1175 1790 1791 1053 1054
          1177 1669 1176 1053 1177 1791
          1177 1053 1669 1791 1053 1668
          1669 1791 1669 1177 1791 1792
          1054 1055 1177 1669 1177 1055
          1178 1793 1055 1669 1670 1793
          1055 1177 1669 1793 1669 1177
          1792 1793 1055 1056 1179 1671
          1178 1055 1179 1793 1179 1055
          1671 1793 1055 1670 1671 1793
          1671 1179 1793 1794 1056 1057
          1179 1671 1179 1057 1180 1795
          1057 1671 1672 1795 1057 1179
          1671 1795 1671 1179 1794 1795
          1057 1058 1181 1673 1180 1057
          1181 1795 1181 1057 1673 1795
          1057 1672 1673 1795 1673 1181
          1795 1796 1058 1059 1181 1673
          1181 1059 1182 1797 1059 1673
          1674 1797 1059 1181 1673 1797
          1673 1181 1796 1797 1059 1060
          1183 1675 1182 1059 1183 1797
          1183 1059 1675 1797 1059 1674
          1675 1797 1675 1183 1797 1798
          1060 1061 1183 1675 1183 1061
          1184 1799 1061 1675 1676 1799
          1061 1183 1675 1799 1675 1183
          1798 1799 1061 1062 1185 1677
          1184 1061 1185 1799 1185 1061
          1677 1799 1061 1676 1677 1799
          1677 1185 1799 1800 1062 1063
          1185 1677 1185 1063 1186 1801
          1063 1677 1678 1801 1063 1185
          1677 1801 1677 1185 1800 1801
          1063 1064 1187 1679 1186 1063
          1187 1801 1187 1063 1679 1801
          1063 1678 1679 1801 1679 1187
          1801 1802 1064 1065 1187 1679
          1187 1065 1188 1803 1065 1679
          1680 1803 1065 1187 1679 1803
          1679 1187 1802 1803 1065 1066
          1189 1681 1188 1065 1189 1803
          1189 1065 1681 1803 1065 1680
          1681 1803 1681 1189 1803 1804
          1066 1067 1189 1681 1189 1067
          1190 1805 1067 1681 1682 1805
          1067 1189 1681 1805 1681 1189
          1804 1805 1067 1068 1191 1683
          1190 1067 1191 1805 1191 1067
          1683 1805 1067 1682 1683 1805
          1683 1191 1805 1806 1068 1069
          1191 1683 1191 1069 1192 1807
          1069 1683 1684 1807 1069 1191
          1683 1807 1683 1191 1806 1807
          1069 1070 1193 1685 1192 1069
          1193 1807 1193 1069 1685 1807
          1069 1684 1685 1807 1685 1193
          1807 1808 1070 1071 1193 1685
          1193 1071 1194 1809 1071 1685
          1686 1809 1071 1193 1685 1809
          1685 1193 1808 1809 1071 1072
          1195 1687 1194 1071 1195 1809
          1195 1071 1687 1809 1071 1686
          1687 1809 1687 1195 1809 1810
          1072 1073 1195 1687 1195 1073
          1196 1811 1073 1687 1688 1811
          1073 1195 1687 1811 1687 1195
          1810 1811 1073 1074 1197 1689
          1196 1073 1197 1811 1197 1073
          1689 1811 1073 1688 1689 1811
          1689 1197 1811 1812 1074 1075
          1197 1689 1197 1075 1198 1813
          1075 1689 1690 1813 1075 1197
          1689 1813 1689 1197 1812 1813
          1075 1076 1199 1691 1198 1075
          1199 1813 1199 1075 1691 1813
          1075 1690 1691 1813 1691 1199
          1813 1814 1076 1077 1199 1691
          1199 1077 1200 1815 1077 1691
          1692 1815 1077 1199 1691 1815
          1691 1199 1814 1815 1077 1078
          1201 1693 1200 1077 1201 1815
          1201 1077 1693 1815 1077 1692
          1693 1815 1693 1201 1815 1816
          1078 1079 1201 1693 1201 1079
          1202 1817 1079 1693 1694 1817
          1079 1201 1693 1817 1693 1201
          1816 1817 1079 1080 1203 1695
          1202 1079 1203 1817 1203 1079
          1695 1817 1079 1694 1695 1817
          1695 1203 1817 1818 1080 1081
          1203 1695 1203 1081 1204 1819
          1081 1695 1696 1819 1081 1203
          1695 1819 1695 1203 1818 1819
          1081 1082 1205 1697 1204 1081
          1205 1819 1205 1081 1697 1819
          1081 1696 1697 1819 1697 1205
          1819 1820 1082 1083 1205 1697
          1205 1083 1206 1821 1083 1697
          1698 1821 1083 1205 1697 1821
          1697 1205 1820 1821 1083 1084
          1207 1699 1206 1083 1207 1821
          1207 1083 1699 1821 1083 1698
          1699 1821 1699 1207 1821 1822
          1084 1085 1207 1699 1207 1085
          1208 1823 1085 1699 1700 1823
          1085 1207 1699 1823 1699 1207
          1822 1823 1085 1086 1209 1701
          1208 1085 1209 1823 1209 1085
          1701 1823 1085 1700 1701 1823
          1701 1209 1823 1824 1086 1087
          1209 1701 1209 1087 1210 1825
          1087 1701 1702 1825 1087 1209
          1701 1825 1701 1209 1824 1825
          1087 1088 1211 1703 1210 1087
          1211 1825 1211 1087 1703 1825
          1087 1702 1703 1825 1703 1211
          1825 1826 1088 1089 1211 1703
          1211 1089 1212 1827 1089 1703
          1704 1827 1089 1211 1703 1827
          1703 1211 1826 1827 1089 1090
          1213 1705 1212 1089 1213 1827
          1213 1089 1705 1827 1089 1704
          1705 1827 1705 1213 1827 1828
          1090 1091 1213 1705 1213 1091
          1214 1829 1091 1705 1706 1829
          1091 1213 1705 1829 1705 1213
          1828 1829 1091 1092 1215 1707
          1214 1091 1215 1829 1215 1091
          1707 1829 1091 1706 1707 1829
          1707 1215 1829 1830 1092 1093
          1215 1707 1215 1093 1216 1831
          1093 1707 1708 1831 1093 1215
          1707 1831 1707 1215 1830 1831
          1093 1094 1217 1709 1216 1093
          1217 1831 1217 1093 1709 1831
          1093 1708 1709 1831 1709 1217
          1831 1832 1094 1095 1217 1709
          1217 1095 1218 1833 1095 1709
          1710 1833 1095 1217 1709 1833
          1709 1217 1832 1833 1095 1096
          1219 1711 1218 1095 1219 1833
          1219 1095 1711 1833 1095 1710
          1711 1833 1711 1219 1833 1834
          1096 1097 1219 1711 1219 1097
          1220 1835 1097 1711 1712 1835
          1097 1219 1711 1835 1711 1219
          1834 1835 1097 1098 1221 1713
          1220 1097 1221 1835 1221 1097
          1713 1835 1097 1712 1713 1835
          1713 1221 1835 1836 1098 1099
          1221 1713 1221 1099 1222 1837
          1099 1713 1714 1837 1099 1221
          1713 1837 1713 1221 1836 1837
          1099 1100 1223 1715 1222 1099
          1223 1837 1223 1099 1715 1837
          1099 1714 1715 1837 1715 1223
          1837 1838 1100 1101 1223 1715
          1223 1101 1224 1839 1101 1715
          1716 1839 1101 1223 1715 1839
          1715 1223 1838 1839 1101 1102
          1225 1717 1224 1101 1225 1839
          1225 1101 1717 1839 1101 1716
          1717 1839 1717 1225 1839 1840
          1102 1103 1225 1717 1225 1103
          1226 1841 1103 1717 1718 1841
          1103 1225 1717 1841 1717 1225
          1840 1841 1103 1104 1227 1719
          1226 1103 1227 1841 1227 1103
          1719 1841 1103 1718 1719 1841
          1719 1227 1841 1842 1104 1105
          1227 1719 1227 1105 1228 1843
          1105 1719 1720 1843 1105 1227
          1719 1843 1719 1227 1842 1843
          1105 1106 1229 1721 1228 1105
          1229 1843 1229 1105 1721 1843
          1105 1720 1721 1843 1721 1229
          1843 1844 1230 1231 1353 1845
          1353 1231 1354 1969 1231 1845
          1846 1969 1231 1353 1845 1969
          1845 1353 1968 1969 1231 1232
          1355 1847 1354 1231 1355 1969
          1355 1231 1847 1969 1231 1846
          1847 1969 1847 1355 1969 1970
          1232 1233 1355 1847 1355 1233
          1356 1971 1233 1847 1848 1971
          1233 1355 1847 1971 1847 1355
          1970 1971 1233 1234 1357 1849
          1356 1233 1357 1971 1357 1233
          1849 1971 1233 1848 1849 1971
          1849 1357 1971 1972 1234 1235
          1357 1849 1357 1235 1358 1973
          1235 1849 1850 1973 1235 1357
          1849 1973 1849 1357 1972 1973
          1235 1236 1359 1851 1358 1235
          1359 1973 1359 1235 1851 1973
          1235 1850 1851 1973 1851 1359
          1973 1974 1236 1237 1359 1851
          1359 1237 1360 1975 1237 1851
          1852 1975 1237 1359 1851 1975
          1851 1359 1974 1975 1237 1238
          1361 1853 1360 1237 1361 1975
          1361 1237 1853 1975 1237 1852
          1853 1975 1853 1361 1975 1976
          1238 1239 1361 1853 1361 1239
          1362 1977 1239 1853 1854 1977
          1239 1361 1853 1977 1853 1361
          1976 1977 1239 1240 1363 1855
          1362 1239 1363 1977 1363 1239
          1855 1977 1239 1854 1855 1977
          1855 1363 1977 1978 1240 1241
          1363 1855 1363 1241 1364 1979
          1241 1855 1856 1979 1241 1363
          1855 1979 1855 1363 1978 1979
          1241 1242 1365 1857 1364 1241
          1365 1979 1365 1241 1857 1979
          1241 1856 1857 1979 1857 1365
          1979 1980 1242 1243 1365 1857
          1365 1243 1366 1981 1243 1857
          1858 1981 1243 1365 1857 1981
          1857 1365 1980 1981 1243 1244
          1367 1859 1366 1243 1367 1981
          1367 1243 1859 1981 1243 1858
          1859 1981 1859 1367 1981 1982
          1244 1245 1367 1859 1367 1245
          1368 1983 1245 1859 1860 1983
          1245 1367 1859 1983 1859 1367
          1982 1983 1245 1246 1369 1861
          1368 1245 1369 1983 1369 1245
          1861 1983 1245 1860 1861 1983
          1861 1369 1983 1984 1246 1247
          1369 1861 1369 1247 1370 1985
          1247 1861 1862 1985 1247 1369
          1861 1985 1861 1369 1984 1985
          1247 1248 1371 1863 1370 1247
          1371 1985 1371 1247 1863 1985
          1247 1862 1863 1985 1863 1371
          1985 1986 1248 1249 1371 1863
          1371 1249 1372 1987 1249 1863
          1864 1987 1249 1371 1863 1987
          1863 1371 1986 1987 1249 1250
          1373 1865 1372 1249 1373 1987
          1373 1249 1865 1987 1249 1864
          1865 1987 1865 1373 1987 1988
          1250 1251 1373 1865 1373 1251
          1374 1989 1251 1865 1866 1989
          1251 1373 1865 1989 1865 1373
          1988 1989 1251 1252 1375 1867
          1374 1251 1375 1989 1375 1251
          1867 1989 1251 1866 1867 1989
          1867 1375 1989 1990 1252 1253
          1375 1867 1375 1253 1376 1991
          1253 1867 1868 1991 1253 1375
          1867 1991 1867 1375 1990 1991
          1253 1254 1377 1869 1376 1253
          1377 1991 1377 1253 1869 1991
          1253 1868 1869 1991 1869 1377
          1991 1992 1254 1255 1377 1869
          1377 1255 1378 1993 1255 1869
          1870 1993 1255 1377 1869 1993
          1869 1377 1992 1993 1255 1256
          1379 1871 1378 1255 1379 1993
          1379 1255 1871 1993 1255 1870
          1871 1993 1871 1379 1993 1994
          1256 1257 1379 1871 1379 1257
          1380 1995 1257 1871 1872 1995
          1257 1379 1871 1995 1871 1379
          1994 1995 1257 1258 1381 1873
          1380 1257 1381 1995 1381 1257
          1873 1995 1257 1872 1873 1995
          1873 1381 1995 1996 1258 1259
          1381 1873 1381 1259 1382 1997
          1259 1873 1874 1997 1259 1381
          1873 1997 1873 1381 1996 1997
          1259 1260 1383 1875 1382 1259
          1383 1997 1383 1259 1875 1997
          1259 1874 1875 1997 1875 1383
          1997 1998 1260 1261 1383 1875
          1383 1261 1384 1999 1261 1875
          1876 1999 1261 1383 1875 1999
          1875 1383 1998 1999 1261 1262
          1385 1877 1384 1261 1385 1999
          1385 1261 1877 1999 1261 1876
          1877 1999 1877 1385 1999 2000
          1262 1263 1385 1877 1385 1263
          1386 2001 1263 1877 1878 2001
          1263 1385 1877 2001 1877 1385
          2000 2001 1263 1264 1387 1879
          1386 1263 1387 2001 1387 1263
          1879 2001 1263 1878 1879 2001
          1879 1387 2001 2002 1264 1265
          1387 1879 1387 1265 1388 2003
          1265 1879 1880 2003 1265 1387
          1879 2003 1879 1387 2002 2003
          1265 1266 1389 1881 1388 1265
          1389 2003 1389 1265 1881 2003
          1265 1880 1881 2003 1881 1389
          2003 2004 1266 1267 1389 1881
          1389 1267 1390 2005 1267 1881
          1882 2005 1267 1389 1881 2005
          1881 1389 2004 2005 1267 1268
          1391 1883 1390 1267 1391 2005
          1391 1267 1883 2005 1267 1882
          1883 2005 1883 1391 2005 2006
          1268 1269 1391 1883 1391 1269
          1392 2007 1269 1883 1884 2007
          1269 1391 1883 2007 1883 1391
          2006 2007 1269 1270 1393 1885
          1392 1269 1393 2007 1393 1269
          1885 2007 1269 1884 1885 2007
          1885 1393 2007 2008 1270 1271
          1393 1885 1393 1271 1394 2009
          1271 1885 1886 2009 1271 1393
          1885 2009 1885 1393 2008 2009
          1271 1272 1395 1887 1394 1271
          1395 2009 1395 1271 1887 2009
          1271 1886 1887 2009 1887 1395
          2009 2010 1272 1273 1395 1887
          1395 1273 1396 2011 1273 1887
          1888 2011 1273 1395 1887 2011
          1887 1395 2010 2011 1273 1274
          1397 1889 1396 1273 1397 2011
          1397 1273 1889 2011 1273 1888
          1889 2011 1889 1397 2011 2012
          1274 1275 1397 1889 1397 1275
          1398 2013 1275 1889 1890 2013
          1275 1397 1889 2013 1889 1397
          2012 2013 1275 1276 1399 1891
          1398 1275 1399 2013 1399 1275
          1891 2013 1275 1890 1891 2013
          1891 1399 2013 2014 1276 1277
          1399 1891 1399 1277 1400 2015
          1277 1891 1892 2015 1277 1399
          1891 2015 1891 1399 2014 2015
          1277 1278 1401 1893 1400 1277
          1401 2015 1401 1277 1893 2015
          1277 1892 1893 2015 1893 1401
          2015 2016 1278 1279 1401 1893
          1401 1279 1402 2017 1279 1893
          1894 2017 1279 1401 1893 2017
          1893 1401 2016 2017 1279 1280
          1403 1895 1402 1279 1403 2017
          1403 1279 1895 2017 1279 1894
          1895 2017 1895 1403 2017 2018
          1280 1281 1403 1895 1403 1281
          1404 2019 1281 1895 1896 2019
          1281 1403 1895 2019 1895 1403
          2018 2019 1281 1282 1405 1897
          1404 1281 1405 2019 1405 1281
          1897 2019 1281 1896 1897 2019
          1897 1405 2019 2020 1282 1283
          1405 1897 1405 1283 1406 2021
          1283 1897 1898 2021 1283 1405
          1897 2021 1897 1405 2020 2021
          1283 1284 1407 1899 1406 1283
          1407 2021 1407 1283 1899 2021
          1283 1898 1899 2021 1899 1407
          2021 2022 1284 1285 1407 1899
          1407 1285 1408 2023 1285 1899
          1900 2023 1285 1407 1899 2023
          1899 1407 2022 2023 1285 1286
          1409 1901 1408 1285 1409 2023
          1409 1285 1901 2023 1285 1900
          1901 2023 1901 1409 2023 2024
          1286 1287 1409 1901 1409 1287
          1410 2025 1287 1901 1902 2025
          1287 1409 1901 2025 1901 1409
          2024 2025 1287 1288 1411 1903
          1410 1287 1411 2025 1411 1287
          1903 2025 1287 1902 1903 2025
          1903 1411 2025 2026 1288 1289
          1411 1903 1411 1289 1412 2027
          1289 1903 1904 2027 1289 1411
          1903 2027 1903 1411 2026 2027
          1289 1290 1413 1905 1412 1289
          1413 2027 1413 1289 1905 2027
          1289 1904 1905 2027 1905 1413
          2027 2028 1290 1291 1413 1905
          1413 1291 1414 2029 1291 1905
          1906 2029 1291 1413 1905 2029
          1905 1413 2028 2029 1291 1292
          1415 1907 1414 1291 1415 2029
          1415 1291 1907 2029 1291 1906
          1907 2029 1907 1415 2029 2030
          1292 1293 1415 1907 1415 1293
          1416 2031 1293 1907 1908 2031
          1293 1415 1907 2031 1907 1415
          2030 2031 1293 1294 1417 1909
          1416 1293 1417 2031 1417 1293
          1909 2031 1293 1908 1909 2031
          1909 1417 2031 2032 1294 1295
          1417 1909 1417 1295 1418 2033
          1295 1909 1910 2033 1295 1417
          1909 2033 1909 1417 2032 2033
          1295 1296 1419 1911 1418 1295
          1419 2033 1419 1295 1911 2033
          1295 1910 1911 2033 1911 1419
          2033 2034 1296 1297 1419 1911
          1419 1297 1420 2035 1297 1911
          1912 2035 1297 1419 1911 2035
          1911 1419 2034 2035 1297 1298
          1421 1913 1420 1297 1421 2035
          1421 1297 1913 2035 1297 1912
          1913 2035 1913 1421 2035 2036
          1298 1299 1421 1913 1421 1299
          1422 2037 1299 1913 1914 2037
          1299 1421 1913 2037 1913 1421
          2036 2037 1299 1300 1423 1915
          1422 1299 1423 2037 1423 1299
          1915 2037 1299 1914 1915 2037
          1915 1423 2037 2038 1300 1301
          1423 1915 1423 1301 1424 2039
          1301 1915 1916 2039 1301 1423
          1915 2039 1915 1423 2038 2039
          1301 1302 1425 1917 1424 1301
          1425 2039 1425 1301 1917 2039
          1301 1916 1917 2039 1917 1425
          2039 2040 1302 1303 1425 1917
          1425 1303 1426 2041 1303 1917
          1918 2041 1303 1425 1917 2041
          1917 1425 2040 2041 1303 1304
          1427 1919 1426 1303 1427 2041
          1427 1303 1919 2041 1303 1918
          1919 2041 1919 1427 2041 2042
          1304 1305 1427 1919 1427 1305
          1428 2043 1305 1919 1920 2043
          1305 1427 1919 2043 1919 1427
          2042 2043 1305 1306 1429 1921
          1428 1305 1429 2043 1429 1305
          1921 2043 1305 1920 1921 2043
          1921 1429 2043 2044 1306 1307
          1429 1921 1429 1307 1430 2045
          1307 1921 1922 2045 1307 1429
          1921 2045 1921 1429 2044 2045
          1307 1308 1431 1923 1430 1307
          1431 2045 1431 1307 1923 2045
          1307 1922 1923 2045 1923 1431
          2045 2046 1308 1309 1431 1923
          1431 1309 1432 2047 1309 1923
          1924 2047 1309 1431 1923 2047
          1923 1431 2046 2047 1309 1310
          1433 1925 1432 1309 1433 2047
          1433 1309 1925 2047 1309 1924
          1925 2047 1925 1433 2047 2048
          1310 1311 1433 1925 1433 1311
          1434 2049 1311 1925 1926 2049
          1311 1433 1925 2049 1925 1433
          2048 2049 1311 1312 1435 1927
          1434 1311 1435 2049 1435 1311
          1927 2049 1311 1926 1927 2049
          1927 1435 2049 2050 1312 1313
          1435 1927 1435 1313 1436 2051
          1313 1927 1928 2051 1313 1435
          1927 2051 1927 1435 2050 2051
          1313 1314 1437 1929 1436 1313
          1437 2051 1437 1313 1929 2051
          1313 1928 1929 2051 1929 1437
          2051 2052 1314 1315 1437 1929
          1437 1315 1438 2053 1315 1929
          1930 2053 1315 1437 1929 2053
          1929 1437 2052 2053 1315 1316
          1439 1931 1438 1315 1439 2053
          1439 1315 1931 2053 1315 1930
          1931 2053 1931 1439 2053 2054
          1316 1317 1439 1931 1439 1317
          1440 2055 1317 1931 1932 2055
          1317 1439 1931 2055 1931 1439
          2054 2055 1317 1318 1441 1933
          1440 1317 1441 2055 1441 1317
          1933 2055 1317 1932 1933 2055
          1933 1441 2055 2056 1318 1319
          1441 1933 1441 1319 1442 2057
          1319 1933 1934 2057 1319 1441
          1933 2057 1933 1441 2056 2057
          1319 1320 1443 1935 1442 1319
          1443 2057 1443 1319 1935 2057
          1319 1934 1935 2057 1935 1443
          2057 2058 1320 1321 1443 1935
          1443 1321 1444 2059 1321 1935
          1936 2059 1321 1443 1935 2059
          1935 1443 2058 2059 1321 1322
          1445 1937 1444 1321 1445 2059
          1445 1321 1937 2059 1321 1936
          1937 2059 1937 1445 2059 2060
          1322 1323 1445 1937 1445 1323
          1446 2061 1323 1937 1938 2061
          1323 1445 1937 2061 1937 1445
          2060 2061 1323 1324 1447 1939
          1446 1323 1447 2061 1447 1323
          1939 2061 1323 1938 1939 2061
          1939 1447 2061 2062 1324 1325
          1447 1939 1447 1325 1448 2063
          1325 1939 1940 2063 1325 1447
          1939 2063 1939 1447 2062 2063
          1325 1326 1449 1941 1448 1325
          1449 2063 1449 1325 1941 2063
          1325 1940 1941 2063 1941 1449
          2063 2064 1326 1327 1449 1941
          1449 1327 1450 2065 1327 1941
          1942 2065 1327 1449 1941 2065
          1941 1449 2064 2065 1327 1328
          1451 1943 1450 1327 1451 2065
          1451 1327 1943 2065 1327 1942
          1943 2065 1943 1451 2065 2066
          1328 1329 1451 1943 1451 1329
          1452 2067 1329 1943 1944 2067
          1329 1451 1943 2067 1943 1451
          2066 2067 1329 1330 1453 1945
          1452 1329 1453 2067 1453 1329
          1945 2067 1329 1944 1945 2067
          1945 1453 2067 2068 1330 1331
          1453 1945 1453 1331 1454 2069
          1331 1945 1946 2069 1331 1453
          1945 2069 1945 1453 2068 2069
          1331 1332 1455 1947 1454 1331
          1455 2069 1455 1331 1947 2069
          1331 1946 1947 2069 1947 1455
          2069 2070 1332 1333 1455 1947
          1455 1333 1456 2071 1333 1947
          1948 2071 1333 1455 1947 2071
          1947 1455 2070 2071 1333 1334
          1457 1949 1456 1333 1457 2071
          1457 1333 1949 2071 1333 1948
          1949 2071 1949 1457 2071 2072
          1334 1335 1457 1949 1457 1335
          1458 2073 1335 1949 1950 2073
          1335 1457 1949 2073 1949 1457
          2072 2073 1335 1336 1459 1951
          1458 1335 1459 2073 1459 1335
          1951 2073 1335 1950 1951 2073
          1951 1459 2073 2074 1336 1337
          1459 1951 1459 1337 1460 2075
          1337 1951 1952 2075 1337 1459
          1951 2075 1951 1459 2074 2075
          1337 1338 1461 1953 1460 1337
          1461 2075 1461 1337 1953 2075
          1337 1952 1953 2075 1953 1461
          2075 2076 1338 1339 1461 1953
          1461 1339 1462 2077 1339 1953
          1954 2077 1339 1461 1953 2077
          1953 1461 2076 2077 1339 1340
          1463 1955 1462 1339 1463 2077
          1463 1339 1955 2077 1339 1954
          1955 2077 1955 1463 2077 2078
          1340 1341 1463 1955 1463 1341
          1464 2079 1341 1955 1956 2079
          1341 1463 1955 2079 1955 1463
          2078 2079 1341 1342 1465 1957
          1464 1341 1465 2079 1465 1341
          1957 2079 1341 1956 1957 2079
          1957 1465 2079 2080 1342 1343
          1465 1957 1465 1343 1466 2081
          1343 1957 1958 2081 1343 1465
          1957 2081 1957 1465 2080 2081
          1343 1344 1467 1959 1466 1343
          1467 2081 1467 1343 1959 2081
          1343 1958 1959 2081 1959 1467
          2081 2082 1344 1345 1467 1959
          1467 1345 1468 2083 1345 1959
          1960 2083 1345 1467 1959 2083
          1959 1467 2082 2083 1345 1346
          1469 1961 1468 1345 1469 2083
          1469 1345 1961 2083 1345 1960
          1961 2083 1961 1469 2083 2084
          1346 1347 1469 1961 1469 1347
          1470 2085 1347 1961 1962 2085
          1347 1469 1961 2085 1961 1469
          2084 2085 1347 1348 1471 1963
          1470 1347 1471 2085 1471 1347
          1963 2085 1347 1962 1963 2085
          1963 1471 2085 2086 1348 1349
          1471 1963 1471 1349 1472 2087
          1349 1963 1964 2087 1349 1471
          1963 2087 1963 1471 2086 2087
          1349 1350 1473 1965 1472 1349
          1473 2087 1473 1349 1965 2087
          1349 1964 1965 2087 1965 1473
          2087 2088 1350 1351 1473 1965
          1473 1351 1474 2089 1351 1965
          1966 2089 1351 1473 1965 2089
          1965 1473 2088 2089 1351 1352
          1475 1967 1474 1351 1475 2089
          1475 1351 1967 2089 1351 1966
          1967 2089 1967 1475 2089 2090
          1353 1354 1477 1969 1476 1353
          1477 2091 1477 1353 1969 2091
          1353 1968 1969 2091 1969 1477
          2091 2092 1354 1355 1477 1969
          1477 1355 1478 2093 1355 1969
          1970 2093 1355 1477 1969 2093
          1969 1477 2092 2093 1355 1356
          1479 1971 1478 1355 1479 2093
          1479 1355 1971 2093 1355 1970
          1971 2093 1971 1479 2093 2094
          1356 1357 1479 1971 1479 1357
          1480 2095 1357 1971 1972 2095
          1357 1479 1971 2095 1971 1479
          2094 2095 1357 1358 1481 1973
          1480 1357 1481 2095 1481 1357
          1973 2095 1357 1972 1973 2095
          1973 1481 2095 2096 1358 1359
          1481 1973 1481 1359 1482 2097
          1359 1973 1974 2097 1359 1481
          1973 2097 1973 1481 2096 2097
          1359 1360 1483 1975 1482 1359
          1483 2097 1483 1359 1975 2097
          1359 1974 1975 2097 1975 1483
          2097 2098 1360 1361 1483 1975
          1483 1361 1484 2099 1361 1975
          1976 2099 1361 1483 1975 2099
          1975 1483 2098 2099 1361 1362
          1485 1977 1484 1361 1485 2099
          1485 1361 1977 2099 1361 1976
          1977 2099 1977 1485 2099 2100
          1362 1363 1485 1977 1485 1363
          1486 2101 1363 1977 1978 2101
          1363 1485 1977 2101 1977 1485
          2100 2101 1363 1364 1487 1979
          1486 1363 1487 2101 1487 1363
          1979 2101 1363 1978 1979 2101
          1979 1487 2101 2102 1364 1365
          1487 1979 1487 1365 1488 2103
          1365 1979 1980 2103 1365 1487
          1979 2103 1979 1487 2102 2103
          1365 1366 1489 1981 1488 1365
          1489 2103 1489 1365 1981 2103
          1365 1980 1981 2103 1981 1489
          2103 2104 1366 1367 1489 1981
          1489 1367 1490 2105 1367 1981
          1982 2105 1367 1489 1981 2105
          1981 1489 2104 2105 1367 1368
          1491 1983 1490 1367 1491 2105
          1491 1367 1983 2105 1367 1982
          1983 2105 1983 1491 2105 2106
          1368 1369 1491 1983 1491 1369
          1492 2107 1369 1983 1984 2107
          1369 1491 1983 2107 1983 1491
          2106 2107 1369 1370 1493 1985
          1492 1369 1493 2107 1493 1369
          1985 2107 1369 1984 1985 2107
          1985 1493 2107 2108 1370 1371
          1493 1985 1493 1371 1494 2109
          1371 1985 1986 2109 1371 1493
          1985 2109 1985 1493 2108 2109
          1371 1372 1495 1987 1494 1371
          1495 2109 1495 1371 1987 2109
          1371 1986 1987 2109 1987 1495
          2109 2110 1372 1373 1495 1987
          1495 1373 1496 2111 1373 1987
          1988 2111 1373 1495 1987 2111
          1987 1495 2110 2111 1373 1374
          1497 1989 1496 1373 1497 2111
          1497 1373 1989 2111 1373 1988
          1989 2111 1989 1497 2111 2112
          1374 1375 1497 1989 1497 1375
          1498 2113 1375 1989 1990 2113
          1375 1497 1989 2113 1989 1497
          2112 2113 1375 1376 1499 1991
          1498 1375 1499 2113 1499 1375
          1991 2113 1375 1990 1991 2113
          1991 1499 2113 2114 1376 1377
          1499 1991 1499 1377 1500 2115
          1377 1991 1992 2115 1377 1499
          1991 2115 1991 1499 2114 2115
          1377 1378 1501 1993 1500 1377
          1501 2115 1501 1377 1993 2115
          1377 1992 1993 2115 1993 1501
          2115 2116 1378 1379 1501 1993
          1501 1379 1502 2117 1379 1993
          1994 2117 1379 1501 1993 2117
          1993 1501 2116 2117 1379 1380
          1503 1995 1502 1379 1503 2117
          1503 1379 1995 2117 1379 1994
          1995 2117 1995 1503 2117 2118
          1380 1381 1503 1995 1503 1381
          1504 2119 1381 1995 1996 2119
          1381 1503 1995 2119 1995 1503
          2118 2119 1381 1382 1505 1997
          1504 1381 1505 2119 1505 1381
          1997 2119 1381 1996 1997 2119
          1997 1505 2119 2120 1382 1383
          1505 1997 1505 1383 1506 2121
          1383 1997 1998 2121 1383 1505
          1997 2121 1997 1505 2120 2121
          1383 1384 1507 1999 1506 1383
          1507 2121 1507 1383 1999 2121
          1383 1998 1999 2121 1999 1507
          2121 2122 1384 1385 1507 1999
          1507 1385 1508 2123 1385 1999
          2000 2123 1385 1507 1999 2123
          1999 1507 2122 2123 1385 1386
          1509 2001 1508 1385 1509 2123
          1509 1385 2001 2123 1385 2000
          2001 2123 2001 1509 2123 2124
          1386 1387 1509 2001 1509 1387
          1510 2125 1387 2001 2002 2125
          1387 1509 2001 2125 2001 1509
          2124 2125 1387 1388 1511 2003
          1510 1387 1511 2125 1511 1387
          2003 2125 1387 2002 2003 2125
          2003 1511 2125 2126 1388 1389
          1511 2003 1511 1389 1512 2127
          1389 2003 2004 2127 1389 1511
          2003 2127 2003 1511 2126 2127
          1389 1390 1513 2005 1512 1389
          1513 2127 1513 1389 2005 2127
          1389 2004 2005 2127 2005 1513
          2127 2128 1390 1391 1513 2005
          1513 1391 1514 2129 1391 2005
          2006 2129 1391 1513 2005 2129
          2005 1513 2128 2129 1391 1392
          1515 2007 1514 1391 1515 2129
          1515 1391 2007 2129 1391 2006
          2007 2129 2007 1515 2129 2130
          1392 1393 1515 2007 1515 1393
          1516 2131 1393 2007 2008 2131
          1393 1515 2007 2131 2007 1515
          2130 2131 1393 1394 1517 2009
          1516 1393 1517 2131 1517 1393
          2009 2131 1393 2008 2009 2131
          2009 1517 2131 2132 1394 1395
          1517 2009 1517 1395 1518 2133
          1395 2009 2010 2133 1395 1517
          2009 2133 2009 1517 2132 2133
          1395 1396 1519 2011 1518 1395
          1519 2133 1519 1395 2011 2133
          1395 2010 2011 2133 2011 1519
          2133 2134 1396 1397 1519 2011
          1519 1397 1520 2135 1397 2011
          2012 2135 1397 1519 2011 2135
          2011 1519 2134 2135 1397 1398
          1521 2013 1520 1397 1521 2135
          1521 1397 2013 2135 1397 2012
          2013 2135 2013 1521 2135 2136
          1398 1399 1521 2013 1521 1399
          1522 2137 1399 2013 2014 2137
          1399 1521 2013 2137 2013 1521
          2136 2137 1399 1400 1523 2015
          1522 1399 1523 2137 1523 1399
          2015 2137 1399 2014 2015 2137
          2015 1523 2137 2138 1400 1401
          1523 2015 1523 1401 1524 2139
          1401 2015 2016 2139 1401 1523
          2015 2139 2015 1523 2138 2139
          1401 1402 1525 2017 1524 1401
          1525 2139 1525 1401 2017 2139
          1401 2016 2017 2139 2017 1525
          2139 2140 1402 1403 1525 2017
          1525 1403 1526 2141 1403 2017
          2018 2141 1403 1525 2017 2141
          2017 1525 2140 2141 1403 1404
          1527 2019 1526 1403 1527 2141
          1527 1403 2019 2141 1403 2018
          2019 2141 2019 1527 2141 2142
          1404 1405 1527 2019 1527 1405
          1528 2143 1405 2019 2020 2143
          1405 1527 2019 2143 2019 1527
          2142 2143 1405 1406 1529 2021
          1528 1405 1529 2143 1529 1405
          2021 2143 1405 2020 2021 2143
          2021 1529 2143 2144 1406 1407
          1529 2021 1529 1407 1530 2145
          1407 2021 2022 2145 1407 1529
          2021 2145 2021 1529 2144 2145
          1407 1408 1531 2023 1530 1407
          1531 2145 1531 1407 2023 2145
          1407 2022 2023 2145 2023 1531
          2145 2146 1408 1409 1531 2023
          1531 1409 1532 2147 1409 2023
          2024 2147 1409 1531 2023 2147
          2023 1531 2146 2147 1409 1410
          1533 2025 1532 1409 1533 2147
          1533 1409 2025 2147 1409 2024
          2025 2147 2025 1533 2147 2148
          1410 1411 1533 2025 1533 1411
          1534 2149 1411 2025 2026 2149
          1411 1533 2025 2149 2025 1533
          2148 2149 1411 1412 1535 2027
          1534 1411 1535 2149 1535 1411
          2027 2149 1411 2026 2027 2149
          2027 1535 2149 2150 1412 1413
          1535 2027 1535 1413 1536 2151
          1413 2027 2028 2151 1413 1535
          2027 2151 2027 1535 2150 2151
          1413 1414 1537 2029 1536 1413
          1537 2151 1537 1413 2029 2151
          1413 2028 2029 2151 2029 1537
          2151 2152 1414 1415 1537 2029
          1537 1415 1538 2153 1415 2029
          2030 2153 1415 1537 2029 2153
          2029 1537 2152 2153 1415 1416
          1539 2031 1538 1415 1539 2153
          1539 1415 2031 2153 1415 2030
          2031 2153 2031 1539 2153 2154
          1416 1417 1539 2031 1539 1417
          1540 2155 1417 2031 2032 2155
          1417 1539 2031 2155 2031 1539
          2154 2155 1417 1418 1541 2033
          1540 1417 1541 2155 1541 1417
          2033 2155 1417 2032 2033 2155
          2033 1541 2155 2156 1418 1419
          1541 2033 1541 1419 1542 2157
          1419 2033 2034 2157 1419 1541
          2033 2157 2033 1541 2156 2157
          1419 1420 1543 2035 1542 1419
          1543 2157 1543 1419 2035 2157
          1419 2034 2035 2157 2035 1543
          2157 2158 1420 1421 1543 2035
          1543 1421 1544 2159 1421 2035
          2036 2159 1421 1543 2035 2159
          2035 1543 2158 2159 1421 1422
          1545 2037 1544 1421 1545 2159
          1545 1421 2037 2159 1421 2036
          2037 2159 2037 1545 2159 2160
          1422 1423 1545 2037 1545 1423
          1546 2161 1423 2037 2038 2161
          1423 1545 2037 2161 2037 1545
          2160 2161 1423 1424 1547 2039
          1546 1423 1547 2161 1547 1423
          2039 2161 1423 2038 2039 2161
          2039 1547 2161 2162 1424 1425
          1547 2039 1547 1425 1548 2163
          1425 2039 2040 2163 1425 1547
          2039 2163 2039 1547 2162 2163
          1425 1426 1549 2041 1548 1425
          1549 2163 1549 1425 2041 2163
          1425 2040 2041 2163 2041 1549
          2163 2164 1426 1427 1549 2041
          1549 1427 1550 2165 1427 2041
          2042 2165 1427 1549 2041 2165
          2041 1549 2164 2165 1427 1428
          1551 2043 1550 1427 1551 2165
          1551 1427 2043 2165 1427 2042
          2043 2165 2043 1551 2165 2166
          1428 1429 1551 2043 1551 1429
          1552 2167 1429 2043 2044 2167
          1429 1551 2043 2167 2043 1551
          2166 2167 1429 1430 1553 2045
          1552 1429 1553 2167 1553 1429
          2045 2167 1429 2044 2045 2167
          2045 1553 2167 2168 1430 1431
          1553 2045 1553 1431 1554 2169
          1431 2045 2046 2169 1431 1553
          2045 2169 2045 1553 2168 2169
          1431 1432 1555 2047 1554 1431
          1555 2169 1555 1431 2047 2169
          1431 2046 2047 2169 2047 1555
          2169 2170 1432 1433 1555 2047
          1555 1433 1556 2171 1433 2047
          2048 2171 1433 1555 2047 2171
          2047 1555 2170 2171 1433 1434
          1557 2049 1556 1433 1557 2171
          1557 1433 2049 2171 1433 2048
          2049 2171 2049 1557 2171 2172
          1434 1435 1557 2049 1557 1435
          1558 2173 1435 2049 2050 2173
          1435 1557 2049 2173 2049 1557
          2172 2173 1435 1436 1559 2051
          1558 1435 1559 2173 1559 1435
          2051 2173 1435 2050 2051 2173
          2051 1559 2173 2174 1436 1437
          1559 2051 1559 1437 1560 2175
          1437 2051 2052 2175 1437 1559
          2051 2175 2051 1559 2174 2175
          1437 1438 1561 2053 1560 1437
          1561 2175 1561 1437 2053 2175
          1437 2052 2053 2175 2053 1561
          2175 2176 1438 1439 1561 2053
          1561 1439 1562 2177 1439 2053
          2054 2177 1439 1561 2053 2177
          2053 1561 2176 2177 1439 1440
          1563 2055 1562 1439 1563 2177
          1563 1439 2055 2177 1439 2054
          2055 2177 2055 1563 2177 2178
          1440 1441 1563 2055 1563 1441
          1564 2179 1441 2055 2056 2179
          1441 1563 2055 2179 2055 1563
          2178 2179 1441 1442 1565 2057
          1564 1441 1565 2179 1565 1441
          2057 2179 1441 2056 2057 2179
          2057 1565 2179 2180 1442 1443
          1565 2057 1565 1443 1566 2181
          1443 2057 2058 2181 1443 1565
          2057 2181 2057 1565 2180 2181
          1443 1444 1567 2059 1566 1443
          1567 2181 1567 1443 2059 2181
          1443 2058 2059 2181 2059 1567
          2181 2182 1444 1445 1567 2059
          1567 1445 1568 2183 1445 2059
          2060 2183 1445 1567 2059 2183
          2059 1567 2182 2183 1445 1446
          1569 2061 1568 1445 1569 2183
          1569 1445 2061 2183 1445 2060
          2061 2183 2061 1569 2183 2184
          1446 1447 1569 2061 1569 1447
          1570 2185 1447 2061 2062 2185
          1447 1569 2061 2185 2061 1569
          2184 2185 1447 1448 1571 2063
          1570 1447 1571 2185 1571 1447
          2063 2185 1447 2062 2063 2185
          2063 1571 2185 2186 1448 1449
          1571 2063 1571 1449 1572 2187
          1449 2063 2064 2187 1449 1571
          2063 2187 2063 1571 2186 2187
          1449 1450 1573 2065 1572 1449
          1573 2187 1573 1449 2065 2187
          1449 2064 2065 2187 2065 1573
          2187 2188 1450 1451 1573 2065
          1573 1451 1574 2189 1451 2065
          2066 2189 1451 1573 2065 2189
          2065 1573 2188 2189 1451 1452
          1575 2067 1574 1451 1575 2189
          1575 1451 2067 2189 1451 2066
          2067 2189 2067 1575 2189 2190
          1452 1453 1575 2067 1575 1453
          1576 2191 1453 2067 2068 2191
          1453 1575 2067 2191 2067 1575
          2190 2191 1453 1454 1577 2069
          1576 1453 1577 2191 1577 1453
          2069 2191 1453 2068 2069 2191
          2069 1577 2191 2192 1454 1455
          1577 2069 1577 1455 1578 2193
          1455 2069 2070 2193 1455 1577
          2069 2193 2069 1577 2192 2193
          1455 1456 1579 2071 1578 1455
          1579 2193 1579 1455 2071 2193
          1455 2070 2071 2193 2071 1579
          2193 2194 1456 1457 1579 2071
          1579 1457 1580 2195 1457 2071
          2072 2195 1457 1579 2071 2195
          2071 1579 2194 2195 1457 1458
          1581 2073 1580 1457 1581 2195
          1581 1457 2073 2195 1457 2072
          2073 2195 2073 1581 2195 2196
          1458 1459 1581 2073 1581 1459
          1582 2197 1459 2073 2074 2197
          1459 1581 2073 2197 2073 1581
          2196 2197 1459 1460 1583 2075
          1582 1459 1583 2197 1583 1459
          2075 2197 1459 2074 2075 2197
          2075 1583 2197 2198 1460 1461
          1583 2075 1583 1461 1584 2199
          1461 2075 2076 2199 1461 1583
          2075 2199 2075 1583 2198 2199
          1461 1462 1585 2077 1584 1461
          1585 2199 1585 1461 2077 2199
          1461 2076 2077 2199 2077 1585
          2199 2200 1462 1463 1585 2077
          1585 1463 1586 2201 1463 2077
          2078 2201 1463 1585 2077 2201
          2077 1585 2200 2201 1463 1464
          1587 2079 1586 1463 1587 2201
          1587 1463 2079 2201 1463 2078
          2079 2201 2079 1587 2201 2202
          1464 1465 1587 2079 1587 1465
          1588 2203 1465 2079 2080 2203
          1465 1587 2079 2203 2079 1587
          2202 2203 1465 1466 1589 2081
          1588 1465 1589 2203 1589 1465
          2081 2203 1465 2080 2081 2203
          2081 1589 2203 2204 1466 1467
          1589 2081 1589 1467 1590 2205
          1467 2081 2082 2205 1467 1589
          2081 2205 2081 1589 2204 2205
          1467 1468 1591 2083 1590 1467
          1591 2205 1591 1467 2083 2205
          1467 2082 2083 2205 2083 1591
          2205 2206 1468 1469 1591 2083
          1591 1469 1592 2207 1469 2083
          2084 2207 1469 1591 2083 2207
          2083 1591 2206 2207 1469 1470
          1593 2085 1592 1469 1593 2207
          1593 1469 2085 2207 1469 2084
          2085 2207 2085 1593 2207 2208
          1470 1471 1593 2085 1593 1471
          1594 2209 1471 2085 2086 2209
          1471 1593 2085 2209 2085 1593
          2208 2209 1471 1472 1595 2087
          1594 1471 1595 2209 1595 1471
          2087 2209 1471 2086 2087 2209
          2087 1595 2209 2210 1472 1473
          1595 2087 1595 1473 1596 2211
          1473 2087 2088 2211 1473 1595
          2087 2211 2087 1595 2210 2211
          1473 1474 1597 2089 1596 1473
          1597 2211 1597 1473 2089 2211
          1473 2088 2089 2211 2089 1597
          2211 2212 1474 1475 1597 2089
          1597 1475 1598 2213 1475 2089
          2090 2213 1475 1597 2089 2213
          2089 1597 2212 2213 1476 1477
          1599 2091 1599 1477 1600 2215
          1477 2091 2092 2215 1477 1599
          2091 2215 2091 1599 2214 2215
          1477 1478 1601 2093 1600 1477
          1601 2215 1601 1477 2093 2215
          1477 2092 2093 2215 2093 1601
          2215 2216 1478 1479 1601 2093
          1601 1479 1602 2217 1479 2093
          2094 2217 1479 1601 2093 2217
          2093 1601 2216 2217 1479 1480
          1603 2095 1602 1479 1603 2217
          1603 1479 2095 2217 1479 2094
          2095 2217 2095 1603 2217 2218
          1480 1481 1603 2095 1603 1481
          1604 2219 1481 2095 2096 2219
          1481 1603 2095 2219 2095 1603
          2218 2219 1481 1482 1605 2097
          1604 1481 1605 2219 1605 1481
          2097 2219 1481 2096 2097 2219
          2097 1605 2219 2220 1482 1483
          1605 2097 1605 1483 1606 2221
          1483 2097 2098 2221 1483 1605
          2097 2221 2097 1605 2220 2221
          1483 1484 1607 2099 1606 1483
          1607 2221 1607 1483 2099 2221
          1483 2098 2099 2221 2099 1607
          2221 2222 1484 1485 1607 2099
          1607 1485 1608 2223 1485 2099
          2100 2223 1485 1607 2099 2223
          2099 1607 2222 2223 1485 1486
          1609 2101 1608 1485 1609 2223
          1609 1485 2101 2223 1485 2100
          2101 2223 2101 1609 2223 2224
          1486 1487 1609 2101 1609 1487
          1610 2225 1487 2101 2102 2225
          1487 1609 2101 2225 2101 1609
          2224 2225 1487 1488 1611 2103
          1610 1487 1611 2225 1611 1487
          2103 2225 1487 2102 2103 2225
          2103 1611 2225 2226 1488 1489
          1611 2103 1611 1489 1612 2227
          1489 2103 2104 2227 1489 1611
          2103 2227 2103 1611 2226 2227
          1489 1490 1613 2105 1612 1489
          1613 2227 1613 1489 2105 2227
          1489 2104 2105 2227 2105 1613
          2227 2228 1490 1491 1613 2105
          1613 1491 1614 2229 1491 2105
          2106 2229 1491 1613 2105 2229
          2105 1613 2228 2229 1491 1492
          1615 2107 1614 1491 1615 2229
          1615 1491 2107 2229 1491 2106
          2107 2229 2107 1615 2229 2230
          1492 1493 1615 2107 1615 1493
          1616 2231 1493 2107 2108 2231
          1493 1615 2107 2231 2107 1615
          2230 2231 1493 1494 1617 2109
          1616 1493 1617 2231 1617 1493
          2109 2231 1493 2108 2109 2231
          2109 1617 2231 2232 1494 1495
          1617 2109 1617 1495 1618 2233
          1495 2109 2110 2233 1495 1617
          2109 2233 2109 1617 2232 2233
          1495 1496 1619 2111 1618 1495
          1619 2233 1619 1495 2111 2233
          1495 2110 2111 2233 2111 1619
          2233 2234 1496 1497 1619 2111
          1619 1497 1620 2235 1497 2111
          2112 2235 1497 1619 2111 2235
          2111 1619 2234 2235 1497 1498
          1621 2113 1620 1497 1621 2235
          1621 1497 2113 2235 1497 2112
          2113 2235 2113 1621 2235 2236
          1498 1499 1621 2113 1621 1499
          1622 2237 1499 2113 2114 2237
          1499 1621 2113 2237 2113 1621
          2236 2237 1499 1500 1623 2115
          1622 1499 1623 2237 1623 1499
          2115 2237 1499 2114 2115 2237
          2115 1623 2237 2238 1500 1501
          1623 2115 1623 1501 1624 2239
          1501 2115 2116 2239 1501 1623
          2115 2239 2115 1623 2238 2239
          1501 1502 1625 2117 1624 1501
          1625 2239 1625 1501 2117 2239
          1501 2116 2117 2239 2117 1625
          2239 2240 1502 1503 1625 2117
          1625 1503 1626 2241 1503 2117
          2118 2241 1503 1625 2117 2241
          2117 1625 2240 2241 1503 1504
          1627 2119 1626 1503 1627 2241
          1627 1503 2119 2241 1503 2118
          2119 2241 2119 1627 2241 2242
          1504 1505 1627 2119 1627 1505
          1628 2243 1505 2119 2120 2243
          1505 1627 2119 2243 2119 1627
          2242 2243 1505 1506 1629 2121
          1628 1505 1629 2243 1629 1505
          2121 2243 1505 2120 2121 2243
          2121 1629 2243 2244 1506 1507
          1629 2121 1629 1507 1630 2245
          1507 2121 2122 2245 1507 1629
          2121 2245 2121 1629 2244 2245
          1507 1508 1631 2123 1630 1507
          1631 2245 1631 1507 2123 2245
          1507 2122 2123 2245 2123 1631
          2245 2246 1508 1509 1631 2123
          1631 1509 1632 2247 1509 2123
          2124 2247 1509 1631 2123 2247
          2123 1631 2246 2247 1509 1510
          1633 2125 1632 1509 1633 2247
          1633 1509 2125 2247 1509 2124
          2125 2247 2125 1633 2247 2248
          1510 1511 1633 2125 1633 1511
          1634 2249 1511 2125 2126 2249
          1511 1633 2125 2249 2125 1633
          2248 2249 1511 1512 1635 2127
          1634 1511 1635 2249 1635 1511
          2127 2249 1511 2126 2127 2249
          2127 1635 2249 2250 1512 1513
          1635 2127 1635 1513 1636 2251
          1513 2127 2128 2251 1513 1635
          2127 2251 2127 1635 2250 2251
          1513 1514 1637 2129 1636 1513
          1637 2251 1637 1513 2129 2251
          1513 2128 2129 2251 2129 1637
          2251 2252 1514 1515 1637 2129
          1637 1515 1638 2253 1515 2129
          2130 2253 1515 1637 2129 2253
          2129 1637 2252 2253 1515 1516
          1639 2131 1638 1515 1639 2253
          1639 1515 2131 2253 1515 2130
          2131 2253 2131 1639 2253 2254
          1516 1517 1639 2131 1639 1517
          1640 2255 1517 2131 2132 2255
          1517 1639 2131 2255 2131 1639
          2254 2255 1517 1518 1641 2133
          1640 1517 1641 2255 1641 1517
          2133 2255 1517 2132 2133 2255
          2133 1641 2255 2256 1518 1519
          1641 2133 1641 1519 1642 2257
          1519 2133 2134 2257 1519 1641
          2133 2257 2133 1641 2256 2257
          1519 1520 1643 2135 1642 1519
          1643 2257 1643 1519 2135 2257
          1519 2134 2135 2257 2135 1643
          2257 2258 1520 1521 1643 2135
          1643 1521 1644 2259 1521 2135
          2136 2259 1521 1643 2135 2259
          2135 1643 2258 2259 1521 1522
          1645 2137 1644 1521 1645 2259
          1645 1521 2137 2259 1521 2136
          2137 2259 2137 1645 2259 2260
          1522 1523 1645 2137 1645 1523
          1646 2261 1523 2137 2138 2261
          1523 1645 2137 2261 2137 1645
          2260 2261 1523 1524 1647 2139
          1646 1523 1647 2261 1647 1523
          2139 2261 1523 2138 2139 2261
          2139 1647 2261 2262 1524 1525
          1647 2139 1647 1525 1648 2263
          1525 2139 2140 2263 1525 1647
          2139 2263 2139 1647 2262 2263
          1525 1526 1649 2141 1648 1525
          1649 2263 1649 1525 2141 2263
          1525 2140 2141 2263 2141 1649
          2263 2264 1526 1527 1649 2141
          1649 1527 1650 2265 1527 2141
          2142 2265 1527 1649 2141 2265
          2141 1649 2264 2265 1527 1528
          1651 2143 1650 1527 1651 2265
          1651 1527 2143 2265 1527 2142
          2143 2265 2143 1651 2265 2266
          1528 1529 1651 2143 1651 1529
          1652 2267 1529 2143 2144 2267
          1529 1651 2143 2267 2143 1651
          2266 2267 1529 1530 1653 2145
          1652 1529 1653 2267 1653 1529
          2145 2267 1529 2144 2145 2267
          2145 1653 2267 2268 1530 1531
          1653 2145 1653 1531 1654 2269
          1531 2145 2146 2269 1531 1653
          2145 2269 2145 1653 2268 2269
          1531 1532 1655 2147 1654 1531
          1655 2269 1655 1531 2147 2269
          1531 2146 2147 2269 2147 1655
          2269 2270 1532 1533 1655 2147
          1655 1533 1656 2271 1533 2147
          2148 2271 1533 1655 2147 2271
          2147 1655 2270 2271 1533 1534
          1657 2149 1656 1533 1657 2271
          1657 1533 2149 2271 1533 2148
          2149 2271 2149 1657 2271 2272
          1534 1535 1657 2149 1657 1535
          1658 2273 1535 2149 2150 2273
          1535 1657 2149 2273 2149 1657
          2272 2273 1535 1536 1659 2151
          1658 1535 1659 2273 1659 1535
          2151 2273 1535 2150 2151 2273
          2151 1659 2273 2274 1536 1537
          1659 2151 1659 1537 1660 2275
          1537 2151 2152 2275 1537 1659
          2151 2275 2151 1659 2274 2275
          1537 1538 1661 2153 1660 1537
          1661 2275 1661 1537 2153 2275
          1537 2152 2153 2275 2153 1661
          2275 2276 1538 1539 1661 2153
          1661 1539 1662 2277 1539 2153
          2154 2277 1539 1661 2153 2277
          2153 1661 2276 2277 1539 1540
          1663 2155 1662 1539 1663 2277
          1663 1539 2155 2277 1539 2154
          2155 2277 2155 1663 2277 2278
          1540 1541 1663 2155 1663 1541
          1664 2279 1541 2155 2156 2279
          1541 1663 2155 2279 2155 1663
          2278 2279 1541 1542 1665 2157
          1664 1541 1665 2279 1665 1541
          2157 2279 1541 2156 2157 2279
          2157 1665 2279 2280 1542 1543
          1665 2157 1665 1543 1666 2281
          1543 2157 2158 2281 1543 1665
          2157 2281 2157 1665 2280 2281
          1543 1544 1667 2159 1666 1543
          1667 2281 1667 1543 2159 2281
          1543 2158 2159 2281 2159 1667
          2281 2282 1544 1545 1667 2159
          1667 1545 1668 2283 1545 2159
          2160 2283 1545 1667 2159 2283
          2159 1667 2282 2283 1545 1546
          1669 2161 1668 1545 1669 2283
          1669 1545 2161 2283 1545 2160
          2161 2283 2161 1669 2283 2284
          1546 1547 1669 2161 1669 1547
          1670 2285 1547 2161 2162 2285
          1547 1669 2161 2285 2161 1669
          2284 2285 1547 1548 1671 2163
          1670 1547 1671 2285 1671 1547
          2163 2285 1547 2162 2163 2285
          2163 1671 2285 2286 1548 1549
          1671 2163 1671 1549 1672 2287
          1549 2163 2164 2287 1549 1671
          2163 2287 2163 1671 2286 2287
          1549 1550 1673 2165 1672 1549
          1673 2287 1673 1549 2165 2287
          1549 2164 2165 2287 2165 1673
          2287 2288 1550 1551 1673 2165
          1673 1551 1674 2289 1551 2165
          2166 2289 1551 1673 2165 2289
          2165 1673 2288 2289 1551 1552
          1675 2167 1674 1551 1675 2289
          1675 1551 2167 2289 1551 2166
          2167 2289 2167 1675 2289 2290
          1552 1553 1675 2167 1675 1553
          1676 2291 1553 2167 2168 2291
          1553 1675 2167 2291 2167 1675
          2290 2291 1553 1554 1677 2169
          1676 1553 1677 2291 1677 1553
          2169 2291 1553 2168 2169 2291
          2169 1677 2291 2292 1554 1555
          1677 2169 1677 1555 1678 2293
          1555 2169 2170 2293 1555 1677
          2169 2293 2169 1677 2292 2293
          1555 1556 1679 2171 1678 1555
          1679 2293 1679 1555 2171 2293
          1555 2170 2171 2293 2171 1679
          2293 2294 1556 1557 1679 2171
          1679 1557 1680 2295 1557 2171
          2172 2295 1557 1679 2171 2295
          2171 1679 2294 2295 1557 1558
          1681 2173 1680 1557 1681 2295
          1681 1557 2173 2295 1557 2172
          2173 2295 2173 1681 2295 2296
          1558 1559 1681 2173 1681 1559
          1682 2297 1559 2173 2174 2297
          1559 1681 2173 2297 2173 1681
          2296 2297 1559 1560 1683 2175
          1682 1559 1683 2297 1683 1559
          2175 2297 1559 2174 2175 2297
          2175 1683 2297 2298 1560 1561
          1683 2175 1683 1561 1684 2299
          1561 2175 2176 2299 1561 1683
          2175 2299 2175 1683 2298 2299
          1561 1562 1685 2177 1684 1561
          1685 2299 1685 1561 2177 2299
          1561 2176 2177 2299 2177 1685
          2299 2300 1562 1563 1685 2177
          1685 1563 1686 2301 1563 2177
          2178 2301 1563 1685 2177 2301
          2177 1685 2300 2301 1563 1564
          1687 2179 1686 1563 1687 2301
          1687 1563 2179 2301 1563 2178
          2179 2301 2179 1687 2301 2302
          1564 1565 1687 2179 1687 1565
          1688 2303 1565 2179 2180 2303
          1565 1687 2179 2303 2179 1687
          2302 2303 1565 1566 1689 2181
          1688 1565 1689 2303 1689 1565
          2181 2303 1565 2180 2181 2303
          2181 1689 2303 2304 1566 1567
          1689 2181 1689 1567 1690 2305
          1567 2181 2182 2305 1567 1689
          2181 2305 2181 1689 2304 2305
          1567 1568 1691 2183 1690 1567
          1691 2305 1691 1567 2183 2305
          1567 2182 2183 2305 2183 1691
          2305 2306 1568 1569 1691 2183
          1691 1569 1692 2307 1569 2183
          2184 2307 1569 1691 2183 2307
          2183 1691 2306 2307 1569 1570
          1693 2185 1692 1569 1693 2307
          1693 1569 2185 2307 1569 2184
          2185 2307 2185 1693 2307 2308
          1570 1571 1693 2185 1693 1571
          1694 2309 1571 2185 2186 2309
          1571 1693 2185 2309 2185 1693
          2308 2309 1571 1572 1695 2187
          1694 1571 1695 2309 1695 1571
          2187 2309 1571 2186 2187 2309
          2187 1695 2309 2310 1572 1573
          1695 2187 1695 1573 1696 2311
          1573 2187 2188 2311 1573 1695
          2187 2311 2187 1695 2310 2311
          1573 1574 1697 2189 1696 1573
          1697 2311 1697 1573 2189 2311
          1573 2188 2189 2311 2189 1697
          2311 2312 1574 1575 1697 2189
          1697 1575 1698 2313 1575 2189
          2190 2313 1575 1697 2189 2313
          2189 1697 2312 2313 1575 1576
          1699 2191 1698 1575 1699 2313
          1699 1575 2191 2313 1575 2190
          2191 2313 2191 1699 2313 2314
          1576 1577 1699 2191 1699 1577
          1700 2315 1577 2191 2192 2315
          1577 1699 2191 2315 2191 1699
          2314 2315 1577 1578 1701 2193
          1700 1577 1701 2315 1701 1577
          2193 2315 1577 2192 2193 2315
          2193 1701 2315 2316 1578 1579
          1701 2193 1701 1579 1702 2317
          1579 2193 2194 2317 1579 1701
          2193 2317 2193 1701 2316 2317
          1579 1580 1703 2195 1702 1579
          1703 2317 1703 1579 2195 2317
          1579 2194 2195 2317 2195 1703
          2317 2318 1580 1581 1703 2195
          1703 1581 1704 2319 1581 2195
          2196 2319 1581 1703 2195 2319
          2195 1703 2318 2319 1581 1582
          1705 2197 1704 1581 1705 2319
          1705 1581 2197 2319 1581 2196
          2197 2319 2197 1705 2319 2320
          1582 1583 1705 2197 1705 1583
          1706 2321 1583 2197 2198 2321
          1583 1705 2197 2321 2197 1705
          2320 2321 1583 1584 1707 2199
          1706 1583 1707 2321 1707 1583
          2199 2321 1583 2198 2199 2321
          2199 1707 2321 2322 1584 1585
          1707 2199 1707 1585 1708 2323
          1585 2199 2200 2323 1585 1707
          2199 2323 2199 1707 2322 2323
          1585 1586 1709 2201 1708 1585
          1709 2323 1709 1585 2201 2323
          1585 2200 2201 2323 2201 1709
          2323 2324 1586 1587 1709 2201
          1709 1587 1710 2325 1587 2201
          2202 2325 1587 1709 2201 2325
          2201 1709 2324 2325 1587 1588
          1711 2203 1710 1587 1711 2325
          1711 1587 2203 2325 1587 2202
          2203 2325 2203 1711 2325 2326
          1588 1589 1711 2203 1711 1589
          1712 2327 1589 2203 2204 2327
          1589 1711 2203 2327 2203 1711
          2326 2327 1589 1590 1713 2205
          1712 1589 1713 2327 1713 1589
          2205 2327 1589 2204 2205 2327
          2205 1713 2327 2328 1590 1591
          1713 2205 1713 1591 1714 2329
          1591 2205 2206 2329 1591 1713
          2205 2329 2205 1713 2328 2329
          1591 1592 1715 2207 1714 1591
          1715 2329 1715 1591 2207 2329
          1591 2206 2207 2329 2207 1715
          2329 2330 1592 1593 1715 2207
          1715 1593 1716 2331 1593 2207
          2208 2331 1593 1715 2207 2331
          2207 1715 2330 2331 1593 1594
          1717 2209 1716 1593 1717 2331
          1717 1593 2209 2331 1593 2208
          2209 2331 2209 1717 2331 2332
          1594 1595 1717 2209 1717 1595
          1718 2333 1595 2209 2210 2333
          1595 1717 2209 2333 2209 1717
          2332 2333 1595 1596 1719 2211
          1718 1595 1719 2333 1719 1595
          2211 2333 1595 2210 2211 2333
          2211 1719 2333 2334 1596 1597
          1719 2211 1719 1597 1720 2335
          1597 2211 2212 2335 1597 1719
          2211 2335 2211 1719 2334 2335
          1597 1598 1721 2213 1720 1597
          1721 2335 1721 1597 2213 2335
          1597 2212 2213 2335 2213 1721
          2335 2336 1599 1600 1723 2215
          1722 1599 1723 2337 1723 1599
          2215 2337 1599 2214 2215 2337
          2215 1723 2337 2338 1600 1601
          1723 2215 1723 1601 1724 2339
          1601 2215 2216 2339 1601 1723
          2215 2339 2215 1723 2338 2339
          1601 1602 1725 2217 1724 1601
          1725 2339 1725 1601 2217 2339
          1601 2216 2217 2339 2217 1725
          2339 2340 1602 1603 1725 2217
          1725 1603 1726 2341 1603 2217
          2218 2341 1603 1725 2217 2341
          2217 1725 2340 2341 1603 1604
          1727 2219 1726 1603 1727 2341
          1727 1603 2219 2341 1603 2218
          2219 2341 2219 1727 2341 2342
          1604 1605 1727 2219 1727 1605
          1728 2343 1605 2219 2220 2343
          1605 1727 2219 2343 2219 1727
          2342 2343 1605 1606 1729 2221
          1728 1605 1729 2343 1729 1605
          2221 2343 1605 2220 2221 2343
          2221 1729 2343 2344 1606 1607
          1729 2221 1729 1607 1730 2345
          1607 2221 2222 2345 1607 1729
          2221 2345 2221 1729 2344 2345
          1607 1608 1731 2223 1730 1607
          1731 2345 1731 1607 2223 2345
          1607 2222 2223 2345 2223 1731
          2345 2346 1608 1609 1731 2223
          1731 1609 1732 2347 1609 2223
          2224 2347 1609 1731 2223 2347
          2223 1731 2346 2347 1609 1610
          1733 2225 1732 1609 1733 2347
          1733 1609 2225 2347 1609 2224
          2225 2347 2225 1733 2347 2348
          1610 1611 1733 2225 1733 1611
          1734 2349 1611 2225 2226 2349
          1611 1733 2225 2349 2225 1733
          2348 2349 1611 1612 1735 2227
          1734 1611 1735 2349 1735 1611
          2227 2349 1611 2226 2227 2349
          2227 1735 2349 2350 1612 1613
          1735 2227 1735 1613 1736 2351
          1613 2227 2228 2351 1613 1735
          2227 2351 2227 1735 2350 2351
          1613 1614 1737 2229 1736 1613
          1737 2351 1737 1613 2229 2351
          1613 2228 2229 2351 2229 1737
          2351 2352 1614 1615 1737 2229
          1737 1615 1738 2353 1615 2229
          2230 2353 1615 1737 2229 2353
          2229 1737 2352 2353 1615 1616
          1739 2231 1738 1615 1739 2353
          1739 1615 2231 2353 1615 2230
          2231 2353 2231 1739 2353 2354
          1616 1617 1739 2231 1739 1617
          1740 2355 1617 2231 2232 2355
          1617 1739 2231 2355 2231 1739
          2354 2355 1617 1618 1741 2233
          1740 1617 1741 2355 1741 1617
          2233 2355 1617 2232 2233 2355
          2233 1741 2355 2356 1618 1619
          1741 2233 1741 1619 1742 2357
          1619 2233 2234 2357 1619 1741
          2233 2357 2233 1741 2356 2357
          1619 1620 1743 2235 1742 1619
          1743 2357 1743 1619 2235 2357
          1619 2234 2235 2357 2235 1743
          2357 2358 1620 1621 1743 2235
          1743 1621 1744 2359 1621 2235
          2236 2359 1621 1743 2235 2359
          2235 1743 2358 2359 1621 1622
          1745 2237 1744 1621 1745 2359
          1745 1621 2237 2359 1621 2236
          2237 2359 2237 1745 2359 2360
          1622 1623 1745 2237 1745 1623
          1746 2361 1623 2237 2238 2361
          1623 1745 2237 2361 2237 1745
          2360 2361 1623 1624 1747 2239
          1746 1623 1747 2361 1747 1623
          2239 2361 1623 2238 2239 2361
          2239 1747 2361 2362 1624 1625
          1747 2239 1747 1625 1748 2363
          1625 2239 2240 2363 1625 1747
          2239 2363 2239 1747 2362 2363
          1625 1626 1749 2241 1748 1625
          1749 2363 1749 1625 2241 2363
          1625 2240 2241 2363 2241 1749
          2363 2364 1626 1627 1749 2241
          1749 1627 1750 2365 1627 2241
          2242 2365 1627 1749 2241 2365
          2241 1749 2364 2365 1627 1628
          1751 2243 1750 1627 1751 2365
          1751 1627 2243 2365 1627 2242
          2243 2365 2243 1751 2365 2366
          1628 1629 1751 2243 1751 1629
          1752 2367 1629 2243 2244 2367
          1629 1751 2243 2367 2243 1751
          2366 2367 1629 1630 1753 2245
          1752 1629 1753 2367 1753 1629
          2245 2367 1629 2244 2245 2367
          2245 1753 2367 2368 1630 1631
          1753 2245 1753 1631 1754 2369
          1631 2245 2246 2369 1631 1753
          2245 2369 2245 1753 2368 2369
          1631 1632 1755 2247 1754 1631
          1755 2369 1755 1631 2247 2369
          1631 2246 2247 2369 2247 1755
          2369 2370 1632 1633 1755 2247
          1755 1633 1756 2371 1633 2247
          2248 2371 1633 1755 2247 2371
          2247 1755 2370 2371 1633 1634
          1757 2249 1756 1633 1757 2371
          1757 1633 2249 2371 1633 2248
          2249 2371 2249 1757 2371 2372
          1634 1635 1757 2249 1757 1635
          1758 2373 1635 2249 2250 2373
          1635 1757 2249 2373 2249 1757
          2372 2373 1635 1636 1759 2251
          1758 1635 1759 2373 1759 1635
          2251 2373 1635 2250 2251 2373
          2251 1759 2373 2374 1636 1637
          1759 2251 1759 1637 1760 2375
          1637 2251 2252 2375 1637 1759
          2251 2375 2251 1759 2374 2375
          1637 1638 1761 2253 1760 1637
          1761 2375 1761 1637 2253 2375
          1637 2252 2253 2375 2253 1761
          2375 2376 1638 1639 1761 2253
          1761 1639 1762 2377 1639 2253
          2254 2377 1639 1761 2253 2377
          2253 1761 2376 2377 1639 1640
          1763 2255 1762 1639 1763 2377
          1763 1639 2255 2377 1639 2254
          2255 2377 2255 1763 2377 2378
          1640 1641 1763 2255 1763 1641
          1764 2379 1641 2255 2256 2379
          1641 1763 2255 2379 2255 1763
          2378 2379 1641 1642 1765 2257
          1764 1641 1765 2379 1765 1641
          2257 2379 1641 2256 2257 2379
          2257 1765 2379 2380 1642 1643
          1765 2257 1765 1643 1766 2381
          1643 2257 2258 2381 1643 1765
          2257 2381 2257 1765 2380 2381
          1643 1644 1767 2259 1766 1643
          1767 2381 1767 1643 2259 2381
          1643 2258 2259 2381 2259 1767
          2381 2382 1644 1645 1767 2259
          1767 1645 1768 2383 1645 2259
          2260 2383 1645 1767 2259 2383
          2259 1767 2382 2383 1645 1646
          1769 2261 1768 1645 1769 2383
          1769 1645 2261 2383 1645 2260
          2261 2383 2261 1769 2383 2384
          1646 1647 1769 2261 1769 1647
          1770 2385 1647 2261 2262 2385
          1647 1769 2261 2385 2261 1769
          2384 2385 1647 1648 1771 2263
          1770 1647 1771 2385 1771 1647
          2263 2385 1647 2262 2263 2385
          2263 1771 2385 2386 1648 1649
          1771 2263 1771 1649 1772 2387
          1649 2263 2264 2387 1649 1771
          2263 2387 2263 1771 2386 2387
          1649 1650 1773 2265 1772 1649
          1773 2387 1773 1649 2265 2387
          1649 2264 2265 2387 2265 1773
          2387 2388 1650 1651 1773 2265
          1773 1651 1774 2389 1651 2265
          2266 2389 1651 1773 2265 2389
          2265 1773 2388 2389 1651 1652
          1775 2267 1774 1651 1775 2389
          1775 1651 2267 2389 1651 2266
          2267 2389 2267 1775 2389 2390
          1652 1653 1775 2267 1775 1653
          1776 2391 1653 2267 2268 2391
          1653 1775 2267 2391 2267 1775
          2390 2391 1653 1654 1777 2269
          1776 1653 1777 2391 1777 1653
          2269 2391 1653 2268 2269 2391
          2269 1777 2391 2392 1654 1655
          1777 2269 1777 1655 1778 2393
          1655 2269 2270 2393 1655 1777
          2269 2393 2269 1777 2392 2393
          1655 1656 1779 2271 1778 1655
          1779 2393 1779 1655 2271 2393
          1655 2270 2271 2393 2271 1779
          2393 2394 1656 1657 1779 2271
          1779 1657 1780 2395 1657 2271
          2272 2395 1657 1779 2271 2395
          2271 1779 2394 2395 1657 1658
          1781 2273 1780 1657 1781 2395
          1781 1657 2273 2395 1657 2272
          2273 2395 2273 1781 2395 2396
          1658 1659 1781 2273 1781 1659
          1782 2397 1659 2273 2274 2397
          1659 1781 2273 2397 2273 1781
          2396 2397 1659 1660 1783 2275
          1782 1659 1783 2397 1783 1659
          2275 2397 1659 2274 2275 2397
          2275 1783 2397 2398 1660 1661
          1783 2275 1783 1661 1784 2399
          1661 2275 2276 2399 1661 1783
          2275 2399 2275 1783 2398 2399
          1661 1662 1785 2277 1784 1661
          1785 2399 1785 1661 2277 2399
          1661 2276 2277 2399 2277 1785
          2399 2400 1662 1663 1785 2277
          1785 1663 1786 2401 1663 2277
          2278 2401 1663 1785 2277 2401
          2277 1785 2400 2401 1663 1664
          1787 2279 1786 1663 1787 2401
          1787 1663 2279 2401 1663 2278
          2279 2401 2279 1787 2401 2402
          1664 1665 1787 2279 1787 1665
          1788 2403 1665 2279 2280 2403
          1665 1787 2279 2403 2279 1787
          2402 2403 1665 1666 1789 2281
          1788 1665 1789 2403 1789 1665
          2281 2403 1665 2280 2281 2403
          2281 1789 2403 2404 1666 1667
          1789 2281 1789 1667 1790 2405
          1667 2281 2282 2405 1667 1789
          2281 2405 2281 1789 2404 2405
          1667 1668 1791 2283 1790 1667
          1791 2405 1791 1667 2283 2405
          1667 2282 2283 2405 2283 1791
          2405 2406 1668 1669 1791 2283
          1791 1669 1792 2407 1669 2283
          2284 2407 1669 1791 2283 2407
          2283 1791 2406 2407 1669 1670
          1793 2285 1792 1669 1793 2407
          1793 1669 2285 2407 1669 2284
          2285 2407 2285 1793 2407 2408
          1670 1671 1793 2285 1793 1671
          1794 2409 1671 2285 2286 2409
          1671 1793 2285 2409 2285 1793
          2408 2409 1671 1672 1795 2287
          1794 1671 1795 2409 1795 1671
          2287 2409 1671 2286 2287 2409
          2287 1795 2409 2410 1672 1673
          1795 2287 1795 1673 1796 2411
          1673 2287 2288 2411 1673 1795
          2287 2411 2287 1795 2410 2411
          1673 1674 1797 2289 1796 1673
          1797 2411 1797 1673 2289 2411
          1673 2288 2289 2411 2289 1797
          2411 2412 1674 1675 1797 2289
          1797 1675 1798 2413 1675 2289
          2290 2413 1675 1797 2289 2413
          2289 1797 2412 2413 1675 1676
          1799 2291 1798 1675 1799 2413
          1799 1675 2291 2413 1675 2290
          2291 2413 2291 1799 2413 2414
          1676 1677 1799 2291 1799 1677
          1800 2415 1677 2291 2292 2415
          1677 1799 2291 2415 2291 1799
          2414 2415 1677 1678 1801 2293
          1800 1677 1801 2415 1801 1677
          2293 2415 1677 2292 2293 2415
          2293 1801 2415 2416 1678 1679
          1801 2293 1801 1679 1802 2417
          1679 2293 2294 2417 1679 1801
          2293 2417 2293 1801 2416 2417
          1679 1680 1803 2295 1802 1679
          1803 2417 1803 1679 2295 2417
          1679 2294 2295 2417 2295 1803
          2417 2418 1680 1681 1803 2295
          1803 1681 1804 2419 1681 2295
          2296 2419 1681 1803 2295 2419
          2295 1803 2418 2419 1681 1682
          1805 2297 1804 1681 1805 2419
          1805 1681 2297 2419 1681 2296
          2297 2419 2297 1805 2419 2420
          1682 1683 1805 2297 1805 1683
          1806 2421 1683 2297 2298 2421
          1683 1805 2297 2421 2297 1805
          2420 2421 1683 1684 1807 2299
          1806 1683 1807 2421 1807 1683
          2299 2421 1683 2298 2299 2421
          2299 1807 2421 2422 1684 1685
          1807 2299 1807 1685 1808 2423
          1685 2299 2300 2423 1685 1807
          2299 2423 2299 1807 2422 2423
          1685 1686 1809 2301 1808 1685
          1809 2423 1809 1685 2301 2423
          1685 2300 2301 2423 2301 1809
          2423 2424 1686 1687 1809 2301
          1809 1687 1810 2425 1687 2301
          2302 2425 1687 1809 2301 2425
          2301 1809 2424 2425 1687 1688
          1811 2303 1810 1687 1811 2425
          1811 1687 2303 2425 1687 2302
          2303 2425 2303 1811 2425 2426
          1688 1689 1811 2303 1811 1689
          1812 2427 1689 2303 2304 2427
          1689 1811 2303 2427 2303 1811
          2426 2427 1689 1690 1813 2305
          1812 1689 1813 2427 1813 1689
          2305 2427 1689 2304 2305 2427
          2305 1813 2427 2428 1690 1691
          1813 2305 1813 1691 1814 2429
          1691 2305 2306 2429 1691 1813
          2305 2429 2305 1813 2428 2429
          1691 1692 1815 2307 1814 1691
          1815 2429 1815 1691 2307 2429
          1691 2306 2307 2429 2307 1815
          2429 2430 1692 1693 1815 2307
          1815 1693 1816 2431 1693 2307
          2308 2431 1693 1815 2307 2431
          2307 1815 2430 2431 1693 1694
          1817 2309 1816 1693 1817 2431
          1817 1693 2309 2431 1693 2308
          2309 2431 2309 1817 2431 2432
          1694 1695 1817 2309 1817 1695
          1818 2433 1695 2309 2310 2433
          1695 1817 2309 2433 2309 1817
          2432 2433 1695 1696 1819 2311
          1818 1695 1819 2433 1819 1695
          2311 2433 1695 2310 2311 2433
          2311 1819 2433 2434 1696 1697
          1819 2311 1819 1697 1820 2435
          1697 2311 2312 2435 1697 1819
          2311 2435 2311 1819 2434 2435
          1697 1698 1821 2313 1820 1697
          1821 2435 1821 1697 2313 2435
          1697 2312 2313 2435 2313 1821
          2435 2436 1698 1699 1821 2313
          1821 1699 1822 2437 1699 2313
          2314 2437 1699 1821 2313 2437
          2313 1821 2436 2437 1699 1700
          1823 2315 1822 1699 1823 2437
          1823 1699 2315 2437 1699 2314
          2315 2437 2315 1823 2437 2438
          1700 1701 1823 2315 1823 1701
          1824 2439 1701 2315 2316 2439
          1701 1823 2315 2439 2315 1823
          2438 2439 1701 1702 1825 2317
          1824 1701 1825 2439 1825 1701
          2317 2439 1701 2316 2317 2439
          2317 1825 2439 2440 1702 1703
          1825 2317 1825 1703 1826 2441
          1703 2317 2318 2441 1703 1825
          2317 2441 2317 1825 2440 2441
          1703 1704 1827 2319 1826 1703
          1827 2441 1827 1703 2319 2441
          1703 2318 2319 2441 2319 1827
          2441 2442 1704 1705 1827 2319
          1827 1705 1828 2443 1705 2319
          2320 2443 1705 1827 2319 2443
          2319 1827 2442 2443 1705 1706
          1829 2321 1828 1705 1829 2443
          1829 1705 2321 2443 1705 2320
          2321 2443 2321 1829 2443 2444
          1706 1707 1829 2321 1829 1707
          1830 2445 1707 2321 2322 2445
          1707 1829 2321 2445 2321 1829
          2444 2445 1707 1708 1831 2323
          1830 1707 1831 2445 1831 1707
          2323 2445 1707 2322 2323 2445
          2323 1831 2445 2446 1708 1709
          1831 2323 1831 1709 1832 2447
          1709 2323 2324 2447 1709 1831
          2323 2447 2323 1831 2446 2447
          1709 1710 1833 2325 1832 1709
          1833 2447 1833 1709 2325 2447
          1709 2324 2325 2447 2325 1833
          2447 2448 1710 1711 1833 2325
          1833 1711 1834 2449 1711 2325
          2326 2449 1711 1833 2325 2449
          2325 1833 2448 2449 1711 1712
          1835 2327 1834 1711 1835 2449
          1835 1711 2327 2449 1711 2326
          2327 2449 2327 1835 2449 2450
          1712 1713 1835 2327 1835 1713
          1836 2451 1713 2327 2328 2451
          1713 1835 2327 2451 2327 1835
          2450 2451 1713 1714 1837 2329
          1836 1713 1837 2451 1837 1713
          2329 2451 1713 2328 2329 2451
          2329 1837 2451 2452 1714 1715
          1837 2329 1837 1715 1838 2453
          1715 2329 2330 2453 1715 1837
          2329 2453 2329 1837 2452 2453
          1715 1716 1839 2331 1838 1715
          1839 2453 1839 1715 2331 2453
          1715 2330 2331 2453 2331 1839
          2453 2454 1716 1717 1839 2331
          1839 1717 1840 2455 1717 2331
          2332 2455 1717 1839 2331 2455
          2331 1839 2454 2455 1717 1718
          1841 2333 1840 1717 1841 2455
          1841 1717 2333 2455 1717 2332
          2333 2455 2333 1841 2455 2456
          1718 1719 1841 2333 1841 1719
          1842 2457 1719 2333 2334 2457
          1719 1841 2333 2457 2333 1841
          2456 2457 1719 1720 1843 2335
          1842 1719 1843 2457 1843 1719
          2335 2457 1719 2334 2335 2457
          2335 1843 2457 2458 1720 1721
          1843 2335 1843 1721 1844 2459
          1721 2335 2336 2459 1721 1843
          2335 2459 2335 1843 2458 2459
          1845 1846 1969 2461 1968 1845
          1969 2583 1969 1845 2461 2583
          1845 2460 2461 2583 2461 1969
          2583 2584 1846 1847 1969 2461
          1969 1847 1970 2585 1847 2461
          2462 2585 1847 1969 2461 2585
          2461 1969 2584 2585 1847 1848
          1971 2463 1970 1847 1971 2585
          1971 1847 2463 2585 1847 2462
          2463 2585 2463 1971 2585 2586
          1848 1849 1971 2463 1971 1849
          1972 2587 1849 2463 2464 2587
          1849 1971 2463 2587 2463 1971
          2586 2587 1849 1850 1973 2465
          1972 1849 1973 2587 1973 1849
          2465 2587 1849 2464 2465 2587
          2465 1973 2587 2588 1850 1851
          1973 2465 1973 1851 1974 2589
          1851 2465 2466 2589 1851 1973
          2465 2589 2465 1973 2588 2589
          1851 1852 1975 2467 1974 1851
          1975 2589 1975 1851 2467 2589
          1851 2466 2467 2589 2467 1975
          2589 2590 1852 1853 1975 2467
          1975 1853 1976 2591 1853 2467
          2468 2591 1853 1975 2467 2591
          2467 1975 2590 2591 1853 1854
          1977 2469 1976 1853 1977 2591
          1977 1853 2469 2591 1853 2468
          2469 2591 2469 1977 2591 2592
          1854 1855 1977 2469 1977 1855
          1978 2593 1855 2469 2470 2593
          1855 1977 2469 2593 2469 1977
          2592 2593 1855 1856 1979 2471
          1978 1855 1979 2593 1979 1855
          2471 2593 1855 2470 2471 2593
          2471 1979 2593 2594 1856 1857
          1979 2471 1979 1857 1980 2595
          1857 2471 2472 2595 1857 1979
          2471 2595 2471 1979 2594 2595
          1857 1858 1981 2473 1980 1857
          1981 2595 1981 1857 2473 2595
          1857 2472 2473 2595 2473 1981
          2595 2596 1858 1859 1981 2473
          1981 1859 1982 2597 1859 2473
          2474 2597 1859 1981 2473 2597
          2473 1981 2596 2597 1859 1860
          1983 2475 1982 1859 1983 2597
          1983 1859 2475 2597 1859 2474
          2475 2597 2475 1983 2597 2598
          1860 1861 1983 2475 1983 1861
          1984 2599 1861 2475 2476 2599
          1861 1983 2475 2599 2475 1983
          2598 2599 1861 1862 1985 2477
          1984 1861 1985 2599 1985 1861
          2477 2599 1861 2476 2477 2599
          2477 1985 2599 2600 1862 1863
          1985 2477 1985 1863 1986 2601
          1863 2477 2478 2601 1863 1985
          2477 2601 2477 1985 2600 2601
          1863 1864 1987 2479 1986 1863
          1987 2601 1987 1863 2479 2601
          1863 2478 2479 2601 2479 1987
          2601 2602 1864 1865 1987 2479
          1987 1865 1988 2603 1865 2479
          2480 2603 1865 1987 2479 2603
          2479 1987 2602 2603 1865 1866
          1989 2481 1988 1865 1989 2603
          1989 1865 2481 2603 1865 2480
          2481 2603 2481 1989 2603 2604
          1866 1867 1989 2481 1989 1867
          1990 2605 1867 2481 2482 2605
          1867 1989 2481 2605 2481 1989
          2604 2605 1867 1868 1991 2483
          1990 1867 1991 2605 1991 1867
          2483 2605 1867 2482 2483 2605
          2483 1991 2605 2606 1868 1869
          1991 2483 1991 1869 1992 2607
          1869 2483 2484 2607 1869 1991
          2483 2607 2483 1991 2606 2607
          1869 1870 1993 2485 1992 1869
          1993 2607 1993 1869 2485 2607
          1869 2484 2485 2607 2485 1993
          2607 2608 1870 1871 1993 2485
          1993 1871 1994 2609 1871 2485
          2486 2609 1871 1993 2485 2609
          2485 1993 2608 2609 1871 1872
          1995 2487 1994 1871 1995 2609
          1995 1871 2487 2609 1871 2486
          2487 2609 2487 1995 2609 2610
          1872 1873 1995 2487 1995 1873
          1996 2611 1873 2487 2488 2611
          1873 1995 2487 2611 2487 1995
          2610 2611 1873 1874 1997 2489
          1996 1873 1997 2611 1997 1873
          2489 2611 1873 2488 2489 2611
          2489 1997 2611 2612 1874 1875
          1997 2489 1997 1875 1998 2613
          1875 2489 2490 2613 1875 1997
          2489 2613 2489 1997 2612 2613
          1875 1876 1999 2491 1998 1875
          1999 2613 1999 1875 2491 2613
          1875 2490 2491 2613 2491 1999
          2613 2614 1876 1877 1999 2491
          1999 1877 2000 2615 1877 2491
          2492 2615 1877 1999 2491 2615
          2491 1999 2614 2615 1877 1878
          2001 2493 2000 1877 2001 2615
          2001 1877 2493 2615 1877 2492
          2493 2615 2493 2001 2615 2616
          1878 1879 2001 2493 2001 1879
          2002 2617 1879 2493 2494 2617
          1879 2001 2493 2617 2493 2001
          2616 2617 1879 1880 2003 2495
          2002 1879 2003 2617 2003 1879
          2495 2617 1879 2494 2495 2617
          2495 2003 2617 2618 1880 1881
          2003 2495 2003 1881 2004 2619
          1881 2495 2496 2619 1881 2003
          2495 2619 2495 2003 2618 2619
          1881 1882 2005 2497 2004 1881
          2005 2619 2005 1881 2497 2619
          1881 2496 2497 2619 2497 2005
          2619 2620 1882 1883 2005 2497
          2005 1883 2006 2621 1883 2497
          2498 2621 1883 2005 2497 2621
          2497 2005 2620 2621 1883 1884
          2007 2499 2006 1883 2007 2621
          2007 1883 2499 2621 1883 2498
          2499 2621 2499 2007 2621 2622
          1884 1885 2007 2499 2007 1885
          2008 2623 1885 2499 2500 2623
          1885 2007 2499 2623 2499 2007
          2622 2623 1885 1886 2009 2501
          2008 1885 2009 2623 2009 1885
          2501 2623 1885 2500 2501 2623
          2501 2009 2623 2624 1886 1887
          2009 2501 2009 1887 2010 2625
          1887 2501 2502 2625 1887 2009
          2501 2625 2501 2009 2624 2625
          1887 1888 2011 2503 2010 1887
          2011 2625 2011 1887 2503 2625
          1887 2502 2503 2625 2503 2011
          2625 2626 1888 1889 2011 2503
          2011 1889 2012 2627 1889 2503
          2504 2627 1889 2011 2503 2627
          2503 2011 2626 2627 1889 1890
          2013 2505 2012 1889 2013 2627
          2013 1889 2505 2627 1889 2504
          2505 2627 2505 2013 2627 2628
          1890 1891 2013 2505 2013 1891
          2014 2629 1891 2505 2506 2629
          1891 2013 2505 2629 2505 2013
          2628 2629 1891 1892 2015 2507
          2014 1891 2015 2629 2015 1891
          2507 2629 1891 2506 2507 2629
          2507 2015 2629 2630 1892 1893
          2015 2507 2015 1893 2016 2631
          1893 2507 2508 2631 1893 2015
          2507 2631 2507 2015 2630 2631
          1893 1894 2017 2509 2016 1893
          2017 2631 2017 1893 2509 2631
          1893 2508 2509 2631 2509 2017
          2631 2632 1894 1895 2017 2509
          2017 1895 2018 2633 1895 2509
          2510 2633 1895 2017 2509 2633
          2509 2017 2632 2633 1895 1896
          2019 2511 2018 1895 2019 2633
          2019 1895 2511 2633 1895 2510
          2511 2633 2511 2019 2633 2634
          1896 1897 2019 2511 2019 1897
          2020 2635 1897 2511 2512 2635
          1897 2019 2511 2635 2511 2019
          2634 2635 1897 1898 2021 2513
          2020 1897 2021 2635 2021 1897
          2513 2635 1897 2512 2513 2635
          2513 2021 2635 2636 1898 1899
          2021 2513 2021 1899 2022 2637
          1899 2513 2514 2637 1899 2021
          2513 2637 2513 2021 2636 2637
          1899 1900 2023 2515 2022 1899
          2023 2637 2023 1899 2515 2637
          1899 2514 2515 2637 2515 2023
          2637 2638 1900 1901 2023 2515
          2023 1901 2024 2639 1901 2515
          2516 2639 1901 2023 2515 2639
          2515 2023 2638 2639 1901 1902
          2025 2517 2024 1901 2025 2639
          2025 1901 2517 2639 1901 2516
          2517 2639 2517 2025 2639 2640
          1902 1903 2025 2517 2025 1903
          2026 2641 1903 2517 2518 2641
          1903 2025 2517 2641 2517 2025
          2640 2641 1903 1904 2027 2519
          2026 1903 2027 2641 2027 1903
          2519 2641 1903 2518 2519 2641
          2519 2027 2641 2642 1904 1905
          2027 2519 2027 1905 2028 2643
          1905 2519 2520 2643 1905 2027
          2519 2643 2519 2027 2642 2643
          1905 1906 2029 2521 2028 1905
          2029 2643 2029 1905 2521 2643
          1905 2520 2521 2643 2521 2029
          2643 2644 1906 1907 2029 2521
          2029 1907 2030 2645 1907 2521
          2522 2645 1907 2029 2521 2645
          2521 2029 2644 2645 1907 1908
          2031 2523 2030 1907 2031 2645
          2031 1907 2523 2645 1907 2522
          2523 2645 2523 2031 2645 2646
          1908 1909 2031 2523 2031 1909
          2032 2647 1909 2523 2524 2647
          1909 2031 2523 2647 2523 2031
          2646 2647 1909 1910 2033 2525
          2032 1909 2033 2647 2033 1909
          2525 2647 1909 2524 2525 2647
          2525 2033 2647 2648 1910 1911
          2033 2525 2033 1911 2034 2649
          1911 2525 2526 2649 1911 2033
          2525 2649 2525 2033 2648 2649
          1911 1912 2035 2527 2034 1911
          2035 2649 2035 1911 2527 2649
          1911 2526 2527 2649 2527 2035
          2649 2650 1912 1913 2035 2527
          2035 1913 2036 2651 1913 2527
          2528 2651 1913 2035 2527 2651
          2527 2035 2650 2651 1913 1914
          2037 2529 2036 1913 2037 2651
          2037 1913 2529 2651 1913 2528
          2529 2651 2529 2037 2651 2652
          1914 1915 2037 2529 2037 1915
          2038 2653 1915 2529 2530 2653
          1915 2037 2529 2653 2529 2037
          2652 2653 1915 1916 2039 2531
          2038 1915 2039 2653 2039 1915
          2531 2653 1915 2530 2531 2653
          2531 2039 2653 2654 1916 1917
          2039 2531 2039 1917 2040 2655
          1917 2531 2532 2655 1917 2039
          2531 2655 2531 2039 2654 2655
          1917 1918 2041 2533 2040 1917
          2041 2655 2041 1917 2533 2655
          1917 2532 2533 2655 2533 2041
          2655 2656 1918 1919 2041 2533
          2041 1919 2042 2657 1919 2533
          2534 2657 1919 2041 2533 2657
          2533 2041 2656 2657 1919 1920
          2043 2535 2042 1919 2043 2657
          2043 1919 2535 2657 1919 2534
          2535 2657 2535 2043 2657 2658
          1920 1921 2043 2535 2043 1921
          2044 2659 1921 2535 2536 2659
          1921 2043 2535 2659 2535 2043
          2658 2659 1921 1922 2045 2537
          2044 1921 2045 2659 2045 1921
          2537 2659 1921 2536 2537 2659
          2537 2045 2659 2660 1922 1923
          2045 2537 2045 1923 2046 2661
          1923 2537 2538 2661 1923 2045
          2537 2661 2537 2045 2660 2661
          1923 1924 2047 2539 2046 1923
          2047 2661 2047 1923 2539 2661
          1923 2538 2539 2661 2539 2047
          2661 2662 1924 1925 2047 2539
          2047 1925 2048 2663 1925 2539
          2540 2663 1925 2047 2539 2663
          2539 2047 2662 2663 1925 1926
          2049 2541 2048 1925 2049 2663
          2049 1925 2541 2663 1925 2540
          2541 2663 2541 2049 2663 2664
          1926 1927 2049 2541 2049 1927
          2050 2665 1927 2541 2542 2665
          1927 2049 2541 2665 2541 2049
          2664 2665 1927 1928 2051 2543
          2050 1927 2051 2665 2051 1927
          2543 2665 1927 2542 2543 2665
          2543 2051 2665 2666 1928 1929
          2051 2543 2051 1929 2052 2667
          1929 2543 2544 2667 1929 2051
          2543 2667 2543 2051 2666 2667
          1929 1930 2053 2545 2052 1929
          2053 2667 2053 1929 2545 2667
          1929 2544 2545 2667 2545 2053
          2667 2668 1930 1931 2053 2545
          2053 1931 2054 2669 1931 2545
          2546 2669 1931 2053 2545 2669
          2545 2053 2668 2669 1931 1932
          2055 2547 2054 1931 2055 2669
          2055 1931 2547 2669 1931 2546
          2547 2669 2547 2055 2669 2670
          1932 1933 2055 2547 2055 1933
          2056 2671 1933 2547 2548 2671
          1933 2055 2547 2671 2547 2055
          2670 2671 1933 1934 2057 2549
          2056 1933 2057 2671 2057 1933
          2549 2671 1933 2548 2549 2671
          2549 2057 2671 2672 1934 1935
          2057 2549 2057 1935 2058 2673
          1935 2549 2550 2673 1935 2057
          2549 2673 2549 2057 2672 2673
          1935 1936 2059 2551 2058 1935
          2059 2673 2059 1935 2551 2673
          1935 2550 2551 2673 2551 2059
          2673 2674 1936 1937 2059 2551
          2059 1937 2060 2675 1937 2551
          2552 2675 1937 2059 2551 2675
          2551 2059 2674 2675 1937 1938
          2061 2553 2060 1937 2061 2675
          2061 1937 2553 2675 1937 2552
          2553 2675 2553 2061 2675 2676
          1938 1939 2061 2553 2061 1939
          2062 2677 1939 2553 2554 2677
          1939 2061 2553 2677 2553 2061
          2676 2677 1939 1940 2063 2555
          2062 1939 2063 2677 2063 1939
          2555 2677 1939 2554 2555 2677
          2555 2063 2677 2678 1940 1941
          2063 2555 2063 1941 2064 2679
          1941 2555 2556 2679 1941 2063
          2555 2679 2555 2063 2678 2679
          1941 1942 2065 2557 2064 1941
          2065 2679 2065 1941 2557 2679
          1941 2556 2557 2679 2557 2065
          2679 2680 1942 1943 2065 2557
          2065 1943 2066 2681 1943 2557
          2558 2681 1943 2065 2557 2681
          2557 2065 2680 2681 1943 1944
          2067 2559 2066 1943 2067 2681
          2067 1943 2559 2681 1943 2558
          2559 2681 2559 2067 2681 2682
          1944 1945 2067 2559 2067 1945
          2068 2683 1945 2559 2560 2683
          1945 2067 2559 2683 2559 2067
          2682 2683 1945 1946 2069 2561
          2068 1945 2069 2683 2069 1945
          2561 2683 1945 2560 2561 2683
          2561 2069 2683 2684 1946 1947
          2069 2561 2069 1947 2070 2685
          1947 2561 2562 2685 1947 2069
          2561 2685 2561 2069 2684 2685
          1947 1948 2071 2563 2070 1947
          2071 2685 2071 1947 2563 2685
          1947 2562 2563 2685 2563 2071
          2685 2686 1948 1949 2071 2563
          2071 1949 2072 2687 1949 2563
          2564 2687 1949 2071 2563 2687
          2563 2071 2686 2687 1949 1950
          2073 2565 2072 1949 2073 2687
          2073 1949 2565 2687 1949 2564
          2565 2687 2565 2073 2687 2688
          1950 1951 2073 2565 2073 1951
          2074 2689 1951 2565 2566 2689
          1951 2073 2565 2689 2565 2073
          2688 2689 1951 1952 2075 2567
          2074 1951 2075 2689 2075 1951
          2567 2689 1951 2566 2567 2689
          2567 2075 2689 2690 1952 1953
          2075 2567 2075 1953 2076 2691
          1953 2567 2568 2691 1953 2075
          2567 2691 2567 2075 2690 2691
          1953 1954 2077 2569 2076 1953
          2077 2691 2077 1953 2569 2691
          1953 2568 2569 2691 2569 2077
          2691 2692 1954 1955 2077 2569
          2077 1955 2078 2693 1955 2569
          2570 2693 1955 2077 2569 2693
          2569 2077 2692 2693 1955 1956
          2079 2571 2078 1955 2079 2693
          2079 1955 2571 2693 1955 2570
          2571 2693 2571 2079 2693 2694
          1956 1957 2079 2571 2079 1957
          2080 2695 1957 2571 2572 2695
          1957 2079 2571 2695 2571 2079
          2694 2695 1957 1958 2081 2573
          2080 1957 2081 2695 2081 1957
          2573 2695 1957 2572 2573 2695
          2573 2081 2695 2696 1958 1959
          2081 2573 2081 1959 2082 2697
          1959 2573 2574 2697 1959 2081
          2573 2697 2573 2081 2696 2697
          1959 1960 2083 2575 2082 1959
          2083 2697 2083 1959 2575 2697
          1959 2574 2575 2697 2575 2083
          2697 2698 1960 1961 2083 2575
          2083 1961 2084 2699 1961 2575
          2576 2699 1961 2083 2575 2699
          2575 2083 2698 2699 1961 1962
          2085 2577 2084 1961 2085 2699
          2085 1961 2577 2699 1961 2576
          2577 2699 2577 2085 2699 2700
          1962 1963 2085 2577 2085 1963
          2086 2701 1963 2577 2578 2701
          1963 2085 2577 2701 2577 2085
          2700 2701 1963 1964 2087 2579
          2086 1963 2087 2701 2087 1963
          2579 2701 1963 2578 2579 2701
          2579 2087 2701 2702 1964 1965
          2087 2579 2087 1965 2088 2703
          1965 2579 2580 2703 1965 2087
          2579 2703 2579 2087 2702 2703
          1965 1966 2089 2581 2088 1965
          2089 2703 2089 1965 2581 2703
          1965 2580 2581 2703 2581 2089
          2703 2704 1966 1967 2089 2581
          2089 1967 2090 2705 1967 2581
          2582 2705 1967 2089 2581 2705
          2581 2089 2704 2705 1968 1969
          2091 2583 2091 1969 2092 2707
          1969 2583 2584 2707 1969 2091
          2583 2707 2583 2091 2706 2707
          1969 1970 2093 2585 2092 1969
          2093 2707 2093 1969 2585 2707
          1969 2584 2585 2707 2585 2093
          2707 2708 1970 1971 2093 2585
          2093 1971 2094 2709 1971 2585
          2586 2709 1971 2093 2585 2709
          2585 2093 2708 2709 1971 1972
          2095 2587 2094 1971 2095 2709
          2095 1971 2587 2709 1971 2586
          2587 2709 2587 2095 2709 2710
          1972 1973 2095 2587 2095 1973
          2096 2711 1973 2587 2588 2711
          1973 2095 2587 2711 2587 2095
          2710 2711 1973 1974 2097 2589
          2096 1973 2097 2711 2097 1973
          2589 2711 1973 2588 2589 2711
          2589 2097 2711 2712 1974 1975
          2097 2589 2097 1975 2098 2713
          1975 2589 2590 2713 1975 2097
          2589 2713 2589 2097 2712 2713
          1975 1976 2099 2591 2098 1975
          2099 2713 2099 1975 2591 2713
          1975 2590 2591 2713 2591 2099
          2713 2714 1976 1977 2099 2591
          2099 1977 2100 2715 1977 2591
          2592 2715 1977 2099 2591 2715
          2591 2099 2714 2715 1977 1978
          2101 2593 2100 1977 2101 2715
          2101 1977 2593 2715 1977 2592
          2593 2715 2593 2101 2715 2716
          1978 1979 2101 2593 2101 1979
          2102 2717 1979 2593 2594 2717
          1979 2101 2593 2717 2593 2101
          2716 2717 1979 1980 2103 2595
          2102 1979 2103 2717 2103 1979
          2595 2717 1979 2594 2595 2717
          2595 2103 2717 2718 1980 1981
          2103 2595 2103 1981 2104 2719
          1981 2595 2596 2719 1981 2103
          2595 2719 2595 2103 2718 2719
          1981 1982 2105 2597 2104 1981
          2105 2719 2105 1981 2597 2719
          1981 2596 2597 2719 2597 2105
          2719 2720 1982 1983 2105 2597
          2105 1983 2106 2721 1983 2597
          2598 2721 1983 2105 2597 2721
          2597 2105 2720 2721 1983 1984
          2107 2599 2106 1983 2107 2721
          2107 1983 2599 2721 1983 2598
          2599 2721 2599 2107 2721 2722
          1984 1985 2107 2599 2107 1985
          2108 2723 1985 2599 2600 2723
          1985 2107 2599 2723 2599 2107
          2722 2723 1985 1986 2109 2601
          2108 1985 2109 2723 2109 1985
          2601 2723 1985 2600 2601 2723
          2601 2109 2723 2724 1986 1987
          2109 2601 2109 1987 2110 2725
          1987 2601 2602 2725 1987 2109
          2601 2725 2601 2109 2724 2725
          1987 1988 2111 2603 2110 1987
          2111 2725 2111 1987 2603 2725
          1987 2602 2603 2725 2603 2111
          2725 2726 1988 1989 2111 2603
          2111 1989 2112 2727 1989 2603
          2604 2727 1989 2111 2603 2727
          2603 2111 2726 2727 1989 1990
          2113 2605 2112 1989 2113 2727
          2113 1989 2605 2727 1989 2604
          2605 2727 2605 2113 2727 2728
          1990 1991 2113 2605 2113 1991
          2114 2729 1991 2605 2606 2729
          1991 2113 2605 2729 2605 2113
          2728 2729 1991 1992 2115 2607
          2114 1991 2115 2729 2115 1991
          2607 2729 1991 2606 2607 2729
          2607 2115 2729 2730 1992 1993
          2115 2607 2115 1993 2116 2731
          1993 2607 2608 2731 1993 2115
          2607 2731 2607 2115 2730 2731
          1993 1994 2117 2609 2116 1993
          2117 2731 2117 1993 2609 2731
          1993 2608 2609 2731 2609 2117
          2731 2732 1994 1995 2117 2609
          2117 1995 2118 2733 1995 2609
          2610 2733 1995 2117 2609 2733
          2609 2117 2732 2733 1995 1996
          2119 2611 2118 1995 2119 2733
          2119 1995 2611 2733 1995 2610
          2611 2733 2611 2119 2733 2734
          1996 1997 2119 2611 2119 1997
          2120 2735 1997 2611 2612 2735
          1997 2119 2611 2735 2611 2119
          2734 2735 1997 1998 2121 2613
          2120 1997 2121 2735 2121 1997
          2613 2735 1997 2612 2613 2735
          2613 2121 2735 2736 1998 1999
          2121 2613 2121 1999 2122 2737
          1999 2613 2614 2737 1999 2121
          2613 2737 2613 2121 2736 2737
          1999 2000 2123 2615 2122 1999
          2123 2737 2123 1999 2615 2737
          1999 2614 2615 2737 2615 2123
          2737 2738 2000 2001 2123 2615
          2123 2001 2124 2739 2001 2615
          2616 2739 2001 2123 2615 2739
          2615 2123 2738 2739 2001 2002
          2125 2617 2124 2001 2125 2739
          2125 2001 2617 2739 2001 2616
          2617 2739 2617 2125 2739 2740
          2002 2003 2125 2617 2125 2003
          2126 2741 2003 2617 2618 2741
          2003 2125 2617 2741 2617 2125
          2740 2741 2003 2004 2127 2619
          2126 2003 2127 2741 2127 2003
          2619 2741 2003 2618 2619 2741
          2619 2127 2741 2742 2004 2005
          2127 2619 2127 2005 2128 2743
          2005 2619 2620 2743 2005 2127
          2619 2743 2619 2127 2742 2743
          2005 2006 2129 2621 2128 2005
          2129 2743 2129 2005 2621 2743
          2005 2620 2621 2743 2621 2129
          2743 2744 2006 2007 2129 2621
          2129 2007 2130 2745 2007 2621
          2622 2745 2007 2129 2621 2745
          2621 2129 2744 2745 2007 2008
          2131 2623 2130 2007 2131 2745
          2131 2007 2623 2745 2007 2622
          2623 2745 2623 2131 2745 2746
          2008 2009 2131 2623 2131 2009
          2132 2747 2009 2623 2624 2747
          2009 2131 2623 2747 2623 2131
          2746 2747 2009 2010 2133 2625
          2132 2009 2133 2747 2133 2009
          2625 2747 2009 2624 2625 2747
          2625 2133 2747 2748 2010 2011
          2133 2625 2133 2011 2134 2749
          2011 2625 2626 2749 2011 2133
          2625 2749 2625 2133 2748 2749
          2011 2012 2135 2627 2134 2011
          2135 2749 2135 2011 2627 2749
          2011 2626 2627 2749 2627 2135
          2749 2750 2012 2013 2135 2627
          2135 2013 2136 2751 2013 2627
          2628 2751 2013 2135 2627 2751
          2627 2135 2750 2751 2013 2014
          2137 2629 2136 2013 2137 2751
          2137 2013 2629 2751 2013 2628
          2629 2751 2629 2137 2751 2752
          2014 2015 2137 2629 2137 2015
          2138 2753 2015 2629 2630 2753
          2015 2137 2629 2753 2629 2137
          2752 2753 2015 2016 2139 2631
          2138 2015 2139 2753 2139 2015
          2631 2753 2015 2630 2631 2753
          2631 2139 2753 2754 2016 2017
          2139 2631 2139 2017 2140 2755
          2017 2631 2632 2755 2017 2139
          2631 2755 2631 2139 2754 2755
          2017 2018 2141 2633 2140 2017
          2141 2755 2141 2017 2633 2755
          2017 2632 2633 2755 2633 2141
          2755 2756 2018 2019 2141 2633
          2141 2019 2142 2757 2019 2633
          2634 2757 2019 2141 2633 2757
          2633 2141 2756 2757 2019 2020
          2143 2635 2142 2019 2143 2757
          2143 2019 2635 2757 2019 2634
          2635 2757 2635 2143 2757 2758
          2020 2021 2143 2635 2143 2021
          2144 2759 2021 2635 2636 2759
          2021 2143 2635 2759 2635 2143
          2758 2759 2021 2022 2145 2637
          2144 2021 2145 2759 2145 2021
          2637 2759 2021 2636 2637 2759
          2637 2145 2759 2760 2022 2023
          2145 2637 2145 2023 2146 2761
          2023 2637 2638 2761 2023 2145
          2637 2761 2637 2145 2760 2761
          2023 2024 2147 2639 2146 2023
          2147 2761 2147 2023 2639 2761
          2023 2638 2639 2761 2639 2147
          2761 2762 2024 2025 2147 2639
          2147 2025 2148 2763 2025 2639
          2640 2763 2025 2147 2639 2763
          2639 2147 2762 2763 2025 2026
          2149 2641 2148 2025 2149 2763
          2149 2025 2641 2763 2025 2640
          2641 2763 2641 2149 2763 2764
          2026 2027 2149 2641 2149 2027
          2150 2765 2027 2641 2642 2765
          2027 2149 2641 2765 2641 2149
          2764 2765 2027 2028 2151 2643
          2150 2027 2151 2765 2151 2027
          2643 2765 2027 2642 2643 2765
          2643 2151 2765 2766 2028 2029
          2151 2643 2151 2029 2152 2767
          2029 2643 2644 2767 2029 2151
          2643 2767 2643 2151 2766 2767
          2029 2030 2153 2645 2152 2029
          2153 2767 2153 2029 2645 2767
          2029 2644 2645 2767 2645 2153
          2767 2768 2030 2031 2153 2645
          2153 2031 2154 2769 2031 2645
          2646 2769 2031 2153 2645 2769
          2645 2153 2768 2769 2031 2032
          2155 2647 2154 2031 2155 2769
          2155 2031 2647 2769 2031 2646
          2647 2769 2647 2155 2769 2770
          2032 2033 2155 2647 2155 2033
          2156 2771 2033 2647 2648 2771
          2033 2155 2647 2771 2647 2155
          2770 2771 2033 2034 2157 2649
          2156 2033 2157 2771 2157 2033
          2649 2771 2033 2648 2649 2771
          2649 2157 2771 2772 2034 2035
          2157 2649 2157 2035 2158 2773
          2035 2649 2650 2773 2035 2157
          2649 2773 2649 2157 2772 2773
          2035 2036 2159 2651 2158 2035
          2159 2773 2159 2035 2651 2773
          2035 2650 2651 2773 2651 2159
          2773 2774 2036 2037 2159 2651
          2159 2037 2160 2775 2037 2651
          2652 2775 2037 2159 2651 2775
          2651 2159 2774 2775 2037 2038
          2161 2653 2160 2037 2161 2775
          2161 2037 2653 2775 2037 2652
          2653 2775 2653 2161 2775 2776
          2038 2039 2161 2653 2161 2039
          2162 2777 2039 2653 2654 2777
          2039 2161 2653 2777 2653 2161
          2776 2777 2039 2040 2163 2655
          2162 2039 2163 2777 2163 2039
          2655 2777 2039 2654 2655 2777
          2655 2163 2777 2778 2040 2041
          2163 2655 2163 2041 2164 2779
          2041 2655 2656 2779 2041 2163
          2655 2779 2655 2163 2778 2779
          2041 2042 2165 2657 2164 2041
          2165 2779 2165 2041 2657 2779
          2041 2656 2657 2779 2657 2165
          2779 2780 2042 2043 2165 2657
          2165 2043 2166 2781 2043 2657
          2658 2781 2043 2165 2657 2781
          2657 2165 2780 2781 2043 2044
          2167 2659 2166 2043 2167 2781
          2167 2043 2659 2781 2043 2658
          2659 2781 2659 2167 2781 2782
          2044 2045 2167 2659 2167 2045
          2168 2783 2045 2659 2660 2783
          2045 2167 2659 2783 2659 2167
          2782 2783 2045 2046 2169 2661
          2168 2045 2169 2783 2169 2045
          2661 2783 2045 2660 2661 2783
          2661 2169 2783 2784 2046 2047
          2169 2661 2169 2047 2170 2785
          2047 2661 2662 2785 2047 2169
          2661 2785 2661 2169 2784 2785
          2047 2048 2171 2663 2170 2047
          2171 2785 2171 2047 2663 2785
          2047 2662 2663 2785 2663 2171
          2785 2786 2048 2049 2171 2663
          2171 2049 2172 2787 2049 2663
          2664 2787 2049 2171 2663 2787
          2663 2171 2786 2787 2049 2050
          2173 2665 2172 2049 2173 2787
          2173 2049 2665 2787 2049 2664
          2665 2787 2665 2173 2787 2788
          2050 2051 2173 2665 2173 2051
          2174 2789 2051 2665 2666 2789
          2051 2173 2665 2789 2665 2173
          2788 2789 2051 2052 2175 2667
          2174 2051 2175 2789 2175 2051
          2667 2789 2051 2666 2667 2789
          2667 2175 2789 2790 2052 2053
          2175 2667 2175 2053 2176 2791
          2053 2667 2668 2791 2053 2175
          2667 2791 2667 2175 2790 2791
          2053 2054 2177 2669 2176 2053
          2177 2791 2177 2053 2669 2791
          2053 2668 2669 2791 2669 2177
          2791 2792 2054 2055 2177 2669
          2177 2055 2178 2793 2055 2669
          2670 2793 2055 2177 2669 2793
          2669 2177 2792 2793 2055 2056
          2179 2671 2178 2055 2179 2793
          2179 2055 2671 2793 2055 2670
          2671 2793 2671 2179 2793 2794
          2056 2057 2179 2671 2179 2057
          2180 2795 2057 2671 2672 2795
          2057 2179 2671 2795 2671 2179
          2794 2795 2057 2058 2181 2673
          2180 2057 2181 2795 2181 2057
          2673 2795 2057 2672 2673 2795
          2673 2181 2795 2796 2058 2059
          2181 2673 2181 2059 2182 2797
          2059 2673 2674 2797 2059 2181
          2673 2797 2673 2181 2796 2797
          2059 2060 2183 2675 2182 2059
          2183 2797 2183 2059 2675 2797
          2059 2674 2675 2797 2675 2183
          2797 2798 2060 2061 2183 2675
          2183 2061 2184 2799 2061 2675
          2676 2799 2061 2183 2675 2799
          2675 2183 2798 2799 2061 2062
          2185 2677 2184 2061 2185 2799
          2185 2061 2677 2799 2061 2676
          2677 2799 2677 2185 2799 2800
          2062 2063 2185 2677 2185 2063
          2186 2801 2063 2677 2678 2801
          2063 2185 2677 2801 2677 2185
          2800 2801 2063 2064 2187 2679
          2186 2063 2187 2801 2187 2063
          2679 2801 2063 2678 2679 2801
          2679 2187 2801 2802 2064 2065
          2187 2679 2187 2065 2188 2803
          2065 2679 2680 2803 2065 2187
          2679 2803 2679 2187 2802 2803
          2065 2066 2189 2681 2188 2065
          2189 2803 2189 2065 2681 2803
          2065 2680 2681 2803 2681 2189
          2803 2804 2066 2067 2189 2681
          2189 2067 2190 2805 2067 2681
          2682 2805 2067 2189 2681 2805
          2681 2189 2804 2805 2067 2068
          2191 2683 2190 2067 2191 2805
          2191 2067 2683 2805 2067 2682
          2683 2805 2683 2191 2805 2806
          2068 2069 2191 2683 2191 2069
          2192 2807 2069 2683 2684 2807
          2069 2191 2683 2807 2683 2191
          2806 2807 2069 2070 2193 2685
          2192 2069 2193 2807 2193 2069
          2685 2807 2069 2684 2685 2807
          2685 2193 2807 2808 2070 2071
          2193 2685 2193 2071 2194 2809
          2071 2685 2686 2809 2071 2193
          2685 2809 2685 2193 2808 2809
          2071 2072 2195 2687 2194 2071
          2195 2809 2195 2071 2687 2809
          2071 2686 2687 2809 2687 2195
          2809 2810 2072 2073 2195 2687
          2195 2073 2196 2811 2073 2687
          2688 2811 2073 2195 2687 2811
          2687 2195 2810 2811 2073 2074
          2197 2689 2196 2073 2197 2811
          2197 2073 2689 2811 2073 2688
          2689 2811 2689 2197 2811 2812
          2074 2075 2197 2689 2197 2075
          2198 2813 2075 2689 2690 2813
          2075 2197 2689 2813 2689 2197
          2812 2813 2075 2076 2199 2691
          2198 2075 2199 2813 2199 2075
          2691 2813 2075 2690 2691 2813
          2691 2199 2813 2814 2076 2077
          2199 2691 2199 2077 2200 2815
          2077 2691 2692 2815 2077 2199
          2691 2815 2691 2199 2814 2815
          2077 2078 2201 2693 2200 2077
          2201 2815 2201 2077 2693 2815
          2077 2692 2693 2815 2693 2201
          2815 2816 2078 2079 2201 2693
          2201 2079 2202 2817 2079 2693
          2694 2817 2079 2201 2693 2817
          2693 2201 2816 2817 2079 2080
          2203 2695 2202 2079 2203 2817
          2203 2079 2695 2817 2079 2694
          2695 2817 2695 2203 2817 2818
          2080 2081 2203 2695 2203 2081
          2204 2819 2081 2695 2696 2819
          2081 2203 2695 2819 2695 2203
          2818 2819 2081 2082 2205 2697
          2204 2081 2205 2819 2205 2081
          2697 2819 2081 2696 2697 2819
          2697 2205 2819 2820 2082 2083
          2205 2697 2205 2083 2206 2821
          2083 2697 2698 2821 2083 2205
          2697 2821 2697 2205 2820 2821
          2083 2084 2207 2699 2206 2083
          2207 2821 2207 2083 2699 2821
          2083 2698 2699 2821 2699 2207
          2821 2822 2084 2085 2207 2699
          2207 2085 2208 2823 2085 2699
          2700 2823 2085 2207 2699 2823
          2699 2207 2822 2823 2085 2086
          2209 2701 2208 2085 2209 2823
          2209 2085 2701 2823 2085 2700
          2701 2823 2701 2209 2823 2824
          2086 2087 2209 2701 2209 2087
          2210 2825 2087 2701 2702 2825
          2087 2209 2701 2825 2701 2209
          2824 2825 2087 2088 2211 2703
          2210 2087 2211 2825 2211 2087
          2703 2825 2087 2702 2703 2825
          2703 2211 2825 2826 2088 2089
          2211 2703 2211 2089 2212 2827
          2089 2703 2704 2827 2089 2211
          2703 2827 2703 2211 2826 2827
          2089 2090 2213 2705 2212 2089
          2213 2827 2213 2089 2705 2827
          2089 2704 2705 2827 2705 2213
          2827 2828 2091 2092 2215 2707
          2214 2091 2215 2829 2215 2091
          2707 2829 2091 2706 2707 2829
          2707 2215 2829 2830 2092 2093
          2215 2707 2215 2093 2216 2831
          2093 2707 2708 2831 2093 2215
          2707 2831 2707 2215 2830 2831
          2093 2094 2217 2709 2216 2093
          2217 2831 2217 2093 2709 2831
          2093 2708 2709 2831 2709 2217
          2831 2832 2094 2095 2217 2709
          2217 2095 2218 2833 2095 2709
          2710 2833 2095 2217 2709 2833
          2709 2217 2832 2833 2095 2096
          2219 2711 2218 2095 2219 2833
          2219 2095 2711 2833 2095 2710
          2711 2833 2711 2219 2833 2834
          2096 2097 2219 2711 2219 2097
          2220 2835 2097 2711 2712 2835
          2097 2219 2711 2835 2711 2219
          2834 2835 2097 2098 2221 2713
          2220 2097 2221 2835 2221 2097
          2713 2835 2097 2712 2713 2835
          2713 2221 2835 2836 2098 2099
          2221 2713 2221 2099 2222 2837
          2099 2713 2714 2837 2099 2221
          2713 2837 2713 2221 2836 2837
          2099 2100 2223 2715 2222 2099
          2223 2837 2223 2099 2715 2837
          2099 2714 2715 2837 2715 2223
          2837 2838 2100 2101 2223 2715
          2223 2101 2224 2839 2101 2715
          2716 2839 2101 2223 2715 2839
          2715 2223 2838 2839 2101 2102
          2225 2717 2224 2101 2225 2839
          2225 2101 2717 2839 2101 2716
          2717 2839 2717 2225 2839 2840
          2102 2103 2225 2717 2225 2103
          2226 2841 2103 2717 2718 2841
          2103 2225 2717 2841 2717 2225
          2840 2841 2103 2104 2227 2719
          2226 2103 2227 2841 2227 2103
          2719 2841 2103 2718 2719 2841
          2719 2227 2841 2842 2104 2105
          2227 2719 2227 2105 2228 2843
          2105 2719 2720 2843 2105 2227
          2719 2843 2719 2227 2842 2843
          2105 2106 2229 2721 2228 2105
          2229 2843 2229 2105 2721 2843
          2105 2720 2721 2843 2721 2229
          2843 2844 2106 2107 2229 2721
          2229 2107 2230 2845 2107 2721
          2722 2845 2107 2229 2721 2845
          2721 2229 2844 2845 2107 2108
          2231 2723 2230 2107 2231 2845
          2231 2107 2723 2845 2107 2722
          2723 2845 2723 2231 2845 2846
          2108 2109 2231 2723 2231 2109
          2232 2847 2109 2723 2724 2847
          2109 2231 2723 2847 2723 2231
          2846 2847 2109 2110 2233 2725
          2232 2109 2233 2847 2233 2109
          2725 2847 2109 2724 2725 2847
          2725 2233 2847 2848 2110 2111
          2233 2725 2233 2111 2234 2849
          2111 2725 2726 2849 2111 2233
          2725 2849 2725 2233 2848 2849
          2111 2112 2235 2727 2234 2111
          2235 2849 2235 2111 2727 2849
          2111 2726 2727 2849 2727 2235
          2849 2850 2112 2113 2235 2727
          2235 2113 2236 2851 2113 2727
          2728 2851 2113 2235 2727 2851
          2727 2235 2850 2851 2113 2114
          2237 2729 2236 2113 2237 2851
          2237 2113 2729 2851 2113 2728
          2729 2851 2729 2237 2851 2852
          2114 2115 2237 2729 2237 2115
          2238 2853 2115 2729 2730 2853
          2115 2237 2729 2853 2729 2237
          2852 2853 2115 2116 2239 2731
          2238 2115 2239 2853 2239 2115
          2731 2853 2115 2730 2731 2853
          2731 2239 2853 2854 2116 2117
          2239 2731 2239 2117 2240 2855
          2117 2731 2732 2855 2117 2239
          2731 2855 2731 2239 2854 2855
          2117 2118 2241 2733 2240 2117
          2241 2855 2241 2117 2733 2855
          2117 2732 2733 2855 2733 2241
          2855 2856 2118 2119 2241 2733
          2241 2119 2242 2857 2119 2733
          2734 2857 2119 2241 2733 2857
          2733 2241 2856 2857 2119 2120
          2243 2735 2242 2119 2243 2857
          2243 2119 2735 2857 2119 2734
          2735 2857 2735 2243 2857 2858
          2120 2121 2243 2735 2243 2121
          2244 2859 2121 2735 2736 2859
          2121 2243 2735 2859 2735 2243
          2858 2859 2121 2122 2245 2737
          2244 2121 2245 2859 2245 2121
          2737 2859 2121 2736 2737 2859
          2737 2245 2859 2860 2122 2123
          2245 2737 2245 2123 2246 2861
          2123 2737 2738 2861 2123 2245
          2737 2861 2737 2245 2860 2861
          2123 2124 2247 2739 2246 2123
          2247 2861 2247 2123 2739 2861
          2123 2738 2739 2861 2739 2247
          2861 2862 2124 2125 2247 2739
          2247 2125 2248 2863 2125 2739
          2740 2863 2125 2247 2739 2863
          2739 2247 2862 2863 2125 2126
          2249 2741 2248 2125 2249 2863
          2249 2125 2741 2863 2125 2740
          2741 2863 2741 2249 2863 2864
          2126 2127 2249 2741 2249 2127
          2250 2865 2127 2741 2742 2865
          2127 2249 2741 2865 2741 2249
          2864 2865 2127 2128 2251 2743
          2250 2127 2251 2865 2251 2127
          2743 2865 2127 2742 2743 2865
          2743 2251 2865 2866 2128 2129
          2251 2743 2251 2129 2252 2867
          2129 2743 2744 2867 2129 2251
          2743 2867 2743 2251 2866 2867
          2129 2130 2253 2745 2252 2129
          2253 2867 2253 2129 2745 2867
          2129 2744 2745 2867 2745 2253
          2867 2868 2130 2131 2253 2745
          2253 2131 2254 2869 2131 2745
          2746 2869 2131 2253 2745 2869
          2745 2253 2868 2869 2131 2132
          2255 2747 2254 2131 2255 2869
          2255 2131 2747 2869 2131 2746
          2747 2869 2747 2255 2869 2870
          2132 2133 2255 2747 2255 2133
          2256 2871 2133 2747 2748 2871
          2133 2255 2747 2871 2747 2255
          2870 2871 2133 2134 2257 2749
          2256 2133 2257 2871 2257 2133
          2749 2871 2133 2748 2749 2871
          2749 2257 2871 2872 2134 2135
          2257 2749 2257 2135 2258 2873
          2135 2749 2750 2873 2135 2257
          2749 2873 2749 2257 2872 2873
          2135 2136 2259 2751 2258 2135
          2259 2873 2259 2135 2751 2873
          2135 2750 2751 2873 2751 2259
          2873 2874 2136 2137 2259 2751
          2259 2137 2260 2875 2137 2751
          2752 2875 2137 2259 2751 2875
          2751 2259 2874 2875 2137 2138
          2261 2753 2260 2137 2261 2875
          2261 2137 2753 2875 2137 2752
          2753 2875 2753 2261 2875 2876
          2138 2139 2261 2753 2261 2139
          2262 2877 2139 2753 2754 2877
          2139 2261 2753 2877 2753 2261
          2876 2877 2139 2140 2263 2755
          2262 2139 2263 2877 2263 2139
          2755 2877 2139 2754 2755 2877
          2755 2263 2877 2878 2140 2141
          2263 2755 2263 2141 2264 2879
          2141 2755 2756 2879 2141 2263
          2755 2879 2755 2263 2878 2879
          2141 2142 2265 2757 2264 2141
          2265 2879 2265 2141 2757 2879
          2141 2756 2757 2879 2757 2265
          2879 2880 2142 2143 2265 2757
          2265 2143 2266 2881 2143 2757
          2758 2881 2143 2265 2757 2881
          2757 2265 2880 2881 2143 2144
          2267 2759 2266 2143 2267 2881
          2267 2143 2759 2881 2143 2758
          2759 2881 2759 2267 2881 2882
          2144 2145 2267 2759 2267 2145
          2268 2883 2145 2759 2760 2883
          2145 2267 2759 2883 2759 2267
          2882 2883 2145 2146 2269 2761
          2268 2145 2269 2883 2269 2145
          2761 2883 2145 2760 2761 2883
          2761 2269 2883 2884 2146 2147
          2269 2761 2269 2147 2270 2885
          2147 2761 2762 2885 2147 2269
          2761 2885 2761 2269 2884 2885
          2147 2148 2271 2763 2270 2147
          2271 2885 2271 2147 2763 2885
          2147 2762 2763 2885 2763 2271
          2885 2886 2148 2149 2271 2763
          2271 2149 2272 2887 2149 2763
          2764 2887 2149 2271 2763 2887
          2763 2271 2886 2887 2149 2150
          2273 2765 2272 2149 2273 2887
          2273 2149 2765 2887 2149 2764
          2765 2887 2765 2273 2887 2888
          2150 2151 2273 2765 2273 2151
          2274 2889 2151 2765 2766 2889
          2151 2273 2765 2889 2765 2273
          2888 2889 2151 2152 2275 2767
          2274 2151 2275 2889 2275 2151
          2767 2889 2151 2766 2767 2889
          2767 2275 2889 2890 2152 2153
          2275 2767 2275 2153 2276 2891
          2153 2767 2768 2891 2153 2275
          2767 2891 2767 2275 2890 2891
          2153 2154 2277 2769 2276 2153
          2277 2891 2277 2153 2769 2891
          2153 2768 2769 2891 2769 2277
          2891 2892 2154 2155 2277 2769
          2277 2155 2278 2893 2155 2769
          2770 2893 2155 2277 2769 2893
          2769 2277 2892 2893 2155 2156
          2279 2771 2278 2155 2279 2893
          2279 2155 2771 2893 2155 2770
          2771 2893 2771 2279 2893 2894
          2156 2157 2279 2771 2279 2157
          2280 2895 2157 2771 2772 2895
          2157 2279 2771 2895 2771 2279
          2894 2895 2157 2158 2281 2773
          2280 2157 2281 2895 2281 2157
          2773 2895 2157 2772 2773 2895
          2773 2281 2895 2896 2158 2159
          2281 2773 2281 2159 2282 2897
          2159 2773 2774 2897 2159 2281
          2773 2897 2773 2281 2896 2897
          2159 2160 2283 2775 2282 2159
          2283 2897 2283 2159 2775 2897
          2159 2774 2775 2897 2775 2283
          2897 2898 2160 2161 2283 2775
          2283 2161 2284 2899 2161 2775
          2776 2899 2161 2283 2775 2899
          2775 2283 2898 2899 2161 2162
          2285 2777 2284 2161 2285 2899
          2285 2161 2777 2899 2161 2776
          2777 2899 2777 2285 2899 2900
          2162 2163 2285 2777 2285 2163
          2286 2901 2163 2777 2778 2901
          2163 2285 2777 2901 2777 2285
          2900 2901 2163 2164 2287 2779
          2286 2163 2287 2901 2287 2163
          2779 2901 2163 2778 2779 2901
          2779 2287 2901 2902 2164 2165
          2287 2779 2287 2165 2288 2903
          2165 2779 2780 2903 2165 2287
          2779 2903 2779 2287 2902 2903
          2165 2166 2289 2781 2288 2165
          2289 2903 2289 2165 2781 2903
          2165 2780 2781 2903 2781 2289
          2903 2904 2166 2167 2289 2781
          2289 2167 2290 2905 2167 2781
          2782 2905 2167 2289 2781 2905
          2781 2289 2904 2905 2167 2168
          2291 2783 2290 2167 2291 2905
          2291 2167 2783 2905 2167 2782
          2783 2905 2783 2291 2905 2906
          2168 2169 2291 2783 2291 2169
          2292 2907 2169 2783 2784 2907
          2169 2291 2783 2907 2783 2291
          2906 2907 2169 2170 2293 2785
          2292 2169 2293 2907 2293 2169
          2785 2907 2169 2784 2785 2907
          2785 2293 2907 2908 2170 2171
          2293 2785 2293 2171 2294 2909
          2171 2785 2786 2909 2171 2293
          2785 2909 2785 2293 2908 2909
          2171 2172 2295 2787 2294 2171
          2295 2909 2295 2171 2787 2909
          2171 2786 2787 2909 2787 2295
          2909 2910 2172 2173 2295 2787
          2295 2173 2296 2911 2173 2787
          2788 2911 2173 2295 2787 2911
          2787 2295 2910 2911 2173 2174
          2297 2789 2296 2173 2297 2911
          2297 2173 2789 2911 2173 2788
          2789 2911 2789 2297 2911 2912
          2174 2175 2297 2789 2297 2175
          2298 2913 2175 2789 2790 2913
          2175 2297 2789 2913 2789 2297
          2912 2913 2175 2176 2299 2791
          2298 2175 2299 2913 2299 2175
          2791 2913 2175 2790 2791 2913
          2791 2299 2913 2914 2176 2177
          2299 2791 2299 2177 2300 2915
          2177 2791 2792 2915 2177 2299
          2791 2915 2791 2299 2914 2915
          2177 2178 2301 2793 2300 2177
          2301 2915 2301 2177 2793 2915
          2177 2792 2793 2915 2793 2301
          2915 2916 2178 2179 2301 2793
          2301 2179 2302 2917 2179 2793
          2794 2917 2179 2301 2793 2917
          2793 2301 2916 2917 2179 2180
          2303 2795 2302 2179 2303 2917
          2303 2179 2795 2917 2179 2794
          2795 2917 2795 2303 2917 2918
          2180 2181 2303 2795 2303 2181
          2304 2919 2181 2795 2796 2919
          2181 2303 2795 2919 2795 2303
          2918 2919 2181 2182 2305 2797
          2304 2181 2305 2919 2305 2181
          2797 2919 2181 2796 2797 2919
          2797 2305 2919 2920 2182 2183
          2305 2797 2305 2183 2306 2921
          2183 2797 2798 2921 2183 2305
          2797 2921 2797 2305 2920 2921
          2183 2184 2307 2799 2306 2183
          2307 2921 2307 2183 2799 2921
          2183 2798 2799 2921 2799 2307
          2921 2922 2184 2185 2307 2799
          2307 2185 2308 2923 2185 2799
          2800 2923 2185 2307 2799 2923
          2799 2307 2922 2923 2185 2186
          2309 2801 2308 2185 2309 2923
          2309 2185 2801 2923 2185 2800
          2801 2923 2801 2309 2923 2924
          2186 2187 2309 2801 2309 2187
          2310 2925 2187 2801 2802 2925
          2187 2309 2801 2925 2801 2309
          2924 2925 2187 2188 2311 2803
          2310 2187 2311 2925 2311 2187
          2803 2925 2187 2802 2803 2925
          2803 2311 2925 2926 2188 2189
          2311 2803 2311 2189 2312 2927
          2189 2803 2804 2927 2189 2311
          2803 2927 2803 2311 2926 2927
          2189 2190 2313 2805 2312 2189
          2313 2927 2313 2189 2805 2927
          2189 2804 2805 2927 2805 2313
          2927 2928 2190 2191 2313 2805
          2313 2191 2314 2929 2191 2805
          2806 2929 2191 2313 2805 2929
          2805 2313 2928 2929 2191 2192
          2315 2807 2314 2191 2315 2929
          2315 2191 2807 2929 2191 2806
          2807 2929 2807 2315 2929 2930
          2192 2193 2315 2807 2315 2193
          2316 2931 2193 2807 2808 2931
          2193 2315 2807 2931 2807 2315
          2930 2931 2193 2194 2317 2809
          2316 2193 2317 2931 2317 2193
          2809 2931 2193 2808 2809 2931
          2809 2317 2931 2932 2194 2195
          2317 2809 2317 2195 2318 2933
          2195 2809 2810 2933 2195 2317
          2809 2933 2809 2317 2932 2933
          2195 2196 2319 2811 2318 2195
          2319 2933 2319 2195 2811 2933
          2195 2810 2811 2933 2811 2319
          2933 2934 2196 2197 2319 2811
          2319 2197 2320 2935 2197 2811
          2812 2935 2197 2319 2811 2935
          2811 2319 2934 2935 2197 2198
          2321 2813 2320 2197 2321 2935
          2321 2197 2813 2935 2197 2812
          2813 2935 2813 2321 2935 2936
          2198 2199 2321 2813 2321 2199
          2322 2937 2199 2813 2814 2937
          2199 2321 2813 2937 2813 2321
          2936 2937 2199 2200 2323 2815
          2322 2199 2323 2937 2323 2199
          2815 2937 2199 2814 2815 2937
          2815 2323 2937 2938 2200 2201
          2323 2815 2323 2201 2324 2939
          2201 2815 2816 2939 2201 2323
          2815 2939 2815 2323 2938 2939
          2201 2202 2325 2817 2324 2201
          2325 2939 2325 2201 2817 2939
          2201 2816 2817 2939 2817 2325
          2939 2940 2202 2203 2325 2817
          2325 2203 2326 2941 2203 2817
          2818 2941 2203 2325 2817 2941
          2817 2325 2940 2941 2203 2204
          2327 2819 2326 2203 2327 2941
          2327 2203 2819 2941 2203 2818
          2819 2941 2819 2327 2941 2942
          2204 2205 2327 2819 2327 2205
          2328 2943 2205 2819 2820 2943
          2205 2327 2819 2943 2819 2327
          2942 2943 2205 2206 2329 2821
          2328 2205 2329 2943 2329 2205
          2821 2943 2205 2820 2821 2943
          2821 2329 2943 2944 2206 2207
          2329 2821 2329 2207 2330 2945
          2207 2821 2822 2945 2207 2329
          2821 2945 2821 2329 2944 2945
          2207 2208 2331 2823 2330 2207
          2331 2945 2331 2207 2823 2945
          2207 2822 2823 2945 2823 2331
          2945 2946 2208 2209 2331 2823
          2331 2209 2332 2947 2209 2823
          2824 2947 2209 2331 2823 2947
          2823 2331 2946 2947 2209 2210
          2333 2825 2332 2209 2333 2947
          2333 2209 2825 2947 2209 2824
          2825 2947 2825 2333 2947 2948
          2210 2211 2333 2825 2333 2211
          2334 2949 2211 2825 2826 2949
          2211 2333 2825 2949 2825 2333
          2948 2949 2211 2212 2335 2827
          2334 2211 2335 2949 2335 2211
          2827 2949 2211 2826 2827 2949
          2827 2335 2949 2950 2212 2213
          2335 2827 2335 2213 2336 2951
          2213 2827 2828 2951 2213 2335
          2827 2951 2827 2335 2950 2951
          2214 2215 2337 2829 2337 2215
          2338 2953 2215 2829 2830 2953
          2215 2337 2829 2953 2829 2337
          2952 2953 2215 2216 2339 2831
          2338 2215 2339 2953 2339 2215
          2831 2953 2215 2830 2831 2953
          2831 2339 2953 2954 2216 2217
          2339 2831 2339 2217 2340 2955
          2217 2831 2832 2955 2217 2339
          2831 2955 2831 2339 2954 2955
          2217 2218 2341 2833 2340 2217
          2341 2955 2341 2217 2833 2955
          2217 2832 2833 2955 2833 2341
          2955 2956 2218 2219 2341 2833
          2341 2219 2342 2957 2219 2833
          2834 2957 2219 2341 2833 2957
          2833 2341 2956 2957 2219 2220
          2343 2835 2342 2219 2343 2957
          2343 2219 2835 2957 2219 2834
          2835 2957 2835 2343 2957 2958
          2220 2221 2343 2835 2343 2221
          2344 2959 2221 2835 2836 2959
          2221 2343 2835 2959 2835 2343
          2958 2959 2221 2222 2345 2837
          2344 2221 2345 2959 2345 2221
          2837 2959 2221 2836 2837 2959
          2837 2345 2959 2960 2222 2223
          2345 2837 2345 2223 2346 2961
          2223 2837 2838 2961 2223 2345
          2837 2961 2837 2345 2960 2961
          2223 2224 2347 2839 2346 2223
          2347 2961 2347 2223 2839 2961
          2223 2838 2839 2961 2839 2347
          2961 2962 2224 2225 2347 2839
          2347 2225 2348 2963 2225 2839
          2840 2963 2225 2347 2839 2963
          2839 2347 2962 2963 2225 2226
          2349 2841 2348 2225 2349 2963
          2349 2225 2841 2963 2225 2840
          2841 2963 2841 2349 2963 2964
          2226 2227 2349 2841 2349 2227
          2350 2965 2227 2841 2842 2965
          2227 2349 2841 2965 2841 2349
          2964 2965 2227 2228 2351 2843
          2350 2227 2351 2965 2351 2227
          2843 2965 2227 2842 2843 2965
          2843 2351 2965 2966 2228 2229
          2351 2843 2351 2229 2352 2967
          2229 2843 2844 2967 2229 2351
          2843 2967 2843 2351 2966 2967
          2229 2230 2353 2845 2352 2229
          2353 2967 2353 2229 2845 2967
          2229 2844 2845 2967 2845 2353
          2967 2968 2230 2231 2353 2845
          2353 2231 2354 2969 2231 2845
          2846 2969 2231 2353 2845 2969
          2845 2353 2968 2969 2231 2232
          2355 2847 2354 2231 2355 2969
          2355 2231 2847 2969 2231 2846
          2847 2969 2847 2355 2969 2970
          2232 2233 2355 2847 2355 2233
          2356 2971 2233 2847 2848 2971
          2233 2355 2847 2971 2847 2355
          2970 2971 2233 2234 2357 2849
          2356 2233 2357 2971 2357 2233
          2849 2971 2233 2848 2849 2971
          2849 2357 2971 2972 2234 2235
          2357 2849 2357 2235 2358 2973
          2235 2849 2850 2973 2235 2357
          2849 2973 2849 2357 2972 2973
          2235 2236 2359 2851 2358 2235
          2359 2973 2359 2235 2851 2973
          2235 2850 2851 2973 2851 2359
          2973 2974 2236 2237 2359 2851
          2359 2237 2360 2975 2237 2851
          2852 2975 2237 2359 2851 2975
          2851 2359 2974 2975 2237 2238
          2361 2853 2360 2237 2361 2975
          2361 2237 2853 2975 2237 2852
          2853 2975 2853 2361 2975 2976
          2238 2239 2361 2853 2361 2239
          2362 2977 2239 2853 2854 2977
          2239 2361 2853 2977 2853 2361
          2976 2977 2239 2240 2363 2855
          2362 2239 2363 2977 2363 2239
          2855 2977 2239 2854 2855 2977
          2855 2363 2977 2978 2240 2241
          2363 2855 2363 2241 2364 2979
          2241 2855 2856 2979 2241 2363
          2855 2979 2855 2363 2978 2979
          2241 2242 2365 2857 2364 2241
          2365 2979 2365 2241 2857 2979
          2241 2856 2857 2979 2857 2365
          2979 2980 2242 2243 2365 2857
          2365 2243 2366 2981 2243 2857
          2858 2981 2243 2365 2857 2981
          2857 2365 2980 2981 2243 2244
          2367 2859 2366 2243 2367 2981
          2367 2243 2859 2981 2243 2858
          2859 2981 2859 2367 2981 2982
          2244 2245 2367 2859 2367 2245
          2368 2983 2245 2859 2860 2983
          2245 2367 2859 2983 2859 2367
          2982 2983 2245 2246 2369 2861
          2368 2245 2369 2983 2369 2245
          2861 2983 2245 2860 2861 2983
          2861 2369 2983 2984 2246 2247
          2369 2861 2369 2247 2370 2985
          2247 2861 2862 2985 2247 2369
          2861 2985 2861 2369 2984 2985
          2247 2248 2371 2863 2370 2247
          2371 2985 2371 2247 2863 2985
          2247 2862 2863 2985 2863 2371
          2985 2986 2248 2249 2371 2863
          2371 2249 2372 2987 2249 2863
          2864 2987 2249 2371 2863 2987
          2863 2371 2986 2987 2249 2250
          2373 2865 2372 2249 2373 2987
          2373 2249 2865 2987 2249 2864
          2865 2987 2865 2373 2987 2988
          2250 2251 2373 2865 2373 2251
          2374 2989 2251 2865 2866 2989
          2251 2373 2865 2989 2865 2373
          2988 2989 2251 2252 2375 2867
          2374 2251 2375 2989 2375 2251
          2867 2989 2251 2866 2867 2989
          2867 2375 2989 2990 2252 2253
          2375 2867 2375 2253 2376 2991
          2253 2867 2868 2991 2253 2375
          2867 2991 2867 2375 2990 2991
          2253 2254 2377 2869 2376 2253
          2377 2991 2377 2253 2869 2991
          2253 2868 2869 2991 2869 2377
          2991 2992 2254 2255 2377 2869
          2377 2255 2378 2993 2255 2869
          2870 2993 2255 2377 2869 2993
          2869 2377 2992 2993 2255 2256
          2379 2871 2378 2255 2379 2993
          2379 2255 2871 2993 2255 2870
          2871 2993 2871 2379 2993 2994
          2256 2257 2379 2871 2379 2257
          2380 2995 2257 2871 2872 2995
          2257 2379 2871 2995 2871 2379
          2994 2995 2257 2258 2381 2873
          2380 2257 2381 2995 2381 2257
          2873 2995 2257 2872 2873 2995
          2873 2381 2995 2996 2258 2259
          2381 2873 2381 2259 2382 2997
          2259 2873 2874 2997 2259 2381
          2873 2997 2873 2381 2996 2997
          2259 2260 2383 2875 2382 2259
          2383 2997 2383 2259 2875 2997
          2259 2874 2875 2997 2875 2383
          2997 2998 2260 2261 2383 2875
          2383 2261 2384 2999 2261 2875
          2876 2999 2261 2383 2875 2999
          2875 2383 2998 2999 2261 2262
          2385 2877 2384 2261 2385 2999
          2385 2261 2877 2999 2261 2876
          2877 2999 2877 2385 2999 3000
          2262 2263 2385 2877 2385 2263
          2386 3001 2263 2877 2878 3001
          2263 2385 2877 3001 2877 2385
          3000 3001 2263 2264 2387 2879
          2386 2263 2387 3001 2387 2263
          2879 3001 2263 2878 2879 3001
          2879 2387 3001 3002 2264 2265
          2387 2879 2387 2265 2388 3003
          2265 2879 2880 3003 2265 2387
          2879 3003 2879 2387 3002 3003
          2265 2266 2389 2881 2388 2265
          2389 3003 2389 2265 2881 3003
          2265 2880 2881 3003 2881 2389
          3003 3004 2266 2267 2389 2881
          2389 2267 2390 3005 2267 2881
          2882 3005 2267 2389 2881 3005
          2881 2389 3004 3005 2267 2268
          2391 2883 2390 2267 2391 3005
          2391 2267 2883 3005 2267 2882
          2883 3005 2883 2391 3005 3006
          2268 2269 2391 2883 2391 2269
          2392 3007 2269 2883 2884 3007
          2269 2391 2883 3007 2883 2391
          3006 3007 2269 2270 2393 2885
          2392 2269 2393 3007 2393 2269
          2885 3007 2269 2884 2885 3007
          2885 2393 3007 3008 2270 2271
          2393 2885 2393 2271 2394 3009
          2271 2885 2886 3009 2271 2393
          2885 3009 2885 2393 3008 3009
          2271 2272 2395 2887 2394 2271
          2395 3009 2395 2271 2887 3009
          2271 2886 2887 3009 2887 2395
          3009 3010 2272 2273 2395 2887
          2395 2273 2396 3011 2273 2887
          2888 3011 2273 2395 2887 3011
          2887 2395 3010 3011 2273 2274
          2397 2889 2396 2273 2397 3011
          2397 2273 2889 3011 2273 2888
          2889 3011 2889 2397 3011 3012
          2274 2275 2397 2889 2397 2275
          2398 3013 2275 2889 2890 3013
          2275 2397 2889 3013 2889 2397
          3012 3013 2275 2276 2399 2891
          2398 2275 2399 3013 2399 2275
          2891 3013 2275 2890 2891 3013
          2891 2399 3013 3014 2276 2277
          2399 2891 2399 2277 2400 3015
          2277 2891 2892 3015 2277 2399
          2891 3015 2891 2399 3014 3015
          2277 2278 2401 2893 2400 2277
          2401 3015 2401 2277 2893 3015
          2277 2892 2893 3015 2893 2401
          3015 3016 2278 2279 2401 2893
          2401 2279 2402 3017 2279 2893
          2894 3017 2279 2401 2893 3017
          2893 2401 3016 3017 2279 2280
          2403 2895 2402 2279 2403 3017
          2403 2279 2895 3017 2279 2894
          2895 3017 2895 2403 3017 3018
          2280 2281 2403 2895 2403 2281
          2404 3019 2281 2895 2896 3019
          2281 2403 2895 3019 2895 2403
          3018 3019 2281 2282 2405 2897
          2404 2281 2405 3019 2405 2281
          2897 3019 2281 2896 2897 3019
          2897 2405 3019 3020 2282 2283
          2405 2897 2405 2283 2406 3021
          2283 2897 2898 3021 2283 2405
          2897 3021 2897 2405 3020 3021
          2283 2284 2407 2899 2406 2283
          2407 3021 2407 2283 2899 3021
          2283 2898 2899 3021 2899 2407
          3021 3022 2284 2285 2407 2899
          2407 2285 2408 3023 2285 2899
          2900 3023 2285 2407 2899 3023
          2899 2407 3022 3023 2285 2286
          2409 2901 2408 2285 2409 3023
          2409 2285 2901 3023 2285 2900
          2901 3023 2901 2409 3023 3024
          2286 2287 2409 2901 2409 2287
          2410 3025 2287 2901 2902 3025
          2287 2409 2901 3025 2901 2409
          3024 3025 2287 2288 2411 2903
          2410 2287 2411 3025 2411 2287
          2903 3025 2287 2902 2903 3025
          2903 2411 3025 3026 2288 2289
          2411 2903 2411 2289 2412 3027
          2289 2903 2904 3027 2289 2411
          2903 3027 2903 2411 3026 3027
          2289 2290 2413 2905 2412 2289
          2413 3027 2413 2289 2905 3027
          2289 2904 2905 3027 2905 2413
          3027 3028 2290 2291 2413 2905
          2413 2291 2414 3029 2291 2905
          2906 3029 2291 2413 2905 3029
          2905 2413 3028 3029 2291 2292
          2415 2907 2414 2291 2415 3029
          2415 2291 2907 3029 2291 2906
          2907 3029 2907 2415 3029 3030
          2292 2293 2415 2907 2415 2293
          2416 3031 2293 2907 2908 3031
          2293 2415 2907 3031 2907 2415
          3030 3031 2293 2294 2417 2909
          2416 2293 2417 3031 2417 2293
          2909 3031 2293 2908 2909 3031
          2909 2417 3031 3032 2294 2295
          2417 2909 2417 2295 2418 3033
          2295 2909 2910 3033 2295 2417
          2909 3033 2909 2417 3032 3033
          2295 2296 2419 2911 2418 2295
          2419 3033 2419 2295 2911 3033
          2295 2910 2911 3033 2911 2419
          3033 3034 2296 2297 2419 2911
          2419 2297 2420 3035 2297 2911
          2912 3035 2297 2419 2911 3035
          2911 2419 3034 3035 2297 2298
          2421 2913 2420 2297 2421 3035
          2421 2297 2913 3035 2297 2912
          2913 3035 2913 2421 3035 3036
          2298 2299 2421 2913 2421 2299
          2422 3037 2299 2913 2914 3037
          2299 2421 2913 3037 2913 2421
          3036 3037 2299 2300 2423 2915
          2422 2299 2423 3037 2423 2299
          2915 3037 2299 2914 2915 3037
          2915 2423 3037 3038 2300 2301
          2423 2915 2423 2301 2424 3039
          2301 2915 2916 3039 2301 2423
          2915 3039 2915 2423 3038 3039
          2301 2302 2425 2917 2424 2301
          2425 3039 2425 2301 2917 3039
          2301 2916 2917 3039 2917 2425
          3039 3040 2302 2303 2425 2917
          2425 2303 2426 3041 2303 2917
          2918 3041 2303 2425 2917 3041
          2917 2425 3040 3041 2303 2304
          2427 2919 2426 2303 2427 3041
          2427 2303 2919 3041 2303 2918
          2919 3041 2919 2427 3041 3042
          2304 2305 2427 2919 2427 2305
          2428 3043 2305 2919 2920 3043
          2305 2427 2919 3043 2919 2427
          3042 3043 2305 2306 2429 2921
          2428 2305 2429 3043 2429 2305
          2921 3043 2305 2920 2921 3043
          2921 2429 3043 3044 2306 2307
          2429 2921 2429 2307 2430 3045
          2307 2921 2922 3045 2307 2429
          2921 3045 2921 2429 3044 3045
          2307 2308 2431 2923 2430 2307
          2431 3045 2431 2307 2923 3045
          2307 2922 2923 3045 2923 2431
          3045 3046 2308 2309 2431 2923
          2431 2309 2432 3047 2309 2923
          2924 3047 2309 2431 2923 3047
          2923 2431 3046 3047 2309 2310
          2433 2925 2432 2309 2433 3047
          2433 2309 2925 3047 2309 2924
          2925 3047 2925 2433 3047 3048
          2310 2311 2433 2925 2433 2311
          2434 3049 2311 2925 2926 3049
          2311 2433 2925 3049 2925 2433
          3048 3049 2311 2312 2435 2927
          2434 2311 2435 3049 2435 2311
          2927 3049 2311 2926 2927 3049
          2927 2435 3049 3050 2312 2313
          2435 2927 2435 2313 2436 3051
          2313 2927 2928 3051 2313 2435
          2927 3051 2927 2435 3050 3051
          2313 2314 2437 2929 2436 2313
          2437 3051 2437 2313 2929 3051
          2313 2928 2929 3051 2929 2437
          3051 3052 2314 2315 2437 2929
          2437 2315 2438 3053 2315 2929
          2930 3053 2315 2437 2929 3053
          2929 2437 3052 3053 2315 2316
          2439 2931 2438 2315 2439 3053
          2439 2315 2931 3053 2315 2930
          2931 3053 2931 2439 3053 3054
          2316 2317 2439 2931 2439 2317
          2440 3055 2317 2931 2932 3055
          2317 2439 2931 3055 2931 2439
          3054 3055 2317 2318 2441 2933
          2440 2317 2441 3055 2441 2317
          2933 3055 2317 2932 2933 3055
          2933 2441 3055 3056 2318 2319
          2441 2933 2441 2319 2442 3057
          2319 2933 2934 3057 2319 2441
          2933 3057 2933 2441 3056 3057
          2319 2320 2443 2935 2442 2319
          2443 3057 2443 2319 2935 3057
          2319 2934 2935 3057 2935 2443
          3057 3058 2320 2321 2443 2935
          2443 2321 2444 3059 2321 2935
          2936 3059 2321 2443 2935 3059
          2935 2443 3058 3059 2321 2322
          2445 2937 2444 2321 2445 3059
          2445 2321 2937 3059 2321 2936
          2937 3059 2937 2445 3059 3060
          2322 2323 2445 2937 2445 2323
          2446 3061 2323 2937 2938 3061
          2323 2445 2937 3061 2937 2445
          3060 3061 2323 2324 2447 2939
          2446 2323 2447 3061 2447 2323
          2939 3061 2323 2938 2939 3061
          2939 2447 3061 3062 2324 2325
          2447 2939 2447 2325 2448 3063
          2325 2939 2940 3063 2325 2447
          2939 3063 2939 2447 3062 3063
          2325 2326 2449 2941 2448 2325
          2449 3063 2449 2325 2941 3063
          2325 2940 2941 3063 2941 2449
          3063 3064 2326 2327 2449 2941
          2449 2327 2450 3065 2327 2941
          2942 3065 2327 2449 2941 3065
          2941 2449 3064 3065 2327 2328
          2451 2943 2450 2327 2451 3065
          2451 2327 2943 3065 2327 2942
          2943 3065 2943 2451 3065 3066
          2328 2329 2451 2943 2451 2329
          2452 3067 2329 2943 2944 3067
          2329 2451 2943 3067 2943 2451
          3066 3067 2329 2330 2453 2945
          2452 2329 2453 3067 2453 2329
          2945 3067 2329 2944 2945 3067
          2945 2453 3067 3068 2330 2331
          2453 2945 2453 2331 2454 3069
          2331 2945 2946 3069 2331 2453
          2945 3069 2945 2453 3068 3069
          2331 2332 2455 2947 2454 2331
          2455 3069 2455 2331 2947 3069
          2331 2946 2947 3069 2947 2455
          3069 3070 2332 2333 2455 2947
          2455 2333 2456 3071 2333 2947
          2948 3071 2333 2455 2947 3071
          2947 2455 3070 3071 2333 2334
          2457 2949 2456 2333 2457 3071
          2457 2333 2949 3071 2333 2948
          2949 3071 2949 2457 3071 3072
          2334 2335 2457 2949 2457 2335
          2458 3073 2335 2949 2950 3073
          2335 2457 2949 3073 2949 2457
          3072 3073 2335 2336 2459 2951
          2458 2335 2459 3073 2459 2335
          2951 3073 2335 2950 2951 3073
          2951 2459 3073 3074
        </DataArray>
        <DataArray type="Int64" Name="offsets" format="ascii">
          4 8 12 16 20 24
          28 32 36 40 44 48
          52 56 60 64 68 72
          76 80 84 88 92 96
          100 104 108 112 116 120
          124 128 132 136 140 144
          148 152 156 160 164 168
          172 176 180 184 188 192
          196 200 204 208 212 216
          220 224 228 232 236 240
          244 248 252 256 260 264
          268 272 276 280 284 288
          292 296 300 304 308 312
          316 320 324 328 332 336
          340 344 348 352 356 360
          364 368 372 376 380 384
          388 392 396 400 404 408
          412 416 420 424 428 432
          436 440 444 448 452 456
          460 464 468 472 476 480
          484 488 492 496 500 504
          508 512 516 520 524 528
          532 536 540 544 548 552
          556 560 564 568 572 576
          580 584 588 592 596 600
          604 608 612 616 620 624
          628 632 636 640 644 648
          652 656 660 664 668 672
          676 680 684 688 692 696
          700 704 708 712 716 720
          724 728 732 736 740 744
          748 752 756 760 764 768
          772 776 780 784 788 792
          796 800 804 808 812 816
          820 824 828 832 836 840
          844 848 852 856 860 864
          868 872 876 880 884 888
          892 896 900 904 908 912
          916 920 924 928 932 936
          940 944 948 952 956 960
          964 968 972 976 980 984
          988 992 996 1000 1004 1008
          1012 1016 1020 1024 1028 1032
          1036 1040 1044 1048 1052 1056
          1060 1064 1068 1072 1076 1080
          1084 1088 1092 1096 1100 1104
          1108 1112 1116 1120 1124 1128
          1132 1136 1140 1144 1148 1152
          1156 1160 1164 1168 1172 1176
          1180 1184 1188 1192 1196 1200
          1204 1208 1212 1216 1220 1224
          1228 1232 1236 1240 1244 1248
          1252 1256 1260 1264 1268 1272
          1276 1280 1284 1288 1292 1296
          1300 1304 1308 1312 1316 1320
          1324 1328 1332 1336 1340 1344
          1348 1352 1356 1360 1364 1368
          1372 1376 1380 1384 1388 1392
          1396 1400 1404 1408 1412 1416
          1420 1424 1428 1432 1436 1440
          1444 1448 1452 1456 1460 1464
          1468 1472 1476 1480 1484 1488
          1492 1496 1500 1504 1508 1512
          1516 1520 1524 1528 1532 1536
          1540 1544 1548 1552 1556 1560
          1564 1568 1572 1576 1580 1584
          1588 1592 1596 1600 1604 1608
          1612 1616 1620 1624 1628 1632
          1636 1640 1644 1648 1652 1656
          1660 1664 1668 1672 1676 1680
          1684 1688 1692 1696 1700 1704
          1708 1712 1716 1720 1724 1728
          1732 1736 1740 1744 1748 1752
          1756 1760 1764 1768 1772 1776
          1780 1784 1788 1792 1796 1800
          1804 1808 1812 1816 1820 1824
          1828 1832 1836 1840 1844 1848
          1852 1856 1860 1864 1868 1872
          1876 1880 1884 1888 1892 1896
          1900 1904 1908 1912 1916 1920
          1924 1928 1932 1936 1940 1944
          1948 1952 1956 1960 1964 1968
          1972 1976 1980 1984 1988 1992
          1996 2000 2004 2008 2012 2016
          2020 2024 2028 2032 2036 2040
          2044 2048 2052 2056 2060 2064
          2068 2072 2076 2080 2084 2088
          2092 2096 2100 2104 2108 2112
          2116 2120 2124 2128 2132 2136
          2140 2144 2148 2152 2156 2160
          2164 2168 2172 2176 2180 2184
          2188 2192 2196 2200 2204 2208
          2212 2216 2220 2224 2228 2232
          2236 2240 2244 2248 2252 2256
          2260 2264 2268 2272 2276 2280
          2284 2288 2292 2296 2300 2304
          2308 2312 2316 2320 2324 2328
          2332 2336 2340 2344 2348 2352
          2356 2360 2364 2368 2372 2376
          2380 2384 2388 2392 2396 2400
          2404 2408 2412 2416 2420 2424
          2428 2432 2436 2440 2444 2448
          2452 2456 2460 2464 2468 2472
          2476 2480 2484 2488 2492 2496
          2500 2504 2508 2512 2516 2520
          2524 2528 2532 2536 2540 2544
          2548 2552 2556 2560 2564 2568
          2572 2576 2580 2584 2588 2592
          2596 2600 2604 2608 2612 2616
          2620 2624 2628 2632 2636 2640
          2644 2648 2652 2656 2660 2664
          2668 2672 2676 2680 2684 2688
          2692 2696 2700 2704 2708 2712
          2716 2720 2724 2728 2732 2736
          2740 2744 2748 2752 2756 2760
          2764 2768 2772 2776 2780 2784
          2788 2792 2796 2800 2804 2808
          2812 2816 2820 2824 2828 2832
          2836 2840 2844 2848 2852 2856
          2860 2864 2868 2872 2876 2880
          2884 2888 2892 2896 2900 2904
          2908 2912 2916 2920 2924 2928
          2932 2936 2940 2944 2948 2952
          2956 2960 2964 2968 2972 2976
          2980 2984 2988 2992 2996 3000
          3004 3008 3012 3016 3020 3024
          3028 3032 3036 3040 3044 3048
          3052 3056 3060 3064 3068 3072
          3076 3080 3084 3088 3092 3096
          3100 3104 3108 3112 3116 3120
          3124 3128 3132 3136 3140 3144
          3148 3152 3156 3160 3164 3168
          3172 3176 3180 3184 3188 3192
          3196 3200 3204 3208 3212 3216
          3220 3224 3228 3232 3236 3240
          3244 3248 3252 3256 3260 3264
          3268 3272 3276 3280 3284 3288
          3292 3296 3300 3304 3308 3312
          3316 3320 3324 3328 3332 3336
          3340 3344 3348 3352 3356 3360
          3364 3368 3372 3376 3380 3384
          3388 3392 3396 3400 3404 3408
          3412 3416 3420 3424 3428 3432
          3436 3440 3444 3448 3452 3456
          3460 3464 3468 3472 3476 3480
          3484 3488 3492 3496 3500 3504
          3508 3512 3516 3520 3524 3528
          3532 3536 3540 3544 3548 3552
          3556 3560 3564 3568 3572 3576
          3580 3584 3588 3592 3596 3600
          3604 3608 3612 3616 3620 3624
          3628 3632 3636 3640 3644 3648
          3652 3656 3660 3664 3668 3672
          3676 3680 3684 3688 3692 3696
          3700 3704 3708 3712 3716 3720
          3724 3728 3732 3736 3740 3744
          3748 3752 3756 3760 3764 3768
          3772 3776 3780 3784 3788 3792
          3796 3800 3804 3808 3812 3816
          3820 3824 3828 3832 3836 3840
          3844 3848 3852 3856 3860 3864
          3868 3872 3876 3880 3884 3888
          3892 3896 3900 3904 3908 3912
          3916 3920 3924 3928 3932 3936
          3940 3944 3948 3952 3956 3960
          3964 3968 3972 3976 3980 3984
          3988 3992 3996 4000 4004 4008
          4012 4016 4020 4024 4028 4032
          4036 4040 4044 4048 4052 4056
          4060 4064 4068 4072 4076 4080
          4084 4088 4092 4096 4100 4104
          4108 4112 4116 4120 4124 4128
          4132 4136 4140 4144 4148 4152
          4156 4160 4164 4168 4172 4176
          4180 4184 4188 4192 4196 4200
          4204 4208 4212 4216 4220 4224
          4228 4232 4236 4240 4244 4248
          4252 4256 4260 4264 4268 4272
          4276 4280 4284 4288 4292 4296
          4300 4304 4308 4312 4316 4320
          4324 4328 4332 4336 4340 4344
          4348 4352 4356 4360 4364 4368
          4372 4376 4380 4384 4388 4392
          4396 4400 4404 4408 4412 4416
          4420 4424 4428 4432 4436 4440
          4444 4448 4452 4456 4460 4464
          4468 4472 4476 4480 4484 4488
          4492 4496 4500 4504 4508 4512
          4516 4520 4524 4528 4532 4536
          4540 4544 4548 4552 4556 4560
          4564 4568 4572 4576 4580 4584
          4588 4592 4596 4600 4604 4608
          4612 4616 4620 4624 4628 4632
          4636 4640 4644 4648 4652 4656
          4660 4664 4668 4672 4676 4680
          4684 4688 4692 4696 4700 4704
          4708 4712 4716 4720 4724 4728
          4732 4736 4740 4744 4748 4752
          4756 4760 4764 4768 4772 4776
          4780 4784 4788 4792 4796 4800
          4804 4808 4812 4816 4820 4824
          4828 4832 4836 4840 4844 4848
          4852 4856 4860 4864 4868 4872
          4876 4880 4884 4888 4892 4896
          4900 4904 4908 4912 4916 4920
          4924 4928 4932 4936 4940 4944
          4948 4952 4956 4960 4964 4968
          4972 4976 4980 4984 4988 4992
          4996 5000 5004 5008 5012 5016
          5020 5024 5028 5032 5036 5040
          5044 5048 5052 5056 5060 5064
          5068 5072 5076 5080 5084 5088
          5092 5096 5100 5104 5108 5112
          5116 5120 5124 5128 5132 5136
          5140 5144 5148 5152 5156 5160
          5164 5168 5172 5176 5180 5184
          5188 5192 5196 5200 5204 5208
          5212 5216 5220 5224 5228 5232
          5236 5240 5244 5248 5252 5256
          5260 5264 5268 5272 5276 5280
          5284 5288 5292 5296 5300 5304
          5308 5312 5316 5320 5324 5328
          5332 5336 5340 5344 5348 5352
          5356 5360 5364 5368 5372 5376
          5380 5384 5388 5392 5396 5400
          5404 5408 5412 5416 5420 5424
          5428 5432 5436 5440 5444 5448
          5452 5456 5460 5464 5468 5472
          5476 5480 5484 5488 5492 5496
          5500 5504 5508 5512 5516 5520
          5524 5528 5532 5536 5540 5544
          5548 5552 5556 5560 5564 5568
          5572 5576 5580 5584 5588 5592
          5596 5600 5604 5608 5612 5616
          5620 5624 5628 5632 5636 5640
          5644 5648 5652 5656 5660 5664
          5668 5672 5676 5680 5684 5688
          5692 5696 5700 5704 5708 5712
          5716 5720 5724 5728 5732 5736
          5740 5744 5748 5752 5756 5760
          5764 5768 5772 5776 5780 5784
          5788 5792 5796 5800 5804 5808
          5812 5816 5820 5824 5828 5832
          5836 5840 5844 5848 5852 5856
          5860 5864 5868 5872 5876 5880
          5884 5888 5892 5896 5900 5904
          5908 5912 5916 5920 5924 5928
          5932 5936 5940 5944 5948 5952
          5956 5960 5964 5968 5972 5976
          5980 5984 5988 5992 5996 6000
          6004 6008 6012 6016 6020 6024
          6028 6032 6036 6040 6044 6048
          6052 6056 6060 6064 6068 6072
          6076 6080 6084 6088 6092 6096
          6100 6104 6108 6112 6116 6120
          6124 6128 6132 6136 6140 6144
          6148 6152 6156 6160 6164 6168
          6172 6176 6180 6184 6188 6192
          6196 6200 6204 6208 6212 6216
          6220 6224 6228 6232 6236 6240
          6244 6248 6252 6256 6260 6264
          6268 6272 6276 6280 6284 6288
          6292 6296 6300 6304 6308 6312
          6316 6320 6324 6328 6332 6336
          6340 6344 6348 6352 6356 6360
          6364 6368 6372 6376 6380 6384
          6388 6392 6396 6400 6404 6408
          6412 6416 6420 6424 6428 6432
          6436 6440 6444 6448 6452 6456
          6460 6464 6468 6472 6476 6480
          6484 6488 6492 6496 6500 6504
          6508 6512 6516 6520 6524 6528
          6532 6536 6540 6544 6548 6552
          6556 6560 6564 6568 6572 6576
          6580 6584 6588 6592 6596 6600
          6604 6608 6612 6616 6620 6624
          6628 6632 6636 6640 6644 6648
          6652 6656 6660 6664 6668 6672
          6676 6680 6684 6688 6692 6696
          6700 6704 6708 6712 6716 6720
          6724 6728 6732 6736 6740 6744
          6748 6752 6756 6760 6764 6768
          6772 6776 6780 6784 6788 6792
          6796 6800 6804 6808 6812 6816
          6820 6824 6828 6832 6836 6840
          6844 6848 6852 6856 6860 6864
          6868 6872 6876 6880 6884 6888
          6892 6896 6900 6904 6908 6912
          6916 6920 6924 6928 6932 6936
          6940 6944 6948 6952 6956 6960
          6964 6968 6972 6976 6980 6984
          6988 6992 6996 7000 7004 7008
          7012 7016 7020 7024 7028 7032
          7036 7040 7044 7048 7052 7056
          7060 7064 7068 7072 7076 7080
          7084 7088 7092 7096 7100 7104
          7108 7112 7116 7120 7124 7128
          7132 7136 7140 7144 7148 7152
          7156 7160 7164 7168 7172 7176
          7180 7184 7188 7192 7196 7200
          7204 7208 7212 7216 7220 7224
          7228 7232 7236 7240 7244 7248
          7252 7256 7260 7264 7268 7272
          7276 7280 7284 7288 7292 7296
          7300 7304 7308 7312 7316 7320
          7324 7328 7332 7336 7340 7344
          7348 7352 7356 7360 7364 7368
          7372 7376 7380 7384 7388 7392
          7396 7400 7404 7408 7412 7416
          7420 7424 7428 7432 7436 7440
          7444 7448 7452 7456 7460 7464
          7468 7472 7476 7480 7484 7488
          7492 7496 7500 7504 7508 7512
          7516 7520 7524 7528 7532 7536
          7540 7544 7548 7552 7556 7560
          7564 7568 7572 7576 7580 7584
          7588 7592 7596 7600 7604 7608
          7612 7616 7620 7624 7628 7632
          7636 7640 7644 7648 7652 7656
          7660 7664 7668 7672 7676 7680
          7684 7688 7692 7696 7700 7704
          7708 7712 7716 7720 7724 7728
          7732 7736 7740 7744 7748 7752
          7756 7760 7764 7768 7772 7776
          7780 7784 7788 7792 7796 7800
          7804 7808 7812 7816 7820 7824
          7828 7832 7836 7840 7844 7848
          7852 7856 7860 7864 7868 7872
          7876 7880 7884 7888 7892 7896
          7900 7904 7908 7912 7916 7920
          7924 7928 7932 7936 7940 7944
          7948 7952 7956 7960 7964 7968
          7972 7976 7980 7984 7988 7992
          7996 8000 8004 8008 8012 8016
          8020 8024 8028 8032 8036 8040
          8044 8048 8052 8056 8060 8064
          8068 8072 8076 8080 8084 8088
          8092 8096 8100 8104 8108 8112
          8116 8120 8124 8128 8132 8136
          8140 8144 8148 8152 8156 8160
          8164 8168 8172 8176 8180 8184
          8188 8192 8196 8200 8204 8208
          8212 8216 8220 8224 8228 8232
          8236 8240 8244 8248 8252 8256
          8260 8264 8268 8272 8276 8280
          8284 8288 8292 8296 8300 8304
          8308 8312 8316 8320 8324 8328
          8332 8336 8340 8344 8348 8352
          8356 8360 8364 8368 8372 8376
          8380 8384 8388 8392 8396 8400
          8404 8408 8412 8416 8420 8424
          8428 8432 8436 8440 8444 8448
          8452 8456 8460 8464 8468 8472
          8476 8480 8484 8488 8492 8496
          8500 8504 8508 8512 8516 8520
          8524 8528 8532 8536 8540 8544
          8548 8552 8556 8560 8564 8568
          8572 8576 8580 8584 8588 8592
          8596 8600 8604 8608 8612 8616
          8620 8624 8628 8632 8636 8640
          8644 8648 8652 8656 8660 8664
          8668 8672 8676 8680 8684 8688
          8692 8696 8700 8704 8708 8712
          8716 8720 8724 8728 8732 8736
          8740 8744 8748 8752 8756 8760
          8764 8768 8772 8776 8780 8784
          8788 8792 8796 8800 8804 8808
          8812 8816 8820 8824 8828 8832
          8836 8840 8844 8848 8852 8856
          8860 8864 8868 8872 8876 8880
          8884 8888 8892 8896 8900 8904
          8908 8912 8916 8920 8924 8928
          8932 8936 8940 8944 8948 8952
          8956 8960 8964 8968 8972 8976
          8980 8984 8988 8992 8996 9000
          9004 9008 9012 9016 9020 9024
          9028 9032 9036 9040 9044 9048
          9052 9056 9060 9064 9068 9072
          9076 9080 9084 9088 9092 9096
          9100 9104 9108 9112 9116 9120
          9124 9128 9132 9136 9140 9144
          9148 9152 9156 9160 9164 9168
          9172 9176 9180 9184 9188 9192
          9196 9200 9204 9208 9212 9216
          9220 9224 9228 9232 9236 9240
          9244 9248 9252 9256 9260 9264
          9268 9272 9276 9280 9284 9288
          9292 9296 9300 9304 9308 9312
          9316 9320 9324 9328 9332 9336
          9340 9344 9348 9352 9356 9360
          9364 9368 9372 9376 9380 9384
          9388 9392 9396 9400 9404 9408
          9412 9416 9420 9424 9428 9432
          9436 9440 9444 9448 9452 9456
          9460 9464 9468 9472 9476 9480
          9484 9488 9492 9496 9500 9504
          9508 9512 9516 9520 9524 9528
          9532 9536 9540 9544 9548 9552
          9556 9560 9564 9568 9572 9576
          9580 9584 9588 9592 9596 9600
          9604 9608 9612 9616 9620 9624
          9628 9632 9636 9640 9644 9648
          9652 9656 9660 9664 9668 9672
          9676 9680 9684 9688 9692 9696
          9700 9704 9708 9712 9716 9720
          9724 9728 9732 9736 9740 9744
          9748 9752 9756 9760 9764 9768
          9772 9776 9780 9784 9788 9792
          9796 9800 9804 9808 9812 9816
          9820 9824 9828 9832 9836 9840
          9844 9848 9852 9856 9860 9864
          9868 9872 9876 9880 9884 9888
          9892 9896 9900 9904 9908 9912
          9916 9920 9924 9928 9932 9936
          9940 9944 9948 9952 9956 9960
          9964 9968 9972 9976 9980 9984
          9988 9992 9996 10000 10004 10008
          10012 10016 10020 10024 10028 10032
          10036 10040 10044 10048 10052 10056
          10060 10064 10068 10072 10076 10080
          10084 10088 10092 10096 10100 10104
          10108 10112 10116 10120 10124 10128
          10132 10136 10140 10144 10148 10152
          10156 10160 10164 10168 10172 10176
          10180 10184 10188 10192 10196 10200
          10204 10208 10212 10216 10220 10224
          10228 10232 10236 10240 10244 10248
          10252 10256 10260 10264 10268 10272
          10276 10280 10284 10288 10292 10296
          10300 10304 10308 10312 10316 10320
          10324 10328 10332 10336 10340 10344
          10348 10352 10356 10360 10364 10368
          10372 10376 10380 10384 10388 10392
          10396 10400 10404 10408 10412 10416
          10420 10424 10428 10432 10436 10440
          10444 10448 10452 10456 10460 10464
          10468 10472 10476 10480 10484 10488
          10492 10496 10500 10504 10508 10512
          10516 10520 10524 10528 10532 10536
          10540 10544 10548 10552 10556 10560
          10564 10568 10572 10576 10580 10584
          10588 10592 10596 10600 10604 10608
          10612 10616 10620 10624 10628 10632
          10636 10640 10644 10648 10652 10656
          10660 10664 10668 10672 10676 10680
          10684 10688 10692 10696 10700 10704
          10708 10712 10716 10720 10724 10728
          10732 10736 10740 10744 10748 10752
          10756 10760 10764 10768 10772 10776
          10780 10784 10788 10792 10796 10800
          10804 10808 10812 10816 10820 10824
          10828 10832 10836 10840 10844 10848
          10852 10856 10860 10864 10868 10872
          10876 10880 10884 10888 10892 10896
          10900 10904 10908 10912 10916 10920
          10924 10928 10932 10936 10940 10944
          10948 10952 10956 10960 10964 10968
          10972 10976 10980 10984 10988 10992
          10996 11000 11004 11008 11012 11016
          11020 11024 11028 11032 11036 11040
          11044 11048 11052 11056 11060 11064
          11068 11072 11076 11080 11084 11088
          11092 11096 11100 11104 11108 11112
          11116 11120 11124 11128 11132 11136
          11140 11144 11148 11152 11156 11160
          11164 11168 11172 11176 11180 11184
          11188 11192 11196 11200 11204 11208
          11212 11216 11220 11224 11228 11232
          11236 11240 11244 11248 11252 11256
          11260 11264 11268 11272 11276 11280
          11284 11288 11292 11296 11300 11304
          11308 11312 11316 11320 11324 11328
          11332 11336 11340 11344 11348 11352
          11356 11360 11364 11368 11372 11376
          11380 11384 11388 11392 11396 11400
          11404 11408 11412 11416 11420 11424
          11428 11432 11436 11440 11444 11448
          11452 11456 11460 11464 11468 11472
          11476 11480 11484 11488 11492 11496
          11500 11504 11508 11512 11516 11520
          11524 11528 11532 11536 11540 11544
          11548 11552 11556 11560 11564 11568
          11572 11576 11580 11584 11588 11592
          11596 11600 11604 11608 11612 11616
          11620 11624 11628 11632 11636 11640
          11644 11648 11652 11656 11660 11664
          11668 11672 11676 11680 11684 11688
          11692 11696 11700 11704 11708 11712
          11716 11720 11724 11728 11732 11736
          11740 11744 11748 11752 11756 11760
          11764 11768 11772 11776 11780 11784
          11788 11792 11796 11800 11804 11808
          11812 11816 11820 11824 11828 11832
          11836 11840 11844 11848 11852 11856
          11860 11864 11868 11872 11876 11880
          11884 11888 11892 11896 11900 11904
          11908 11912 11916 11920 11924 11928
          11932 11936 11940 11944 11948 11952
          11956 11960 11964 11968 11972 11976
          11980 11984 11988 11992 11996 12000
          12004 12008 12012 12016 12020 12024
          12028 12032 12036 12040 12044 12048
          12052 12056 12060 12064 12068 12072
          12076 12080 12084 12088 12092 12096
          12100 12104 12108 12112 12116 12120
          12124 12128 12132 12136 12140 12144
          12148 12152 12156 12160 12164 12168
          12172 12176 12180 12184 12188 12192
          12196 12200 12204 12208 12212 12216
          12220 12224 12228 12232 12236 12240
          12244 12248 12252 12256 12260 12264
          12268 12272 12276 12280 12284 12288
          12292 12296 12300 12304 12308 12312
          12316 12320 12324 12328 12332 12336
          12340 12344 12348 12352 12356 12360
          12364 12368 12372 12376 12380 12384
          12388 12392 12396 12400 12404 12408
          12412 12416 12420 12424 12428 12432
          12436 12440 12444 12448 12452 12456
          12460 12464 12468 12472 12476 12480
          12484 12488 12492 12496 12500 12504
          12508 12512 12516 12520 12524 12528
          12532 12536 12540 12544 12548 12552
          12556 12560 12564 12568 12572 12576
          12580 12584 12588 12592 12596 12600
          12604 12608 12612 12616 12620 12624
          12628 12632 12636 12640 12644 12648
          12652 12656 12660 12664 12668 12672
          12676 12680 12684 12688 12692 12696
          12700 12704 12708 12712 12716 12720
          12724 12728 12732 12736 12740 12744
          12748 12752 12756 12760 12764 12768
          12772 12776 12780 12784 12788 12792
          12796 12800 12804 12808 12812 12816
          12820 12824 12828 12832 12836 12840
          12844 12848 12852 12856 12860 12864
          12868 12872 12876 12880 12884 12888
          12892 12896 12900 12904 12908 12912
          12916 12920 12924 12928 12932 12936
          12940 12944 12948 12952 12956 12960
          12964 12968 12972 12976 12980 12984
          12988 12992 12996 13000 13004 13008
          13012 13016 13020 13024 13028 13032
          13036 13040 13044 13048 13052 13056
          13060 13064 13068 13072 13076 13080
          13084 13088 13092 13096 13100 13104
          13108 13112 13116 13120 13124 13128
          13132 13136 13140 13144 13148 13152
          13156 13160 13164 13168 13172 13176
          13180 13184 13188 13192 13196 13200
          13204 13208 13212 13216 13220 13224
          13228 13232 13236 13240 13244 13248
          13252 13256 13260 13264 13268 13272
          13276 13280 13284 13288 13292 13296
          13300 13304 13308 13312 13316 13320
          13324 13328 13332 13336 13340 13344
          13348 13352 13356 13360 13364 13368
          13372 13376 13380 13384 13388 13392
          13396 13400 13404 13408 13412 13416
          13420 13424 13428 13432 13436 13440
          13444 13448 13452 13456 13460 13464
          13468 13472 13476 13480 13484 13488
          13492 13496 13500 13504 13508 13512
          13516 13520 13524 13528 13532 13536
          13540 13544 13548 13552 13556 13560
          13564 13568 13572 13576 13580 13584
          13588 13592 13596 13600 13604 13608
          13612 13616 13620 13624 13628 13632
          13636 13640 13644 13648 13652 13656
          13660 13664 13668 13672 13676 13680
          13684 13688 13692 13696 13700 13704
          13708 13712 13716 13720 13724 13728
          13732 13736 13740 13744 13748 13752
          13756 13760 13764 13768 13772 13776
          13780 13784 13788 13792 13796 13800
          13804 13808 13812 13816 13820 13824
          13828 13832 13836 13840 13844 13848
          13852 13856 13860 13864 13868 13872
          13876 13880 13884 13888 13892 13896
          13900 13904 13908 13912 13916 13920
          13924 13928 13932 13936 13940 13944
          13948 13952 13956 13960 13964 13968
          13972 13976 13980 13984 13988 13992
          13996 14000 14004 14008 14012 14016
          14020 14024 14028 14032 14036 14040
          14044 14048 14052 14056 14060 14064
          14068 14072 14076 14080 14084 14088
          14092 14096 14100 14104 14108 14112
          14116 14120 14124 14128 14132 14136
          14140 14144 14148 14152 14156 14160
          14164 14168 14172 14176 14180 14184
          14188 14192 14196 14200 14204 14208
          14212 14216 14220 14224 14228 14232
          14236 14240 14244 14248 14252 14256
          14260 14264 14268 14272 14276 14280
          14284 14288 14292 14296 14300 14304
          14308 14312 14316 14320 14324 14328
          14332 14336 14340 14344 14348 14352
          14356 14360 14364 14368 14372 14376
          14380 14384 14388 14392 14396 14400
          14404 14408 14412 14416 14420 14424
          14428 14432 14436 14440 14444 14448
          14452 14456 14460 14464 14468 14472
          14476 14480 14484 14488 14492 14496
          14500 14504 14508 14512 14516 14520
          14524 14528 14532 14536 14540 14544
          14548 14552 14556 14560 14564 14568
          14572 14576 14580 14584 14588 14592
          14596 14600 14604 14608 14612 14616
          14620 14624 14628 14632 14636 14640
          14644 14648 14652 14656 14660 14664
          14668 14672 14676 14680 14684 14688
          14692 14696 14700 14704 14708 14712
          14716 14720 14724 14728 14732 14736
          14740 14744 14748 14752 14756 14760
          14764 14768 14772 14776 14780 14784
          14788 14792 14796 14800 14804 14808
          14812 14816 14820 14824 14828 14832
          14836 14840 14844 14848 14852 14856
          14860 14864 14868 14872 14876 14880
          14884 14888 14892 14896 14900 14904
          14908 14912 14916 14920 14924 14928
          14932 14936 14940 14944 14948 14952
          14956 14960 14964 14968 14972 14976
          14980 14984 14988 14992 14996 15000
          15004 15008 15012 15016 15020 15024
          15028 15032 15036 15040 15044 15048
          15052 15056 15060 15064 15068 15072
          15076 15080 15084 15088 15092 15096
          15100 15104 15108 15112 15116 15120
          15124 15128 15132 15136 15140 15144
          15148 15152 15156 15160 15164 15168
          15172 15176 15180 15184 15188 15192
          15196 15200 15204 15208 15212 15216
          15220 15224 15228 15232 15236 15240
          15244 15248 15252 15256 15260 15264
          15268 15272 15276 15280 15284 15288
          15292 15296 15300 15304 15308 15312
          15316 15320 15324 15328 15332 15336
          15340 15344 15348 15352 15356 15360
          15364 15368 15372 15376 15380 15384
          15388 15392 15396 15400 15404 15408
          15412 15416 15420 15424 15428 15432
          15436 15440 15444 15448 15452 15456
          15460 15464 15468 15472 15476 15480
          15484 15488 15492 15496 15500 15504
          15508 15512 15516 15520 15524 15528
          15532 15536 15540 15544 15548 15552
          15556 15560 15564 15568 15572 15576
          15580 15584 15588 15592 15596 15600
          15604 15608 15612 15616 15620 15624
          15628 15632 15636 15640 15644 15648
          15652 15656 15660 15664 15668 15672
          15676 15680 15684 15688 15692 15696
          15700 15704 15708 15712 15716 15720
          15724 15728 15732 15736 15740 15744
          15748 15752 15756 15760 15764 15768
          15772 15776 15780 15784 15788 15792
          15796 15800 15804 15808 15812 15816
          15820 15824 15828 15832 15836 15840
          15844 15848 15852 15856 15860 15864
          15868 15872 15876 15880 15884 15888
          15892 15896 15900 15904 15908 15912
          15916 15920 15924 15928 15932 15936
          15940 15944 15948 15952 15956 15960
          15964 15968 15972 15976 15980 15984
          15988 15992 15996 16000 16004 16008
          16012 16016 16020 16024 16028 16032
          16036 16040 16044 16048 16052 16056
          16060 16064 16068 16072 16076 16080
          16084 16088 16092 16096 16100 16104
          16108 16112 16116 16120 16124 16128
          16132 16136 16140 16144 16148 16152
          16156 16160 16164 16168 16172 16176
          16180 16184 16188 16192 16196 16200
          16204 16208 16212 16216 16220 16224
          16228 16232 16236 16240 16244 16248
          16252 16256 16260 16264 16268 16272
          16276 16280 16284 16288 16292 16296
          16300 16304 16308 16312 16316 16320
          16324 16328 16332 16336 16340 16344
          16348 16352 16356 16360 16364 16368
          16372 16376 16380 16384 16388 16392
          16396 16400 16404 16408 16412 16416
          16420 16424 16428 16432 16436 16440
          16444 16448 16452 16456 16460 16464
          16468 16472 16476 16480 16484 16488
          16492 16496 16500 16504 16508 16512
          16516 16520 16524 16528 16532 16536
          16540 16544 16548 16552 16556 16560
          16564 16568 16572 16576 16580 16584
          16588 16592 16596 16600 16604 16608
          16612 16616 16620 16624 16628 16632
          16636 16640 16644 16648 16652 16656
          16660 16664 16668 16672 16676 16680
          16684 16688 16692 16696 16700 16704
          16708 16712 16716 16720 16724 16728
          16732 16736 16740 16744 16748 16752
          16756 16760 16764 16768 16772 16776
          16780 16784 16788 16792 16796 16800
          16804 16808 16812 16816 16820 16824
          16828 16832 16836 16840 16844 16848
          16852 16856 16860 16864 16868 16872
          16876 16880 16884 16888 16892 16896
          16900 16904 16908 16912 16916 16920
          16924 16928 16932 16936 16940 16944
          16948 16952 16956 16960 16964 16968
          16972 16976 16980 16984 16988 16992
          16996 17000 17004 17008 17012 17016
          17020 17024 17028 17032 17036 17040
          17044 17048 17052 17056 17060 17064
          17068 17072 17076 17080 17084 17088
          17092 17096 17100 17104 17108 17112
          17116 17120 17124 17128 17132 17136
          17140 17144 17148 17152 17156 17160
          17164 17168 17172 17176 17180 17184
          17188 17192 17196 17200 17204 17208
          17212 17216 17220 17224 17228 17232
          17236 17240 17244 17248 17252 17256
          17260 17264 17268 17272 17276 17280
          17284 17288 17292 17296 17300 17304
          17308 17312 17316 17320 17324 17328
          17332 17336 17340 17344 17348 17352
          17356 17360 17364 17368 17372 17376
          17380 17384 17388 17392 17396 17400
          17404 17408 17412 17416 17420 17424
          17428 17432 17436 17440 17444 17448
          17452 17456 17460 17464 17468 17472
          17476 17480 17484 17488 17492 17496
          17500 17504 17508 17512 17516 17520
          17524 17528 17532 17536 17540 17544
          17548 17552 17556 17560 17564 17568
          17572 17576 17580 17584 17588 17592
          17596 17600 17604 17608 17612 17616
          17620 17624 17628 17632 17636 17640
          17644 17648 17652 17656 17660 17664
          17668 17672 17676 17680 17684 17688
          17692 17696 17700 17704 17708 17712
          17716 17720 17724 17728 17732 17736
          17740 17744 17748 17752 17756 17760
          17764 17768 17772 17776 17780 17784
          17788 17792 17796 17800 17804 17808
          17812 17816 17820 17824 17828 17832
          17836 17840 17844 17848 17852 17856
          17860 17864 17868 17872 17876 17880
          17884 17888 17892 17896 17900 17904
          17908 17912 17916 17920 17924 17928
          17932 17936 17940 17944 17948 17952
          17956 17960 17964 17968 17972 17976
          17980 17984 17988 17992 17996 18000
          18004 18008 18012 18016 18020 18024
          18028 18032 18036 18040 18044 18048
          18052 18056 18060 18064 18068 18072
          18076 18080 18084 18088 18092 18096
          18100 18104 18108 18112 18116 18120
          18124 18128 18132 18136 18140 18144
          18148 18152 18156 18160 18164 18168
          18172 18176 18180 18184 18188 18192
          18196 18200 18204 18208 18212 18216
          18220 18224 18228 18232 18236 18240
          18244 18248 18252 18256 18260 18264
          18268 18272 18276 18280 18284 18288
          18292 18296 18300 18304 18308 18312
          18316 18320 18324 18328 18332 18336
          18340 18344 18348 18352 18356 18360
          18364 18368 18372 18376 18380 18384
          18388 18392 18396 18400 18404 18408
          18412 18416 18420 18424 18428 18432
          18436 18440 18444 18448 18452 18456
          18460 18464 18468 18472 18476 18480
          18484 18488 18492 18496 18500 18504
          18508 18512 18516 18520 18524 18528
          18532 18536 18540 18544 18548 18552
          18556 18560 18564 18568 18572 18576
          18580 18584 18588 18592 18596 18600
          18604 18608 18612 18616 18620 18624
          18628 18632 18636 18640 18644 18648
          18652 18656 18660 18664 18668 18672
          18676 18680 18684 18688 18692 18696
          18700 18704 18708 18712 18716 18720
          18724 18728 18732 18736 18740 18744
          18748 18752 18756 18760 18764 18768
          18772 18776 18780 18784 18788 18792
          18796 18800 18804 18808 18812 18816
          18820 18824 18828 18832 18836 18840
          18844 18848 18852 18856 18860 18864
          18868 18872 18876 18880 18884 18888
          18892 18896 18900 18904 18908 18912
          18916 18920 18924 18928 18932 18936
          18940 18944 18948 18952 18956 18960
          18964 18968 18972 18976 18980 18984
          18988 18992 18996 19000 19004 19008
          19012 19016 19020 19024 19028 19032
          19036 19040 19044 19048 19052 19056
          19060 19064 19068 19072 19076 19080
          19084 19088 19092 19096 19100 19104
          19108 19112 19116 19120 19124 19128
          19132 19136 19140 19144 19148 19152
          19156 19160 19164 19168 19172 19176
          19180 19184 19188 19192 19196 19200
          19204 19208 19212 19216 19220 19224
          19228 19232 19236 19240 19244 19248
          19252 19256 19260 19264 19268 19272
          19276 19280 19284 19288 19292 19296
          19300 19304 19308 19312 19316 19320
          19324 19328 19332 19336 19340 19344
          19348 19352 19356 19360 19364 19368
          19372 19376 19380 19384 19388 19392
          19396 19400 19404 19408 19412 19416
          19420 19424 19428 19432 19436 19440
          19444 19448 19452 19456 19460 19464
          19468 19472 19476 19480 19484 19488
          19492 19496 19500 19504 19508 19512
          19516 19520 19524 19528 19532 19536
          19540 19544 19548 19552 19556 19560
          19564 19568 19572 19576 19580 19584
          19588 19592 19596 19600 19604 19608
          19612 19616 19620 19624 19628 19632
          19636 19640 19644 19648 19652 19656
          19660 19664 19668 19672 19676 19680
          19684 19688 19692 19696 19700 19704
          19708 19712 19716 19720 19724 19728
          19732 19736 19740 19744 19748 19752
          19756 19760 19764 19768 19772 19776
          19780 19784 19788 19792 19796 19800
          19804 19808 19812 19816 19820 19824
          19828 19832 19836 19840 19844 19848
          19852 19856 19860 19864 19868 19872
          19876 19880 19884 19888 19892 19896
          19900 19904 19908 19912 19916 19920
          19924 19928 19932 19936 19940 19944
          19948 19952 19956 19960 19964 19968
          19972 19976 19980 19984 19988 19992
          19996 20000 20004 20008 20012 20016
          20020 20024 20028 20032 20036 20040
          20044 20048 20052 20056 20060 20064
          20068 20072 20076 20080 20084 20088
          20092 20096 20100 20104 20108 20112
          20116 20120 20124 20128 20132 20136
          20140 20144 20148 20152 20156 20160
          20164 20168 20172 20176 20180 20184
          20188 20192 20196 20200 20204 20208
          20212 20216 20220 20224 20228 20232
          20236 20240 20244 20248 20252 20256
          20260 20264 20268 20272 20276 20280
          20284 20288 20292 20296 20300 20304
          20308 20312 20316 20320 20324 20328
          20332 20336 20340 20344 20348 20352
          20356 20360 20364 20368 20372 20376
          20380 20384 20388 20392 20396 20400
          20404 20408 20412 20416 20420 20424
          20428 20432 20436 20440 20444 20448
          20452 20456 20460 20464 20468 20472
          20476 20480 20484 20488 20492 20496
          20500 20504 20508 20512 20516 20520
          20524 20528 20532 20536 20540 20544
          20548 20552 20556 20560 20564 20568
          20572 20576 20580 20584 20588 20592
          20596 20600 20604 20608 20612 20616
          20620 20624 20628 20632 20636 20640
          20644 20648 20652 20656 20660 20664
          20668 20672 20676 20680 20684 20688
          20692 20696 20700 20704 20708 20712
          20716 20720 20724 20728 20732 20736
          20740 20744 20748 20752 20756 20760
          20764 20768 20772 20776 20780 20784
          20788 20792 20796 20800 20804 20808
          20812 20816 20820 20824 20828 20832
          20836 20840 20844 20848 20852 20856
          20860 20864 20868 20872 20876 20880
          20884 20888 20892 20896 20900 20904
          20908 20912 20916 20920 20924 20928
          20932 20936 20940 20944 20948 20952
          20956 20960 20964 20968 20972 20976
          20980 20984 20988 20992 20996 21000
          21004 21008 21012 21016 21020 21024
          21028 21032 21036 21040 21044 21048
          21052 21056 21060 21064 21068 21072
          21076 21080 21084 21088 21092 21096
          21100 21104 21108 21112 21116 21120
          21124 21128 21132 21136 21140 21144
          21148 21152 21156 21160 21164 21168
          21172 21176 21180 21184 21188 21192
          21196 21200 21204 21208 21212 21216
          21220 21224 21228 21232 21236 21240
          21244 21248 21252 21256 21260 21264
          21268 21272 21276 21280 21284 21288
          21292 21296 21300 21304 21308 21312
          21316 21320 21324 21328 21332 21336
          21340 21344 21348 21352 21356 21360
          21364 21368 21372 21376 21380 21384
          21388 21392 21396 21400 21404 21408
          21412 21416 21420 21424 21428 21432
          21436 21440 21444 21448 21452 21456
          21460 21464 21468 21472 21476 21480
          21484 21488 21492 21496 21500 21504
          21508 21512 21516 21520 21524 21528
          21532 21536 21540 21544 21548 21552
          21556 21560 21564 21568 21572 21576
          21580 21584 21588 21592 21596 21600
          21604 21608 21612 21616 21620 21624
          21628 21632 21636 21640 21644 21648
          21652 21656 21660 21664 21668 21672
          21676 21680 21684 21688 21692 21696
          21700 21704 21708 21712 21716 21720
          21724 21728 21732 21736 21740 21744
          21748 21752 21756 21760 21764 21768
          21772 21776 21780 21784 21788 21792
          21796 21800 21804 21808 21812 21816
          21820 21824 21828 21832 21836 21840
          21844 21848 21852 21856 21860 21864
          21868 21872 21876 21880 21884 21888
          21892 21896 21900 21904 21908 21912
          21916 21920 21924 21928 21932 21936
          21940 21944 21948 21952 21956 21960
          21964 21968 21972 21976 21980 21984
          21988 21992 21996 22000 22004 22008
          22012 22016 22020 22024 22028 22032
          22036 22040 22044 22048 22052 22056
          22060 22064 22068 22072 22076 22080
          22084 22088 22092 22096 22100 22104
          22108 22112 22116 22120 22124 22128
          22132 22136 22140 22144 22148 22152
          22156 22160 22164 22168 22172 22176
          22180 22184 22188 22192 22196 22200
          22204 22208 22212 22216 22220 22224
          22228 22232 22236 22240 22244 22248
          22252 22256 22260 22264 22268 22272
          22276 22280 22284 22288 22292 22296
          22300 22304 22308 22312 22316 22320
          22324 22328 22332 22336 22340 22344
          22348 22352 22356 22360 22364 22368
          22372 22376 22380 22384 22388 22392
          22396 22400 22404 22408 22412 22416
          22420 22424 22428 22432 22436 22440
          22444 22448 22452 22456 22460 22464
          22468 22472 22476 22480 22484 22488
          22492 22496 22500 22504 22508 22512
          22516 22520 22524 22528 22532 22536
          22540 22544 22548 22552 22556 22560
          22564 22568 22572 22576 22580 22584
          22588 22592 22596 22600 22604 22608
          22612 22616 22620 22624 22628 22632
          22636 22640 22644 22648 22652 22656
          22660 22664 22668 22672 22676 22680
          22684 22688 22692 22696 22700 22704
          22708 22712 22716 22720 22724 22728
          22732 22736 22740 22744 22748 22752
          22756 22760 22764 22768 22772 22776
          22780 22784 22788 22792 22796 22800
          22804 22808 22812 22816 22820 22824
          22828 22832 22836 22840 22844 22848
          22852 22856 22860 22864 22868 22872
          22876 22880 22884 22888 22892 22896
          22900 22904 22908 22912 22916 22920
          22924 22928 22932 22936 22940 22944
          22948 22952 22956 22960 22964 22968
          22972 22976 22980 22984 22988 22992
          22996 23000 23004 23008 23012 23016
          23020 23024 23028 23032 23036 23040
          23044 23048 23052 23056 23060 23064
          23068 23072 23076 23080 23084 23088
          23092 23096 23100 23104 23108 23112
          23116 23120 23124 23128 23132 23136
          23140 23144 23148 23152 23156 23160
          23164 23168 23172 23176 23180 23184
          23188 23192 23196 23200 23204 23208
          23212 23216 23220 23224 23228 23232
          23236 23240 23244 23248 23252 23256
          23260 23264 23268 23272 23276 23280
          23284 23288 23292 23296 23300 23304
          23308 23312 23316 23320 23324 23328
          23332 23336 23340 23344 23348 23352
          23356 23360 23364 23368 23372 23376
          23380 23384 23388 23392 23396 23400
          23404 23408 23412 23416 23420 23424
          23428 23432 23436 23440 23444 23448
          23452 23456 23460 23464 23468 23472
          23476 23480 23484 23488 23492 23496
          23500 23504 23508 23512 23516 23520
          23524 23528 23532 23536 23540 23544
          23548 23552 23556 23560 23564 23568
          23572 23576 23580 23584 23588 23592
          23596 23600 23604 23608 23612 23616
          23620 23624 23628 23632 23636 23640
          23644 23648 23652 23656 23660 23664
          23668 23672 23676 23680 23684 23688
          23692 23696 23700 23704 23708 23712
          23716 23720 23724 23728 23732 23736
          23740 23744 23748 23752 23756 23760
          23764 23768 23772 23776 23780 23784
          23788 23792 23796 23800 23804 23808
          23812 23816 23820 23824 23828 23832
          23836 23840 23844 23848 23852 23856
          23860 23864 23868 23872 23876 23880
          23884 23888 23892 23896 23900 23904
          23908 23912 23916 23920 23924 23928
          23932 23936 23940 23944 23948 23952
          23956 23960 23964 23968 23972 23976
          23980 23984 23988 23992 23996 24000
          24004 24008 24012 24016 24020 24024
          24028 24032 24036 24040 24044 24048
          24052 24056 24060 24064 24068 24072
          24076 24080 24084 24088 24092 24096
          24100 24104 24108 24112 24116 24120
          24124 24128 24132 24136 24140 24144
          24148 24152 24156 24160 24164 24168
          24172 24176 24180 24184 24188 24192
          24196 24200 24204 24208 24212 24216
          24220 24224 24228 24232 24236 24240
          24244 24248 24252 24256 24260 24264
          24268 24272 24276 24280 24284 24288
          24292 24296 24300 24304 24308 24312
          24316 24320 24324 24328 24332 24336
          24340 24344 24348 24352 24356 24360
          24364 24368 24372 24376 24380 24384
          24388 24392 24396 24400 24404 24408
          24412 24416 24420 24424 24428 24432
          24436 24440 24444 24448 24452 24456
          24460 24464 24468 24472 24476 24480
          24484 24488 24492 24496 24500 24504
          24508 24512 24516 24520 24524 24528
          24532 24536 24540 24544 24548 24552
          24556 24560 24564 24568 24572 24576
          24580 24584 24588 24592 24596 24600
          24604 24608 24612 24616 24620 24624
          24628 24632 24636 24640 24644 24648
          24652 24656 24660 24664 24668 24672
          24676 24680 24684 24688 24692 24696
          24700 24704 24708 24712 24716 24720
          24724 24728 24732 24736 24740 24744
          24748 24752 24756 24760 24764 24768
          24772 24776 24780 24784 24788 24792
          24796 24800 24804 24808 24812 24816
          24820 24824 24828 24832 24836 24840
          24844 24848 24852 24856 24860 24864
          24868 24872 24876 24880 24884 24888
          24892 24896 24900 24904 24908 24912
          24916 24920 24924 24928 24932 24936
          24940 24944 24948 24952 24956 24960
          24964 24968 24972 24976 24980 24984
          24988 24992 24996 25000 25004 25008
          25012 25016 25020 25024 25028 25032
          25036 25040 25044 25048 25052 25056
          25060 25064 25068 25072 25076 25080
          25084 25088 25092 25096 25100 25104
          25108 25112 25116 25120 25124 25128
          25132 25136 25140 25144 25148 25152
          25156 25160 25164 25168 25172 25176
          25180 25184 25188 25192 25196 25200
          25204 25208 25212 25216 25220 25224
          25228 25232 25236 25240 25244 25248
          25252 25256 25260 25264 25268 25272
          25276 25280 25284 25288 25292 25296
          25300 25304 25308 25312 25316 25320
          25324 25328 25332 25336 25340 25344
          25348 25352 25356 25360 25364 25368
          25372 25376 25380 25384 25388 25392
          25396 25400 25404 25408 25412 25416
          25420 25424 25428 25432 25436 25440
          25444 25448 25452 25456 25460 25464
          25468 25472 25476 25480 25484 25488
          25492 25496 25500 25504 25508 25512
          25516 25520 25524 25528 25532 25536
          25540 25544 25548 25552 25556 25560
          25564 25568 25572 25576 25580 25584
          25588 25592 25596 25600 25604 25608
          25612 25616 25620 25624 25628 25632
          25636 25640 25644 25648 25652 25656
          25660 25664 25668 25672 25676 25680
          25684 25688 25692 25696 25700 25704
          25708 25712 25716 25720 25724 25728
          25732 25736 25740 25744 25748 25752
          25756 25760 25764 25768 25772 25776
          25780 25784 25788 25792 25796 25800
          25804 25808 25812 25816 25820 25824
          25828 25832 25836 25840 25844 25848
          25852 25856 25860 25864 25868 25872
          25876 25880 25884 25888 25892 25896
          25900 25904 25908 25912 25916 25920
          25924 25928 25932 25936 25940 25944
          25948 25952 25956 25960 25964 25968
          25972 25976 25980 25984 25988 25992
          25996 26000 26004 26008 26012 26016
          26020 26024 26028 26032 26036 26040
          26044 26048 26052 26056 26060 26064
          26068 26072 26076 26080 26084 26088
          26092 26096 26100 26104 26108 26112
          26116 26120 26124 26128 26132 26136
          26140 26144 26148 26152 26156 26160
          26164 26168 26172 26176 26180 26184
          26188 26192 26196 26200 26204 26208
          26212 26216 26220 26224 26228 26232
          26236 26240 26244 26248 26252 26256
          26260 26264 26268 26272 26276 26280
          26284 26288 26292 26296 26300 26304
          26308 26312 26316 26320 26324 26328
          26332 26336 26340 26344 26348 26352
          26356 26360 26364 26368 26372 26376
          26380 26384 26388 26392 26396 26400
          26404 26408 26412 26416 26420 26424
          26428 26432 26436 26440 26444 26448
          26452 26456 26460 26464 26468 26472
          26476 26480 26484 26488 26492 26496
          26500 26504 26508 26512 26516 26520
          26524 26528 26532 26536 26540 26544
          26548 26552 26556 26560 26564 26568
          26572 26576 26580 26584 26588 26592
          26596 26600 26604 26608 26612 26616
          26620 26624 26628 26632 26636 26640
          26644 26648 26652 26656 26660 26664
          26668 26672 26676 26680 26684 26688
          26692 26696 26700 26704 26708 26712
          26716 26720 26724 26728 26732 26736
          26740 26744 26748 26752 26756 26760
          26764 26768 26772 26776 26780 26784
          26788 26792 26796 26800 26804 26808
          26812 26816 26820 26824 26828 26832
          26836 26840 26844 26848 26852 26856
          26860 26864 26868 26872 26876 26880
          26884 26888 26892 26896 26900 26904
          26908 26912 26916 26920 26924 26928
          26932 26936 26940 26944 26948 26952
          26956 26960 26964 26968 26972 26976
          26980 26984 26988 26992 26996 27000
          27004 27008 27012 27016 27020 27024
          27028 27032 27036 27040 27044 27048
          27052 27056 27060 27064 27068 27072
          27076 27080 27084 27088 27092 27096
          27100 27104 27108 27112 27116 27120
          27124 27128 27132 27136 27140 27144
          27148 27152 27156 27160 27164 27168
          27172 27176 27180 27184 27188 27192
          27196 27200 27204 27208 27212 27216
          27220 27224 27228 27232 27236 27240
          27244 27248 27252 27256 27260 27264
          27268 27272 27276 27280 27284 27288
          27292 27296 27300 27304 27308 27312
          27316 27320 27324 27328 27332 27336
          27340 27344 27348 27352 27356 27360
          27364 27368 27372 27376 27380 27384
          27388 27392 27396 27400 27404 27408
          27412 27416 27420 27424 27428 27432
          27436 27440 27444 27448 27452 27456
          27460 27464 27468 27472 27476 27480
          27484 27488 27492 27496 27500 27504
          27508 27512 27516 27520 27524 27528
          27532 27536 27540 27544 27548 27552
          27556 27560 27564 27568 27572 27576
          27580 27584 27588 27592 27596 27600
          27604 27608 27612 27616 27620 27624
          27628 27632 27636 27640 27644 27648
          27652 27656 27660 27664 27668 27672
          27676 27680 27684 27688 27692 27696
          27700 27704 27708 27712 27716 27720
          27724 27728 27732 27736 27740 27744
          27748 27752 27756 27760 27764 27768
          27772 27776 27780 27784 27788 27792
          27796 27800 27804 27808 27812 27816
          27820 27824 27828 27832 27836 27840
          27844 27848 27852 27856 27860 27864
          27868 27872 27876 27880 27884 27888
          27892 27896 27900 27904 27908 27912
          27916 27920 27924 27928 27932 27936
          27940 27944 27948 27952 27956 27960
          27964 27968 27972 27976 27980 27984
          27988 27992 27996 28000 28004 28008
          28012 28016 28020 28024 28028 28032
          28036 28040 28044 28048 28052 28056
          28060 28064 28068 28072 28076 28080
          28084 28088 28092 28096 28100 28104
          28108 28112 28116 28120 28124 28128
          28132 28136 28140 28144 28148 28152
          28156 28160 28164 28168 28172 28176
          28180 28184 28188 28192 28196 28200
          28204 28208 28212 28216 28220 28224
          28228 28232 28236 28240 28244 28248
          28252 28256 28260 28264 28268 28272
          28276 28280 28284 28288 28292 28296
          28300 28304 28308 28312 28316 28320
          28324 28328 28332 28336 28340 28344
          28348 28352 28356 28360 28364 28368
          28372 28376 28380 28384 28388 28392
          28396 28400 28404 28408 28412 28416
          28420 28424 28428 28432 28436 28440
          28444 28448 28452 28456 28460 28464
          28468 28472 28476 28480 28484 28488
          28492 28496 28500 28504 28508 28512
          28516 28520 28524 28528 28532 28536
          28540 28544 28548 28552 28556 28560
          28564 28568 28572 28576 28580 28584
          28588 28592 28596 28600 28604 28608
          28612 28616 28620 28624 28628 28632
          28636 28640 28644 28648 28652 28656
          28660 28664 28668 28672 28676 28680
          28684 28688 28692 28696 28700 28704
          28708 28712 28716 28720 28724 28728
          28732 28736 28740 28744 28748 28752
          28756 28760 28764 28768 28772 28776
          28780 28784 28788 28792 28796 28800
          28804 28808 28812 28816 28820 28824
          28828 28832 28836 28840 28844 28848
          28852 28856 28860 28864 28868 28872
          28876 28880 28884 28888 28892 28896
          28900 28904 28908 28912 28916 28920
          28924 28928 28932 28936 28940 28944
          28948 28952 28956 28960 28964 28968
          28972 28976 28980 28984 28988 28992
          28996 29000 29004 29008 29012 29016
          29020 29024 29028 29032 29036 29040
          29044 29048 29052 29056 29060 29064
          29068 29072 29076 29080 29084 29088
          29092 29096 29100 29104 29108 29112
          29116 29120 29124 29128 29132 29136
          29140 29144 29148 29152 29156 29160
          29164 29168 29172 29176 29180 29184
          29188 29192 29196 29200 29204 29208
          29212 29216 29220 29224 29228 29232
          29236 29240 29244 29248 29252 29256
          29260 29264 29268 29272 29276 29280
          29284 29288 29292 29296 29300 29304
          29308 29312 29316 29320 29324 29328
          29332 29336 29340 29344 29348 29352
          29356 29360 29364 29368 29372 29376
          29380 29384 29388 29392 29396 29400
          29404 29408 29412 29416 29420 29424
          29428 29432 29436 29440 29444 29448
          29452 29456 29460 29464 29468 29472
          29476 29480 29484 29488 29492 29496
          29500 29504 29508 29512 29516 29520
          29524 29528 29532 29536 29540 29544
          29548 29552 29556 29560 29564 29568
          29572 29576 29580 29584 29588 29592
          29596 29600 29604 29608 29612 29616
          29620 29624 29628 29632 29636 29640
          29644 29648 29652 29656 29660 29664
          29668 29672 29676 29680 29684 29688
          29692 29696 29700 29704 29708 29712
          29716 29720 29724 29728 29732 29736
          29740 29744 29748 29752 29756 29760
          29764 29768 29772 29776 29780 29784
          29788 29792 29796 29800 29804 29808
          29812 29816 29820 29824 29828 29832
          29836 29840 29844 29848 29852 29856
          29860 29864 29868 29872 29876 29880
          29884 29888 29892 29896 29900 29904
          29908 29912 29916 29920 29924 29928
          29932 29936 29940 29944 29948 29952
          29956 29960 29964 29968 29972 29976
          29980 29984 29988 29992 29996 30000
          30004 30008 30012 30016 30020 30024
          30028 30032 30036 30040 30044 30048
          30052 30056 30060 30064 30068 30072
          30076 30080 30084 30088 30092 30096
          30100 30104 30108 30112 30116 30120
          30124 30128 30132 30136 30140 30144
          30148 30152 30156 30160 30164 30168
          30172 30176 30180 30184 30188 30192
          30196 30200 30204 30208 30212 30216
          30220 30224 30228 30232 30236 30240
          30244 30248 30252 30256 30260 30264
          30268 30272 30276 30280 30284 30288
          30292 30296 30300 30304 30308 30312
          30316 30320 30324 30328 30332 30336
          30340 30344 30348 30352 30356 30360
          30364 30368 30372 30376 30380 30384
          30388 30392 30396 30400 30404 30408
          30412 30416 30420 30424 30428 30432
          30436 30440 30444 30448 30452 30456
          30460 30464 30468 30472 30476 30480
          30484 30488 30492 30496 30500 30504
          30508 30512 30516 30520 30524 30528
          30532 30536 30540 30544 30548 30552
          30556 30560 30564 30568 30572 30576
          30580 30584 30588 30592 30596 30600
          30604 30608 30612 30616 30620 30624
          30628 30632 30636 30640 30644 30648
          30652 30656 30660 30664 30668 30672
          30676 30680 30684 30688 30692 30696
          30700 30704 30708 30712 30716 30720
          30724 30728 30732 30736 30740 30744
          30748 30752 30756 30760 30764 30768
          30772 30776 30780 30784 30788 30792
          30796 30800 30804 30808 30812 30816
          30820 30824 30828 30832 30836 30840
          30844 30848 30852 30856 30860 30864
          30868 30872 30876 30880 30884 30888
          30892 30896 30900 30904 30908 30912
          30916 30920 30924 30928 30932 30936
          30940 30944 30948 30952 30956 30960
          30964 30968 30972 30976 30980 30984
          30988 30992 30996 31000 31004 31008
          31012 31016 31020 31024 31028 31032
          31036 31040 31044 31048 31052 31056
          31060 31064 31068 31072 31076 31080
          31084 31088 31092 31096 31100 31104
          31108 31112 31116 31120 31124 31128
          31132 31136 31140 31144 31148 31152
          31156 31160 31164 31168 31172 31176
          31180 31184 31188 31192 31196 31200
          31204 31208 31212 31216 31220 31224
          31228 31232 31236 31240 31244 31248
          31252 31256 31260 31264 31268 31272
          31276 31280 31284 31288 31292 31296
          31300 31304 31308 31312 31316 31320
          31324 31328 31332 31336 31340 31344
          31348 31352 31356 31360 31364 31368
          31372 31376 31380 31384 31388 31392
          31396 31400 31404 31408 31412 31416
          31420 31424 31428 31432 31436 31440
          31444 31448 31452 31456 31460 31464
          31468 31472 31476 31480 31484 31488
          31492 31496 31500 31504 31508 31512
          31516 31520 31524 31528 31532 31536
          31540 31544 31548 31552 31556 31560
          31564 31568 31572 31576 31580 31584
          31588 31592 31596 31600 31604 31608
          31612 31616 31620 31624 31628 31632
          31636 31640 31644 31648 31652 31656
          31660 31664 31668 31672 31676 31680
          31684 31688 31692 31696 31700 31704
          31708 31712 31716 31720 31724 31728
          31732 31736 31740 31744 31748 31752
          31756 31760 31764 31768 31772 31776
          31780 31784 31788 31792 31796 31800
          31804 31808 31812 31816 31820 31824
          31828 31832 31836 31840 31844 31848
          31852 31856 31860 31864 31868 31872
          31876 31880 31884 31888 31892 31896
          31900 31904 31908 31912 31916 31920
          31924 31928 31932 31936 31940 31944
          31948 31952 31956 31960 31964 31968
          31972 31976 31980 31984 31988 31992
          31996 32000 32004 32008 32012 32016
          32020 32024 32028 32032 32036 32040
          32044 32048 32052 32056 32060 32064
          32068 32072 32076 32080 32084 32088
          32092 32096 32100 32104 32108 32112
          32116 32120 32124 32128 32132 32136
          32140 32144 32148 32152 32156 32160
          32164 32168 32172 32176 32180 32184
          32188 32192 32196 32200 32204 32208
          32212 32216 32220 32224 32228 32232
          32236 32240 32244 32248 32252 32256
          32260 32264 32268 32272 32276 32280
          32284 32288 32292 32296 32300 32304
          32308 32312 32316 32320 32324 32328
          32332 32336 32340 32344 32348 32352
          32356 32360 32364 32368 32372 32376
          32380 32384 32388 32392 32396 32400
          32404 32408 32412 32416 32420 32424
          32428 32432 32436 32440 32444 32448
          32452 32456 32460 32464 32468 32472
          32476 32480 32484 32488 32492 32496
          32500 32504 32508 32512 32516 32520
          32524 32528 32532 32536 32540 32544
          32548 32552 32556 32560 32564 32568
          32572 32576 32580 32584 32588 32592
          32596 32600 32604 32608 32612 32616
          32620 32624 32628 32632 32636 32640
          32644 32648 32652 32656 32660 32664
          32668 32672 32676 32680 32684 32688
          32692 32696 32700 32704 32708 32712
          32716 32720 32724 32728 32732 32736
          32740 32744 32748 32752 32756 32760
          32764 32768 32772 32776 32780 32784
          32788 32792 32796 32800 32804 32808
          32812 32816 32820 32824 32828 32832
          32836 32840 32844 32848 32852 32856
          32860 32864 32868 32872 32876 32880
          32884 32888 32892 32896 32900 32904
          32908 32912 32916 32920 32924 32928
          32932 32936 32940 32944 32948 32952
          32956 32960 32964 32968 32972 32976
          32980 32984 32988 32992 32996 33000
          33004 33008 33012 33016 33020 33024
          33028 33032 33036 33040 33044 33048
          33052 33056 33060 33064 33068 33072
          33076 33080 33084 33088 33092 33096
          33100 33104 33108 33112 33116 33120
          33124 33128 33132 33136 33140 33144
          33148 33152 33156 33160 33164 33168
          33172 33176 33180 33184 33188 33192
          33196 33200 33204 33208 33212 33216
          33220 33224 33228 33232 33236 33240
          33244 33248 33252 33256 33260 33264
          33268 33272 33276 33280 33284 33288
          33292 33296 33300 33304 33308 33312
          33316 33320 33324 33328 33332 33336
          33340 33344 33348 33352 33356 33360
          33364 33368 33372 33376 33380 33384
          33388 33392 33396 33400 33404 33408
          33412 33416 33420 33424 33428 33432
          33436 33440 33444 33448 33452 33456
          33460 33464 33468 33472 33476 33480
          33484 33488 33492 33496 33500 33504
          33508 33512 33516 33520 33524 33528
          33532 33536 33540 33544 33548 33552
          33556 33560 33564 33568 33572 33576
          33580 33584 33588 33592 33596 33600
          33604 33608 33612 33616 33620 33624
          33628 33632 33636 33640 33644 33648
          33652 33656 33660 33664 33668 33672
          33676 33680 33684 33688 33692 33696
          33700 33704 33708 33712 33716 33720
          33724 33728 33732 33736 33740 33744
          33748 33752 33756 33760 33764 33768
          33772 33776 33780 33784 33788 33792
          33796 33800 33804 33808 33812 33816
          33820 33824 33828 33832 33836 33840
          33844 33848 33852 33856 33860 33864
          33868 33872 33876 33880 33884 33888
          33892 33896 33900 33904 33908 33912
          33916 33920 33924 33928 33932 33936
          33940 33944 33948 33952 33956 33960
          33964 33968 33972 33976 33980 33984
          33988 33992 33996 34000 34004 34008
          34012 34016 34020 34024 34028 34032
          34036 34040 34044 34048 34052 34056
          34060 34064 34068 34072 34076 34080
          34084 34088 34092 34096 34100 34104
          34108 34112 34116 34120 34124 34128
          34132 34136 34140 34144 34148 34152
          34156 34160 34164 34168 34172 34176
          34180 34184 34188 34192 34196 34200
          34204 34208 34212 34216 34220 34224
          34228 34232 34236 34240 34244 34248
          34252 34256 34260 34264 34268 34272
          34276 34280 34284 34288 34292 34296
          34300 34304 34308 34312 34316 34320
          34324 34328 34332 34336 34340 34344
          34348 34352 34356 34360 34364 34368
          34372 34376 34380 34384 34388 34392
          34396 34400 34404 34408 34412 34416
          34420 34424 34428 34432 34436 34440
          34444 34448 34452 34456 34460 34464
          34468 34472 34476 34480 34484 34488
          34492 34496 34500 34504 34508 34512
          34516 34520 34524 34528 34532 34536
          34540 34544 34548 34552 34556 34560
          34564 34568 34572 34576 34580 34584
          34588 34592 34596 34600 34604 34608
          34612 34616 34620 34624 34628 34632
          34636 34640 34644 34648 34652 34656
          34660 34664 34668 34672 34676 34680
          34684 34688 34692 34696 34700 34704
          34708 34712 34716 34720 34724 34728
          34732 34736 34740 34744 34748 34752
          34756 34760 34764 34768 34772 34776
          34780 34784 34788 34792 34796 34800
          34804 34808 34812 34816 34820 34824
          34828 34832 34836 34840 34844 34848
          34852 34856 34860 34864 34868 34872
          34876 34880 34884 34888 34892 34896
          34900 34904 34908 34912 34916 34920
          34924 34928 34932 34936 34940 34944
          34948 34952 34956 34960 34964 34968
          34972 34976 34980 34984 34988 34992
          34996 35000 35004 35008 35012 35016
          35020 35024 35028 35032 35036 35040
          35044 35048 35052 35056 35060 35064
          35068 35072 35076 35080 35084 35088
          35092 35096 35100 35104 35108 35112
          35116 35120 35124 35128 35132 35136
          35140 35144 35148 35152 35156 35160
          35164 35168 35172 35176 35180 35184
          35188 35192 35196 35200 35204 35208
          35212 35216 35220 35224 35228 35232
          35236 35240 35244 35248 35252 35256
          35260 35264 35268 35272 35276 35280
          35284 35288 35292 35296 35300 35304
          35308 35312 35316 35320 35324 35328
          35332 35336 35340 35344 35348 35352
          35356 35360 35364 35368 35372 35376
          35380 35384 35388 35392 35396 35400
          35404 35408 35412 35416 35420 35424
          35428 35432 35436 35440 35444 35448
          35452 35456 35460 35464 35468 35472
          35476 35480 35484 35488 35492 35496
          35500 35504 35508 35512 35516 35520
          35524 35528 35532 35536 35540 35544
          35548 35552 35556 35560 35564 35568
          35572 35576 35580 35584 35588 35592
          35596 35600 35604 35608 35612 35616
          35620 35624 35628 35632 35636 35640
          35644 35648 35652 35656 35660 35664
          35668 35672 35676 35680 35684 35688
          35692 35696 35700 35704 35708 35712
          35716 35720 35724 35728 35732 35736
          35740 35744 35748 35752 35756 35760
          35764 35768 35772 35776 35780 35784
          35788 35792 35796 35800 35804 35808
          35812 35816 35820 35824 35828 35832
          35836 35840 35844 35848 35852 35856
          35860 35864 35868 35872 35876 35880
          35884 35888 35892 35896 35900 35904
          35908 35912 35916 35920 35924 35928
          35932 35936 35940 35944 35948 35952
          35956 35960 35964 35968 35972 35976
          35980 35984 35988 35992 35996 36000
          36004 36008 36012 36016 36020 36024
          36028 36032 36036 36040 36044 36048
          36052 36056 36060 36064 36068 36072
          36076 36080 36084 36088 36092 36096
          36100 36104 36108 36112 36116 36120
          36124 36128 36132 36136 36140 36144
          36148 36152 36156 36160 36164 36168
          36172 36176 36180 36184 36188 36192
          36196 36200 36204 36208 36212 36216
          36220 36224 36228 36232 36236 36240
          36244 36248 36252 36256 36260 36264
          36268 36272 36276 36280 36284 36288
          36292 36296 36300 36304 36308 36312
          36316 36320 36324 36328 36332 36336
          36340 36344 36348 36352 36356 36360
          36364 36368 36372 36376 36380 36384
          36388 36392 36396 36400 36404 36408
          36412 36416 36420 36424 36428 36432
          36436 36440 36444 36448 36452 36456
          36460 36464 36468 36472 36476 36480
          36484 36488 36492 36496 36500 36504
          36508 36512 36516 36520 36524 36528
          36532 36536 36540 36544 36548 36552
          36556 36560 36564 36568 36572 36576
          36580 36584 36588 36592 36596 36600
          36604 36608 36612 36616 36620 36624
          36628 36632 36636 36640 36644 36648
          36652 36656 36660 36664 36668 36672
          36676 36680 36684 36688 36692 36696
          36700 36704 36708 36712 36716 36720
          36724 36728 36732 36736 36740 36744
          36748 36752 36756 36760 36764 36768
          36772 36776 36780 36784 36788 36792
          36796 36800 36804 36808 36812 36816
          36820 36824 36828 36832 36836 36840
          36844 36848 36852 36856 36860 36864
          36868 36872 36876 36880 36884 36888
          36892 36896 36900 36904 36908 36912
          36916 36920 36924 36928 36932 36936
          36940 36944 36948 36952 36956 36960
          36964 36968 36972 36976 36980 36984
          36988 36992 36996 37000 37004 37008
          37012 37016 37020 37024 37028 37032
          37036 37040 37044 37048 37052 37056
          37060 37064 37068 37072 37076 37080
          37084 37088 37092 37096 37100 37104
          37108 37112 37116 37120 37124 37128
          37132 37136 37140 37144 37148 37152
          37156 37160 37164 37168 37172 37176
          37180 37184 37188 37192 37196 37200
          37204 37208 37212 37216 37220 37224
          37228 37232 37236 37240 37244 37248
          37252 37256 37260 37264 37268 37272
          37276 37280 37284 37288 37292 37296
          37300 37304 37308 37312 37316 37320
          37324 37328 37332 37336 37340 37344
          37348 37352 37356 37360 37364 37368
          37372 37376 37380 37384 37388 37392
          37396 37400 37404 37408 37412 37416
          37420 37424 37428 37432 37436 37440
          37444 37448 37452 37456 37460 37464
          37468 37472 37476 37480 37484 37488
          37492 37496 37500 37504 37508 37512
          37516 37520 37524 37528 37532 37536
          37540 37544 37548 37552 37556 37560
          37564 37568 37572 37576 37580 37584
          37588 37592 37596 37600 37604 37608
          37612 37616 37620 37624 37628 37632
          37636 37640 37644 37648 37652 37656
          37660 37664 37668 37672 37676 37680
          37684 37688 37692 37696 37700 37704
          37708 37712 37716 37720 37724 37728
          37732 37736 37740 37744 37748 37752
          37756 37760 37764 37768 37772 37776
          37780 37784 37788 37792 37796 37800
          37804 37808 37812 37816 37820 37824
          37828 37832 37836 37840 37844 37848
          37852 37856 37860 37864 37868 37872
          37876 37880 37884 37888 37892 37896
          37900 37904 37908 37912 37916 37920
          37924 37928 37932 37936 37940 37944
          37948 37952 37956 37960 37964 37968
          37972 37976 37980 37984 37988 37992
          37996 38000 38004 38008 38012 38016
          38020 38024 38028 38032 38036 38040
          38044 38048 38052 38056 38060 38064
          38068 38072 38076 38080 38084 38088
          38092 38096 38100 38104 38108 38112
          38116 38120 38124 38128 38132 38136
          38140 38144 38148 38152 38156 38160
          38164 38168 38172 38176 38180 38184
          38188 38192 38196 38200 38204 38208
          38212 38216 38220 38224 38228 38232
          38236 38240 38244 38248 38252 38256
          38260 38264 38268 38272 38276 38280
          38284 38288 38292 38296 38300 38304
          38308 38312 38316 38320 38324 38328
          38332 38336 38340 38344 38348 38352
          38356 38360 38364 38368 38372 38376
          38380 38384 38388 38392 38396 38400
          38404 38408 38412 38416 38420 38424
          38428 38432 38436 38440 38444 38448
          38452 38456 38460 38464 38468 38472
          38476 38480 38484 38488 38492 38496
          38500 38504 38508 38512 38516 38520
          38524 38528 38532 38536 38540 38544
          38548 38552 38556 38560 38564 38568
          38572 38576 38580 38584 38588 38592
          38596 38600 38604 38608 38612 38616
          38620 38624 38628 38632 38636 38640
          38644 38648 38652 38656 38660 38664
          38668 38672 38676 38680 38684 38688
          38692 38696 38700 38704 38708 38712
          38716 38720 38724 38728 38732 38736
          38740 38744 38748 38752 38756 38760
          38764 38768 38772 38776 38780 38784
          38788 38792 38796 38800 38804 38808
          38812 38816 38820 38824 38828 38832
          38836 38840 38844 38848 38852 38856
          38860 38864 38868 38872 38876 38880
          38884 38888 38892 38896 38900 38904
          38908 38912 38916 38920 38924 38928
          38932 38936 38940 38944 38948 38952
          38956 38960 38964 38968 38972 38976
          38980 38984 38988 38992 38996 39000
          39004 39008 39012 39016 39020 39024
          39028 39032 39036 39040
        </DataArray>
        <DataArray type="UInt8" Name="types" format="ascii">
          10 10 10 10 10 10
          10 10 10 10 10 10
          10 10 10 10 10 10
          10 10 10 10 10 10
          10 10 10 10 10 10
          10 10 10 10 10 10
          10 10 10 10 10 10
          10 10 10 10 10 10
          10 10 10 10 10 10
          10 10 10 10 10 10
          10 10 10 10 10 10
          10 10 10 10 10 10
          10 10 10 10 10 10
          10 10 10 10 10 10
          10 10 10 10 10 10
          10 10 10 10 10 10
          10 10 10 10 10 10
          10 10 10 10 10 10
          10 10 10 10 10 10
          10 10 10 10 10 10
          10 10 10 10 10 10
          10 10 10 10 10 10
          10 10 10 10 10 10
          10 10 10 10 10 10
          10 10 10 10 10 10
          10 10 10 10 10 10
          10 10 10 10 10 10
          10 10 10 10 10 10
          10 10 10 10 10 10
          10 10 10 10 10 10
          10 10 10 10 10 10
          10 10 10 10 10 10
          10 10 10 10 10 10
          10 10 10 10 10 10
          10 10 10 10 10 10
          10 10 10 10 10 10
          10 10 10 10 10 10
          10 10 10 10 10 10
          10 10 10 10 10 10
          10 10 10 10 10 10
          10 10 10 10 10 10
          10 10 10 10 10 10
          10 10 10 10 10 10
          10 10 10 10 10 10
          10 10 10 10 10 10
          10 10 10 10 10 10
          10 10 10 10 10 10
          10 10 10 10 10 10
          10 10 10 10 10 10
          10 10 10 10 10 10
          10 10 10 10 10 10
          10 10 10 10 10 10
          10 10 10 10 10 10
          10 10 10 10 10 10
          10 10 10 10 10 10
          10 10 10 10 10 10
          10 10 10 10 10 10
          10 10 10 10 10 10
          10 10 10 10 10 10
          10 10 10 10 10 10
          10 10 10 10 10 10
          10 10 10 10 10 10
          10 10 10 10 10 10
          10 10 10 10 10 10
          10 10 10 10 10 10
          10 10 10 10 10 10
          10 10 10 10 10 10
          10 10 10 10 10 10
          10 10 10 10 10 10
          10 10 10 10 10 10
          10 10 10 10 10 10
          10 10 10 10 10 10
          10 10 10 10 10 10
          10 10 10 10 10 10
          10 10 10 10 10 10
          10 10 10 10 10 10
          10 10 10 10 10 10
          10 10 10 10 10 10
          10 10 10 10 10 10
          10 10 10 10 10 10
          10 10 10 10 10 10
          10 10 10 10 10 10
          10 10 10 10 10 10
          10 10 10 10 10 10
          10 10 10 10 10 10
          10 10 10 10 10 10
          10 10 10 10 10 10
          10 10 10 10 10 10
          10 10 10 10 10 10
          10 10 10 10 10 10
          10 10 10 10 10 10
          10 10 10 10 10 10
          10 10 10 10 10 10
          10 10 10 10 10 10
          10 10 10 10 10 10
          10 10 10 10 10 10
          10 10 10 10 10 10
          10 10 10 10 10 10
          10 10 10 10 10 10
          10 10 10 10 10 10
          10 10 10 10 10 10
          10 10 10 10 10 10
          10 10 10 10 10 10
          10 10 10 10 10 10
          10 10 10 10 10 10
          10 10 10 10 10 10
          10 10 10 10 10 10
          10 10 10 10 10 10
          10 10 10 10 10 10
          10 10 10 10 10 10
          10 10 10 10 10 10
          10 10 10 10 10 10
          10 10 10 10 10 10
          10 10 10 10 10 10
          10 10 10 10 10 10
          10 10 10 10 10 10
          10 10 10 10 10 10
          10 10 10 10 10 10
          10 10 10 10 10 10
          10 10 10 10 10 10
          10 10 10 10 10 10
          10 10 10 10 10 10
          10 10 10 10 10 10
          10 10 10 10 10 10
          10 10 10 10 10 10
          10 10 10 10 10 10
          10 10 10 10 10 10
          10 10 10 10 10 10
          10 10 10 10 10 10
          10 10 10 10 10 10
          10 10 10 10 10 10
          10 10 10 10 10 10
          10 10 10 10 10 10
          10 10 10 10 10 10
          10 10 10 10 10 10
          10 10 10 10 10 10
          10 10 10 10 10 10
          10 10 10 10 10 10
          10 10 10 10 10 10
          10 10 10 10 10 10
          10 10 10 10 10 10
          10 10 10 10 10 10
          10 10 10 10 10 10
          10 10 10 10 10 10
          10 10 10 10 10 10
          10 10 10 10 10 10
          10 10 10 10 10 10
          10 10 10 10 10 10
          10 10 10 10 10 10
          10 10 10 10 10 10
          10 10 10 10 10 10
          10 10 10 10 10 10
          10 10 10 10 10 10
          10 10 10 10 10 10
          10 10 10 10 10 10
          10 10 10 10 10 10
          10 10 10 10 10 10
          10 10 10 10 10 10
          10 10 10 10 10 10
          10 10 10 10 10 10
          10 10 10 10 10 10
          10 10 10 10 10 10
          10 10 10 10 10 10
          10 10 10 10 10 10
          10 10 10 10 10 10
          10 10 10 10 10 10
          10 10 10 10 10 10
          10 10 10 10 10 10
          10 10 10 10 10 10
          10 10 10 10 10 10
          10 10 10 10 10 10
          10 10 10 10 10 10
          10 10 10 10 10 10
          10 10 10 10 10 10
          10 10 10 10 10 10
          10 10 10 10 10 10
          10 10 10 10 10 10
          10 10 10 10 10 10
          10 10 10 10 10 10
          10 10 10 10 10 10
          10 10 10 10 10 10
          10 10 10 10 10 10
          10 10 10 10 10 10
          10 10 10 10 10 10
          10 10 10 10 10 10
          10 10 10 10 10 10
          10 10 10 10 10 10
          10 10 10 10 10 10
          10 10 10 10 10 10
          10 10 10 10 10 10
          10 10 10 10 10 10
          10 10 10 10 10 10
          10 10 10 10 10 10
          10 10 10 10 10 10
          10 10 10 10 10 10
          10 10 10 10 10 10
          10 10 10 10 10 10
          10 10 10 10 10 10
          10 10 10 10 10 10
          10 10 10 10 10 10
          10 10 10 10 10 10
          10 10 10 10 10 10
          10 10 10 10 10 10
          10 10 10 10 10 10
          10 10 10 10 10 10
          10 10 10 10 10 10
          10 10 10 10 10 10
          10 10 10 10 10 10
          10 10 10 10 10 10
          10 10 10 10 10 10
          10 10 10 10 10 10
          10 10 10 10 10 10
          10 10 10 10 10 10
          10 10 10 10 10 10
          10 10 10 10 10 10
          10 10 10 10 10 10
          10 10 10 10 10 10
          10 10 10 10 10 10
          10 10 10 10 10 10
          10 10 10 10 10 10
          10 10 10 10 10 10
          10 10 10 10 10 10
          10 10 10 10 10 10
          10 10 10 10 10 10
          10 10 10 10 10 10
          10 10 10 10 10 10
          10 10 10 10 10 10
          10 10 10 10 10 10
          10 10 10 10 10 10
          10 10 10 10 10 10
          10 10 10 10 10 10
          10 10 10 10 10 10
          10 10 10 10 10 10
          10 10 10 10 10 10
          10 10 10 10 10 10
          10 10 10 10 10 10
          10 10 10 10 10 10
          10 10 10 10 10 10
          10 10 10 10 10 10
          10 10 10 10 10 10
          10 10 10 10 10 10
          10 10 10 10 10 10
          10 10 10 10 10 10
          10 10 10 10 10 10
          10 10 10 10 10 10
          10 10 10 10 10 10
          10 10 10 10 10 10
          10 10 10 10 10 10
          10 10 10 10 10 10
          10 10 10 10 10 10
          10 10 10 10 10 10
          10 10 10 10 10 10
          10 10 10 10 10 10
          10 10 10 10 10 10
          10 10 10 10 10 10
          10 10 10 10 10 10
          10 10 10 10 10 10
          10 10 10 10 10 10
          10 10 10 10 10 10
          10 10 10 10 10 10
          10 10 10 10 10 10
          10 10 10 10 10 10
          10 10 10 10 10 10
          10 10 10 10 10 10
          10 10 10 10 10 10
          10 10 10 10 10 10
          10 10 10 10 10 10
          10 10 10 10 10 10
          10 10 10 10 10 10
          10 10 10 10 10 10
          10 10 10 10 10 10
          10 10 10 10 10 10
          10 10 10 10 10 10
          10 10 10 10 10 10
          10 10 10 10 10 10
          10 10 10 10 10 10
          10 10 10 10 10 10
          10 10 10 10 10 10
          10 10 10 10 10 10
          10 10 10 10 10 10
          10 10 10 10 10 10
          10 10 10 10 10 10
          10 10 10 10 10 10
          10 10 10 10 10 10
          10 10 10 10 10 10
          10 10 10 10 10 10
          10 10 10 10 10 10
          10 10 10 10 10 10
          10 10 10 10 10 10
          10 10 10 10 10 10
          10 10 10 10 10 10
          10 10 10 10 10 10
          10 10 10 10 10 10
          10 10 10 10 10 10
          10 10 10 10 10 10
          10 10 10 10 10 10
          10 10 10 10 10 10
          10 10 10 10 10 10
          10 10 10 10 10 10
          10 10 10 10 10 10
          10 10 10 10 10 10
          10 10 10 10 10 10
          10 10 10 10 10 10
          10 10 10 10 10 10
          10 10 10 10 10 10
          10 10 10 10 10 10
          10 10 10 10 10 10
          10 10 10 10 10 10
          10 10 10 10 10 10
          10 10 10 10 10 10
          10 10 10 10 10 10
          10 10 10 10 10 10
          10 10 10 10 10 10
          10 10 10 10 10 10
          10 10 10 10 10 10
          10 10 10 10 10 10
          10 10 10 10 10 10
          10 10 10 10 10 10
          10 10 10 10 10 10
          10 10 10 10 10 10
          10 10 10 10 10 10
          10 10 10 10 10 10
          10 10 10 10 10 10
          10 10 10 10 10 10
          10 10 10 10 10 10
          10 10 10 10 10 10
          10 10 10 10 10 10
          10 10 10 10 10 10
          10 10 10 10 10 10
          10 10 10 10 10 10
          10 10 10 10 10 10
          10 10 10 10 10 10
          10 10 10 10 10 10
          10 10 10 10 10 10
          10 10 10 10 10 10
          10 10 10 10 10 10
          10 10 10 10 10 10
          10 10 10 10 10 10
          10 10 10 10 10 10
          10 10 10 10 10 10
          10 10 10 10 10 10
          10 10 10 10 10 10
          10 10 10 10 10 10
          10 10 10 10 10 10
          10 10 10 10 10 10
          10 10 10 10 10 10
          10 10 10 10 10 10
          10 10 10 10 10 10
          10 10 10 10 10 10
          10 10 10 10 10 10
          10 10 10 10 10 10
          10 10 10 10 10 10
          10 10 10 10 10 10
          10 10 10 10 10 10
          10 10 10 10 10 10
          10 10 10 10 10 10
          10 10 10 10 10 10
          10 10 10 10 10 10
          10 10 10 10 10 10
          10 10 10 10 10 10
          10 10 10 10 10 10
          10 10 10 10 10 10
          10 10 10 10 10 10
          10 10 10 10 10 10
          10 10 10 10 10 10
          10 10 10 10 10 10
          10 10 10 10 10 10
          10 10 10 10 10 10
          10 10 10 10 10 10
          10 10 10 10 10 10
          10 10 10 10 10 10
          10 10 10 10 10 10
          10 10 10 10 10 10
          10 10 10 10 10 10
          10 10 10 10 10 10
          10 10 10 10 10 10
          10 10 10 10 10 10
          10 10 10 10 10 10
          10 10 10 10 10 10
          10 10 10 10 10 10
          10 10 10 10 10 10
          10 10 10 10 10 10
          10 10 10 10 10 10
          10 10 10 10 10 10
          10 10 10 10 10 10
          10 10 10 10 10 10
          10 10 10 10 10 10
          10 10 10 10 10 10
          10 10 10 10 10 10
          10 10 10 10 10 10
          10 10 10 10 10 10
          10 10 10 10 10 10
          10 10 10 10 10 10
          10 10 10 10 10 10
          10 10 10 10 10 10
          10 10 10 10 10 10
          10 10 10 10 10 10
          10 10 10 10 10 10
          10 10 10 10 10 10
          10 10 10 10 10 10
          10 10 10 10 10 10
          10 10 10 10 10 10
          10 10 10 10 10 10
          10 10 10 10 10 10
          10 10 10 10 10 10
          10 10 10 10 10 10
          10 10 10 10 10 10
          10 10 10 10 10 10
          10 10 10 10 10 10
          10 10 10 10 10 10
          10 10 10 10 10 10
          10 10 10 10 10 10
          10 10 10 10 10 10
          10 10 10 10 10 10
          10 10 10 10 10 10
          10 10 10 10 10 10
          10 10 10 10 10 10
          10 10 10 10 10 10
          10 10 10 10 10 10
          10 10 10 10 10 10
          10 10 10 10 10 10
          10 10 10 10 10 10
          10 10 10 10 10 10
          10 10 10 10 10 10
          10 10 10 10 10 10
          10 10 10 10 10 10
          10 10 10 10 10 10
          10 10 10 10 10 10
          10 10 10 10 10 10
          10 10 10 10 10 10
          10 10 10 10 10 10
          10 10 10 10 10 10
          10 10 10 10 10 10
          10 10 10 10 10 10
          10 10 10 10 10 10
          10 10 10 10 10 10
          10 10 10 10 10 10
          10 10 10 10 10 10
          10 10 10 10 10 10
          10 10 10 10 10 10
          10 10 10 10 10 10
          10 10 10 10 10 10
          10 10 10 10 10 10
          10 10 10 10 10 10
          10 10 10 10 10 10
          10 10 10 10 10 10
          10 10 10 10 10 10
          10 10 10 10 10 10
          10 10 10 10 10 10
          10 10 10 10 10 10
          10 10 10 10 10 10
          10 10 10 10 10 10
          10 10 10 10 10 10
          10 10 10 10 10 10
          10 10 10 10 10 10
          10 10 10 10 10 10
          10 10 10 10 10 10
          10 10 10 10 10 10
          10 10 10 10 10 10
          10 10 10 10 10 10
          10 10 10 10 10 10
          10 10 10 10 10 10
          10 10 10 10 10 10
          10 10 10 10 10 10
          10 10 10 10 10 10
          10 10 10 10 10 10
          10 10 10 10 10 10
          10 10 10 10 10 10
          10 10 10 10 10 10
          10 10 10 10 10 10
          10 10 10 10 10 10
          10 10 10 10 10 10
          10 10 10 10 10 10
          10 10 10 10 10 10
          10 10 10 10 10 10
          10 10 10 10 10 10
          10 10 10 10 10 10
          10 10 10 10 10 10
          10 10 10 10 10 10
          10 10 10 10 10 10
          10 10 10 10 10 10
          10 10 10 10 10 10
          10 10 10 10 10 10
          10 10 10 10 10 10
          10 10 10 10 10 10
          10 10 10 10 10 10
          10 10 10 10 10 10
          10 10 10 10 10 10
          10 10 10 10 10 10
          10 10 10 10 10 10
          10 10 10 10 10 10
          10 10 10 10 10 10
          10 10 10 10 10 10
          10 10 10 10 10 10
          10 10 10 10 10 10
          10 10 10 10 10 10
          10 10 10 10 10 10
          10 10 10 10 10 10
          10 10 10 10 10 10
          10 10 10 10 10 10
          10 10 10 10 10 10
          10 10 10 10 10 10
          10 10 10 10 10 10
          10 10 10 10 10 10
          10 10 10 10 10 10
          10 10 10 10 10 10
          10 10 10 10 10 10
          10 10 10 10 10 10
          10 10 10 10 10 10
          10 10 10 10 10 10
          10 10 10 10 10 10
          10 10 10 10 10 10
          10 10 10 10 10 10
          10 10 10 10 10 10
          10 10 10 10 10 10
          10 10 10 10 10 10
          10 10 10 10 10 10
          10 10 10 10 10 10
          10 10 10 10 10 10
          10 10 10 10 10 10
          10 10 10 10 10 10
          10 10 10 10 10 10
          10 10 10 10 10 10
          10 10 10 10 10 10
          10 10 10 10 10 10
          10 10 10 10 10 10
          10 10 10 10 10 10
          10 10 10 10 10 10
          10 10 10 10 10 10
          10 10 10 10 10 10
          10 10 10 10 10 10
          10 10 10 10 10 10
          10 10 10 10 10 10
          10 10 10 10 10 10
          10 10 10 10 10 10
          10 10 10 10 10 10
          10 10 10 10 10 10
          10 10 10 10 10 10
          10 10 10 10 10 10
          10 10 10 10 10 10
          10 10 10 10 10 10
          10 10 10 10 10 10
          10 10 10 10 10 10
          10 10 10 10 10 10
          10 10 10 10 10 10
          10 10 10 10 10 10
          10 10 10 10 10 10
          10 10 10 10 10 10
          10 10 10 10 10 10
          10 10 10 10 10 10
          10 10 10 10 10 10
          10 10 10 10 10 10
          10 10 10 10 10 10
          10 10 10 10 10 10
          10 10 10 10 10 10
          10 10 10 10 10 10
          10 10 10 10 10 10
          10 10 10 10 10 10
          10 10 10 10 10 10
          10 10 10 10 10 10
          10 10 10 10 10 10
          10 10 10 10 10 10
          10 10 10 10 10 10
          10 10 10 10 10 10
          10 10 10 10 10 10
          10 10 10 10 10 10
          10 10 10 10 10 10
          10 10 10 10 10 10
          10 10 10 10 10 10
          10 10 10 10 10 10
          10 10 10 10 10 10
          10 10 10 10 10 10
          10 10 10 10 10 10
          10 10 10 10 10 10
          10 10 10 10 10 10
          10 10 10 10 10 10
          10 10 10 10 10 10
          10 10 10 10 10 10
          10 10 10 10 10 10
          10 10 10 10 10 10
          10 10 10 10 10 10
          10 10 10 10 10 10
          10 10 10 10 10 10
          10 10 10 10 10 10
          10 10 10 10 10 10
          10 10 10 10 10 10
          10 10 10 10 10 10
          10 10 10 10 10 10
          10 10 10 10 10 10
          10 10 10 10 10 10
          10 10 10 10 10 10
          10 10 10 10 10 10
          10 10 10 10 10 10
          10 10 10 10 10 10
          10 10 10 10 10 10
          10 10 10 10 10 10
          10 10 10 10 10 10
          10 10 10 10 10 10
          10 10 10 10 10 10
          10 10 10 10 10 10
          10 10 10 10 10 10
          10 10 10 10 10 10
          10 10 10 10 10 10
          10 10 10 10 10 10
          10 10 10 10 10 10
          10 10 10 10 10 10
          10 10 10 10 10 10
          10 10 10 10 10 10
          10 10 10 10 10 10
          10 10 10 10 10 10
          10 10 10 10 10 10
          10 10 10 10 10 10
          10 10 10 10 10 10
          10 10 10 10 10 10
          10 10 10 10 10 10
          10 10 10 10 10 10
          10 10 10 10 10 10
          10 10 10 10 10 10
          10 10 10 10 10 10
          10 10 10 10 10 10
          10 10 10 10 10 10
          10 10 10 10 10 10
          10 10 10 10 10 10
          10 10 10 10 10 10
          10 10 10 10 10 10
          10 10 10 10 10 10
          10 10 10 10 10 10
          10 10 10 10 10 10
          10 10 10 10 10 10
          10 10 10 10 10 10
          10 10 10 10 10 10
          10 10 10 10 10 10
          10 10 10 10 10 10
          10 10 10 10 10 10
          10 10 10 10 10 10
          10 10 10 10 10 10
          10 10 10 10 10 10
          10 10 10 10 10 10
          10 10 10 10 10 10
          10 10 10 10 10 10
          10 10 10 10 10 10
          10 10 10 10 10 10
          10 10 10 10 10 10
          10 10 10 10 10 10
          10 10 10 10 10 10
          10 10 10 10 10 10
          10 10 10 10 10 10
          10 10 10 10 10 10
          10 10 10 10 10 10
          10 10 10 10 10 10
          10 10 10 10 10 10
          10 10 10 10 10 10
          10 10 10 10 10 10
          10 10 10 10 10 10
          10 10 10 10 10 10
          10 10 10 10 10 10
          10 10 10 10 10 10
          10 10 10 10 10 10
          10 10 10 10 10 10
          10 10 10 10 10 10
          10 10 10 10 10 10
          10 10 10 10 10 10
          10 10 10 10 10 10
          10 10 10 10 10 10
          10 10 10 10 10 10
          10 10 10 10 10 10
          10 10 10 10 10 10
          10 10 10 10 10 10
          10 10 10 10 10 10
          10 10 10 10 10 10
          10 10 10 10 10 10
          10 10 10 10 10 10
          10 10 10 10 10 10
          10 10 10 10 10 10
          10 10 10 10 10 10
          10 10 10 10 10 10
          10 10 10 10 10 10
          10 10 10 10 10 10
          10 10 10 10 10 10
          10 10 10 10 10 10
          10 10 10 10 10 10
          10 10 10 10 10 10
          10 10 10 10 10 10
          10 10 10 10 10 10
          10 10 10 10 10 10
          10 10 10 10 10 10
          10 10 10 10 10 10
          10 10 10 10 10 10
          10 10 10 10 10 10
          10 10 10 10 10 10
          10 10 10 10 10 10
          10 10 10 10 10 10
          10 10 10 10 10 10
          10 10 10 10 10 10
          10 10 10 10 10 10
          10 10 10 10 10 10
          10 10 10 10 10 10
          10 10 10 10 10 10
          10 10 10 10 10 10
          10 10 10 10 10 10
          10 10 10 10 10 10
          10 10 10 10 10 10
          10 10 10 10 10 10
          10 10 10 10 10 10
          10 10 10 10 10 10
          10 10 10 10 10 10
          10 10 10 10 10 10
          10 10 10 10 10 10
          10 10 10 10 10 10
          10 10 10 10 10 10
          10 10 10 10 10 10
          10 10 10 10 10 10
          10 10 10 10 10 10
          10 10 10 10 10 10
          10 10 10 10 10 10
          10 10 10 10 10 10
          10 10 10 10 10 10
          10 10 10 10 10 10
          10 10 10 10 10 10
          10 10 10 10 10 10
          10 10 10 10 10 10
          10 10 10 10 10 10
          10 10 10 10 10 10
          10 10 10 10 10 10
          10 10 10 10 10 10
          10 10 10 10 10 10
          10 10 10 10 10 10
          10 10 10 10 10 10
          10 10 10 10 10 10
          10 10 10 10 10 10
          10 10 10 10 10 10
          10 10 10 10 10 10
          10 10 10 10 10 10
          10 10 10 10 10 10
          10 10 10 10 10 10
          10 10 10 10 10 10
          10 10 10 10 10 10
          10 10 10 10 10 10
          10 10 10 10 10 10
          10 10 10 10 10 10
          10 10 10 10 10 10
          10 10 10 10 10 10
          10 10 10 10 10 10
          10 10 10 10 10 10
          10 10 10 10 10 10
          10 10 10 10 10 10
          10 10 10 10 10 10
          10 10 10 10 10 10
          10 10 10 10 10 10
          10 10 10 10 10 10
          10 10 10 10 10 10
          10 10 10 10 10 10
          10 10 10 10 10 10
          10 10 10 10 10 10
          10 10 10 10 10 10
          10 10 10 10 10 10
          10 10 10 10 10 10
          10 10 10 10 10 10
          10 10 10 10 10 10
          10 10 10 10 10 10
          10 10 10 10 10 10
          10 10 10 10 10 10
          10 10 10 10 10 10
          10 10 10 10 10 10
          10 10 10 10 10 10
          10 10 10 10 10 10
          10 10 10 10 10 10
          10 10 10 10 10 10
          10 10 10 10 10 10
          10 10 10 10 10 10
          10 10 10 10 10 10
          10 10 10 10 10 10
          10 10 10 10 10 10
          10 10 10 10 10 10
          10 10 10 10 10 10
          10 10 10 10 10 10
          10 10 10 10 10 10
          10 10 10 10 10 10
          10 10 10 10 10 10
          10 10 10 10 10 10
          10 10 10 10 10 10
          10 10 10 10 10 10
          10 10 10 10 10 10
          10 10 10 10 10 10
          10 10 10 10 10 10
          10 10 10 10 10 10
          10 10 10 10 10 10
          10 10 10 10 10 10
          10 10 10 10 10 10
          10 10 10 10 10 10
          10 10 10 10 10 10
          10 10 10 10 10 10
          10 10 10 10 10 10
          10 10 10 10 10 10
          10 10 10 10 10 10
          10 10 10 10 10 10
          10 10 10 10 10 10
          10 10 10 10 10 10
          10 10 10 10 10 10
          10 10 10 10 10 10
          10 10 10 10 10 10
          10 10 10 10 10 10
          10 10 10 10 10 10
          10 10 10 10 10 10
          10 10 10 10 10 10
          10 10 10 10 10 10
          10 10 10 10 10 10
          10 10 10 10 10 10
          10 10 10 10 10 10
          10 10 10 10 10 10
          10 10 10 10 10 10
          10 10 10 10 10 10
          10 10 10 10 10 10
          10 10 10 10 10 10
          10 10 10 10 10 10
          10 10 10 10 10 10
          10 10 10 10 10 10
          10 10 10 10 10 10
          10 10 10 10 10 10
          10 10 10 10 10 10
          10 10 10 10 10 10
          10 10 10 10 10 10
          10 10 10 10 10 10
          10 10 10 10 10 10
          10 10 10 10 10 10
          10 10 10 10 10 10
          10 10 10 10 10 10
          10 10 10 10 10 10
          10 10 10 10 10 10
          10 10 10 10 10 10
          10 10 10 10 10 10
          10 10 10 10 10 10
          10 10 10 10 10 10
          10 10 10 10 10 10
          10 10 10 10 10 10
          10 10 10 10 10 10
          10 10 10 10 10 10
          10 10 10 10 10 10
          10 10 10 10 10 10
          10 10 10 10 10 10
          10 10 10 10 10 10
          10 10 10 10 10 10
          10 10 10 10 10 10
          10 10 10 10 10 10
          10 10 10 10 10 10
          10 10 10 10 10 10
          10 10 10 10 10 10
          10 10 10 10 10 10
          10 10 10 10 10 10
          10 10 10 10 10 10
          10 10 10 10 10 10
          10 10 10 10 10 10
          10 10 10 10 10 10
          10 10 10 10 10 10
          10 10 10 10 10 10
          10 10 10 10 10 10
          10 10 10 10 10 10
          10 10 10 10 10 10
          10 10 10 10 10 10
          10 10 10 10 10 10
          10 10 10 10 10 10
          10 10 10 10 10 10
          10 10 10 10 10 10
          10 10 10 10 10 10
          10 10 10 10 10 10
          10 10 10 10 10 10
          10 10 10 10 10 10
          10 10 10 10 10 10
          10 10 10 10 10 10
          10 10 10 10 10 10
          10 10 10 10 10 10
          10 10 10 10 10 10
          10 10 10 10 10 10
          10 10 10 10 10 10
          10 10 10 10 10 10
          10 10 10 10 10 10
          10 10 10 10 10 10
          10 10 10 10 10 10
          10 10 10 10 10 10
          10 10 10 10 10 10
          10 10 10 10 10 10
          10 10 10 10 10 10
          10 10 10 10 10 10
          10 10 10 10 10 10
          10 10 10 10 10 10
          10 10 10 10 10 10
          10 10 10 10 10 10
          10 10 10 10 10 10
          10 10 10 10 10 10
          10 10 10 10 10 10
          10 10 10 10 10 10
          10 10 10 10 10 10
          10 10 10 10 10 10
          10 10 10 10 10 10
          10 10 10 10 10 10
          10 10 10 10 10 10
          10 10 10 10 10 10
          10 10 10 10 10 10
          10 10 10 10 10 10
          10 10 10 10 10 10
          10 10 10 10 10 10
          10 10 10 10 10 10
          10 10 10 10 10 10
          10 10 10 10 10 10
          10 10 10 10 10 10
          10 10 10 10 10 10
          10 10 10 10 10 10
          10 10 10 10 10 10
          10 10 10 10 10 10
          10 10 10 10 10 10
          10 10 10 10 10 10
          10 10 10 10 10 10
          10 10 10 10 10 10
          10 10 10 10 10 10
          10 10 10 10 10 10
          10 10 10 10 10 10
          10 10 10 10 10 10
          10 10 10 10 10 10
          10 10 10 10 10 10
          10 10 10 10 10 10
          10 10 10 10 10 10
          10 10 10 10 10 10
          10 10 10 10 10 10
          10 10 10 10 10 10
          10 10 10 10 10 10
          10 10 10 10 10 10
          10 10 10 10 10 10
          10 10 10 10 10 10
          10 10 10 10 10 10
          10 10 10 10 10 10
          10 10 10 10 10 10
          10 10 10 10 10 10
          10 10 10 10 10 10
          10 10 10 10 10 10
          10 10 10 10 10 10
          10 10 10 10 10 10
          10 10 10 10 10 10
          10 10 10 10 10 10
          10 10 10 10 10 10
          10 10 10 10 10 10
          10 10 10 10 10 10
          10 10 10 10 10 10
          10 10 10 10 10 10
          10 10 10 10 10 10
          10 10 10 10 10 10
          10 10 10 10 10 10
          10 10 10 10 10 10
          10 10 10 10 10 10
          10 10 10 10 10 10
          10 10 10 10 10 10
          10 10 10 10 10 10
          10 10 10 10 10 10
          10 10 10 10 10 10
          10 10 10 10 10 10
          10 10 10 10 10 10
          10 10 10 10 10 10
          10 10 10 10 10 10
          10 10 10 10 10 10
          10 10 10 10 10 10
          10 10 10 10 10 10
          10 10 10 10 10 10
          10 10 10 10 10 10
          10 10 10 10 10 10
          10 10 10 10 10 10
          10 10 10 10 10 10
          10 10 10 10 10 10
          10 10 10 10 10 10
          10 10 10 10 10 10
          10 10 10 10 10 10
          10 10 10 10 10 10
          10 10 10 10 10 10
          10 10 10 10 10 10
          10 10 10 10 10 10
          10 10 10 10 10 10
          10 10 10 10 10 10
          10 10 10 10 10 10
          10 10 10 10 10 10
          10 10 10 10 10 10
          10 10 10 10 10 10
          10 10 10 10 10 10
          10 10 10 10 10 10
          10 10 10 10 10 10
          10 10 10 10 10 10
          10 10 10 10 10 10
          10 10 10 10 10 10
          10 10 10 10 10 10
          10 10 10 10 10 10
          10 10 10 10 10 10
          10 10 10 10 10 10
          10 10 10 10 10 10
          10 10 10 10 10 10
          10 10 10 10 10 10
          10 10 10 10 10 10
          10 10 10 10 10 10
          10 10 10 10 10 10
          10 10 10 10 10 10
          10 10 10 10 10 10
          10 10 10 10 10 10
          10 10 10 10 10 10
          10 10 10 10 10 10
          10 10 10 10 10 10
          10 10 10 10 10 10
          10 10 10 10 10 10
          10 10 10 10 10 10
          10 10 10 10 10 10
          10 10 10 10 10 10
          10 10 10 10 10 10
          10 10 10 10 10 10
          10 10 10 10 10 10
          10 10 10 10 10 10
          10 10 10 10 10 10
          10 10 10 10 10 10
          10 10 10 10 10 10
          10 10 10 10 10 10
          10 10 10 10 10 10
          10 10 10 10 10 10
          10 10 10 10 10 10
          10 10 10 10 10 10
          10 10 10 10 10 10
          10 10 10 10 10 10
          10 10 10 10 10 10
          10 10 10 10 10 10
          10 10 10 10 10 10
          10 10 10 10 10 10
          10 10 10 10 10 10
          10 10 10 10 10 10
          10 10 10 10 10 10
          10 10 10 10 10 10
          10 10 10 10 10 10
          10 10 10 10 10 10
          10 10 10 10 10 10
          10 10 10 10 10 10
          10 10 10 10 10 10
          10 10 10 10 10 10
          10 10 10 10 10 10
          10 10 10 10 10 10
          10 10 10 10 10 10
          10 10 10 10 10 10
          10 10 10 10 10 10
          10 10 10 10 10 10
          10 10 10 10 10 10
          10 10 10 10 10 10
          10 10 10 10 10 10
          10 10 10 10 10 10
          10 10 10 10 10 10
          10 10 10 10 10 10
          10 10 10 10 10 10
          10 10 10 10 10 10
          10 10 10 10 10 10
          10 10 10 10 10 10
          10 10 10 10 10 10
          10 10 10 10 10 10
          10 10 10 10 10 10
          10 10 10 10 10 10
          10 10 10 10 10 10
          10 10 10 10 10 10
          10 10 10 10 10 10
          10 10 10 10 10 10
          10 10 10 10 10 10
          10 10 10 10 10 10
          10 10 10 10 10 10
          10 10 10 10 10 10
          10 10 10 10 10 10
          10 10 10 10 10 10
          10 10 10 10 10 10
          10 10 10 10 10 10
          10 10 10 10 10 10
          10 10 10 10 10 10
          10 10 10 10 10 10
          10 10 10 10 10 10
          10 10 10 10 10 10
          10 10 10 10 10 10
          10 10 10 10 10 10
          10 10 10 10 10 10
          10 10 10 10 10 10
          10 10 10 10 10 10
          10 10 10 10 10 10
          10 10 10 10 10 10
          10 10 10 10 10 10
          10 10 10 10 10 10
          10 10 10 10 10 10
          10 10 10 10 10 10
          10 10 10 10 10 10
          10 10 10 10 10 10
          10 10 10 10 10 10
          10 10 10 10 10 10
          10 10 10 10 10 10
          10 10 10 10 10 10
          10 10 10 10 10 10
          10 10 10 10 10 10
          10 10 10 10 10 10
          10 10 10 10 10 10
          10 10 10 10 10 10
          10 10 10 10 10 10
          10 10 10 10 10 10
          10 10 10 10 10 10
          10 10 10 10 10 10
          10 10 10 10 10 10
          10 10 10 10 10 10
          10 10 10 10 10 10
          10 10 10 10 10 10
          10 10 10 10 10 10
          10 10 10 10 10 10
          10 10 10 10 10 10
          10 10 10 10 10 10
          10 10 10 10 10 10
          10 10 10 10 10 10
          10 10 10 10 10 10
          10 10 10 10 10 10
          10 10 10 10 10 10
          10 10 10 10 10 10
          10 10 10 10 10 10
          10 10 10 10 10 10
          10 10 10 10 10 10
          10 10 10 10 10 10
          10 10 10 10 10 10
          10 10 10 10 10 10
          10 10 10 10 10 10
          10 10 10 10 10 10
          10 10 10 10 10 10
          10 10 10 10 10 10
          10 10 10 10 10 10
          10 10 10 10 10 10
          10 10 10 10 10 10
          10 10 10 10 10 10
          10 10 10 10 10 10
          10 10 10 10 10 10
          10 10 10 10 10 10
          10 10 10 10 10 10
          10 10 10 10 10 10
          10 10 10 10 10 10
          10 10 10 10 10 10
          10 10 10 10 10 10
          10 10 10 10 10 10
          10 10 10 10 10 10
          10 10 10 10 10 10
          10 10 10 10 10 10
          10 10 10 10 10 10
          10 10 10 10 10 10
          10 10 10 10 10 10
          10 10 10 10 10 10
          10 10 10 10 10 10
          10 10 10 10 10 10
          10 10 10 10 10 10
          10 10 10 10 10 10
          10 10 10 10 10 10
          10 10 10 10 10 10
          10 10 10 10 10 10
          10 10 10 10 10 10
          10 10 10 10 10 10
          10 10 10 10 10 10
          10 10 10 10 10 10
          10 10 10 10 10 10
          10 10 10 10 10 10
          10 10 10 10 10 10
          10 10 10 10 10 10
          10 10 10 10 10 10
          10 10 10 10 10 10
          10 10 10 10 10 10
          10 10 10 10 10 10
          10 10 10 10 10 10
          10 10 10 10 10 10
          10 10 10 10 10 10
          10 10 10 10 10 10
          10 10 10 10 10 10
          10 10 10 10 10 10
          10 10 10 10 10 10
          10 10 10 10 10 10
          10 10 10 10 10 10
          10 10 10 10 10 10
          10 10 10 10 10 10
          10 10 10 10 10 10
          10 10 10 10 10 10
          10 10 10 10 10 10
          10 10 10 10 10 10
          10 10 10 10 10 10
          10 10 10 10 10 10
          10 10 10 10 10 10
          10 10 10 10 10 10
          10 10 10 10 10 10
          10 10 10 10 10 10
          10 10 10 10 10 10
          10 10 10 10 10 10
          10 10 10 10 10 10
          10 10 10 10 10 10
          10 10 10 10 10 10
          10 10 10 10 10 10
          10 10 10 10 10 10
          10 10 10 10 10 10
          10 10 10 10 10 10
          10 10 10 10 10 10
          10 10 10 10 10 10
          10 10 10 10 10 10
          10 10 10 10 10 10
          10 10 10 10 10 10
          10 10 10 10 10 10
          10 10 10 10 10 10
          10 10 10 10 10 10
          10 10 10 10 10 10
          10 10 10 10 10 10
          10 10 10 10 10 10
          10 10 10 10 10 10
          10 10 10 10 10 10
          10 10 10 10 10 10
          10 10 10 10 10 10
          10 10 10 10 10 10
          10 10 10 10 10 10
          10 10 10 10 10 10
          10 10 10 10 10 10
          10 10 10 10 10 10
          10 10 10 10 10 10
          10 10 10 10 10 10
          10 10 10 10 10 10
          10 10 10 10 10 10
          10 10 10 10 10 10
          10 10 10 10 10 10
          10 10 10 10 10 10
          10 10 10 10 10 10
          10 10 10 10 10 10
          10 10 10 10 10 10
          10 10 10 10 10 10
          10 10 10 10 10 10
          10 10 10 10 10 10
          10 10 10 10 10 10
          10 10 10 10 10 10
          10 10 10 10 10 10
          10 10 10 10 10 10
          10 10 10 10 10 10
          10 10 10 10 10 10
          10 10 10 10 10 10
          10 10 10 10 10 10
          10 10 10 10 10 10
          10 10 10 10 10 10
          10 10 10 10 10 10
          10 10 10 10 10 10
          10 10 10 10 10 10
          10 10 10 10 10 10
          10 10 10 10 10 10
          10 10 10 10 10 10
          10 10 10 10 10 10
          10 10 10 10 10 10
          10 10 10 10 10 10
          10 10 10 10 10 10
          10 10 10 10 10 10
          10 10 10 10 10 10
          10 10 10 10 10 10
          10 10 10 10 10 10
          10 10 10 10 10 10
          10 10 10 10 10 10
          10 10 10 10 10 10
          10 10 10 10 10 10
          10 10 10 10 10 10
          10 10 10 10 10 10
          10 10 10 10 10 10
          10 10 10 10 10 10
          10 10 10 10 10 10
          10 10 10 10 10 10
          10 10 10 10 10 10
          10 10 10 10 10 10
          10 10 10 10 10 10
          10 10 10 10 10 10
          10 10 10 10 10 10
          10 10 10 10 10 10
          10 10 10 10 10 10
          10 10 10 10 10 10
          10 10 10 10 10 10
          10 10 10 10 10 10
          10 10 10 10 10 10
          10 10 10 10 10 10
          10 10 10 10 10 10
          10 10 10 10 10 10
          10 10 10 10 10 10
          10 10 10 10 10 10
          10 10 10 10 10 10
          10 10 10 10 10 10
          10 10 10 10 10 10
          10 10 10 10 10 10
          10 10 10 10 10 10
          10 10 10 10 10 10
          10 10 10 10 10 10
          10 10 10 10 10 10
          10 10 10 10 10 10
          10 10 10 10 10 10
          10 10 10 10 10 10
          10 10 10 10 10 10
          10 10 10 10 10 10
          10 10 10 10 10 10
          10 10 10 10 10 10
          10 10 10 10 10 10
          10 10 10 10 10 10
          10 10 10 10 10 10
          10 10 10 10 10 10
          10 10 10 10 10 10
          10 10 10 10 10 10
          10 10 10 10 10 10
          10 10 10 10 10 10
          10 10 10 10 10 10
          10 10 10 10 10 10
          10 10 10 10 10 10
          10 10 10 10 10 10
          10 10 10 10 10 10
          10 10 10 10 10 10
          10 10 10 10 10 10
          10 10 10 10 10 10
          10 10 10 10 10 10
          10 10 10 10 10 10
          10 10 10 10 10 10
          10 10 10 10 10 10
          10 10 10 10 10 10
          10 10 10 10 10 10
          10 10 10 10 10 10
          10 10 10 10 10 10
          10 10 10 10 10 10
          10 10 10 10 10 10
          10 10 10 10 10 10
          10 10 10 10 10 10
          10 10 10 10 10 10
          10 10 10 10 10 10
          10 10 10 10 10 10
          10 10 10 10 10 10
          10 10 10 10 10 10
          10 10 10 10 10 10
          10 10 10 10 10 10
          10 10 10 10 10 10
          10 10 10 10 10 10
          10 10 10 10 10 10
          10 10 10 10 10 10
          10 10 10 10 10 10
          10 10 10 10 10 10
          10 10 10 10 10 10
          10 10 10 10 10 10
          10 10 10 10 10 10
          10 10 10 10 10 10
          10 10 10 10 10 10
          10 10 10 10 10 10
          10 10 10 10 10 10
          10 10 10 10 10 10
          10 10 10 10 10 10
          10 10 10 10 10 10
          10 10 10 10 10 10
          10 10 10 10 10 10
          10 10 10 10 10 10
          10 10 10 10 10 10
          10 10 10 10 10 10
          10 10 10 10 10 10
          10 10 10 10 10 10
          10 10 10 10 10 10
          10 10 10 10 10 10
          10 10 10 10 10 10
          10 10 10 10 10 10
          10 10 10 10 10 10
          10 10 10 10 10 10
          10 10 10 10 10 10
          10 10 10 10 10 10
          10 10 10 10 10 10
          10 10 10 10 10 10
          10 10 10 10 10 10
          10 10 10 10 10 10
          10 10 10 10 10 10
          10 10 10 10 10 10
          10 10 10 10 10 10
          10 10 10 10 10 10
          10 10 10 10 10 10
          10 10 10 10 10 10
          10 10 10 10 10 10
          10 10 10 10 10 10
          10 10 10 10 10 10
          10 10 10 10 10 10
          10 10 10 10 10 10
          10 10 10 10 10 10
          10 10 10 10 10 10
          10 10 10 10 10 10
          10 10 10 10 10 10
          10 10 10 10 10 10
          10 10 10 10 10 10
          10 10 10 10 10 10
          10 10 10 10 10 10
          10 10 10 10 10 10
          10 10 10 10 10 10
          10 10 10 10 10 10
          10 10 10 10 10 10
          10 10 10 10 10 10
          10 10 10 10 10 10
          10 10 10 10 10 10
          10 10 10 10 10 10
          10 10 10 10 10 10
          10 10 10 10 10 10
          10 10 10 10 10 10
          10 10 10 10 10 10
          10 10 10 10 10 10
          10 10 10 10 10 10
          10 10 10 10 10 10
          10 10 10 10 10 10
          10 10 10 10 10 10
          10 10 10 10 10 10
          10 10 10 10 10 10
          10 10 10 10 10 10
          10 10 10 10 10 10
          10 10 10 10 10 10
          10 10 10 10 10 10
          10 10 10 10 10 10
          10 10 10 10 10 10
          10 10 10 10 10 10
          10 10 10 10 10 10
          10 10 10 10 10 10
          10 10 10 10 10 10
          10 10 10 10 10 10
          10 10 10 10 10 10
          10 10 10 10 10 10
          10 10 10 10 10 10
          10 10 10 10 10 10
          10 10 10 10 10 10
          10 10 10 10 10 10
          10 10 10 10 10 10
          10 10 10 10 10 10
          10 10 10 10 10 10
          10 10 10 10 10 10
          10 10 10 10 10 10
          10 10 10 10 10 10
          10 10 10 10 10 10
          10 10 10 10 10 10
          10 10 10 10 10 10
          10 10 10 10 10 10
          10 10 10 10 10 10
          10 10 10 10 10 10
          10 10 10 10 10 10
          10 10 10 10 10 10
          10 10 10 10 10 10
          10 10 10 10 10 10
          10 10 10 10 10 10
          10 10 10 10 10 10
          10 10 10 10 10 10
          10 10 10 10 10 10
          10 10 10 10 10 10
          10 10 10 10 10 10
          10 10 10 10 10 10
          10 10 10 10 10 10
          10 10 10 10 10 10
          10 10 10 10 10 10
          10 10 10 10 10 10
          10 10 10 10 10 10
          10 10 10 10 10 10
          10 10 10 10 10 10
          10 10 10 10 10 10
          10 10 10 10 10 10
          10 10 10 10 10 10
          10 10 10 10 10 10
          10 10 10 10 10 10
          10 10 10 10 10 10
          10 10 10 10 10 10
          10 10 10 10 10 10
          10 10 10 10 10 10
          10 10 10 10 10 10
          10 10 10 10 10 10
          10 10 10 10 10 10
          10 10 10 10 10 10
          10 10 10 10 10 10
          10 10 10 10 10 10
          10 10 10 10 10 10
          10 10 10 10 10 10
          10 10 10 10 10 10
          10 10 10 10 10 10
          10 10 10 10 10 10
          10 10 10 10 10 10
          10 10 10 10 10 10
          10 10 10 10 10 10
          10 10 10 10 10 10
          10 10 10 10 10 10
          10 10 10 10 10 10
          10 10 10 10 10 10
          10 10 10 10 10 10
          10 10 10 10 10 10
          10 10 10 10 10 10
          10 10 10 10 10 10
          10 10 10 10 10 10
          10 10 10 10 10 10
          10 10 10 10 10 10
          10 10 10 10 10 10
          10 10 10 10 10 10
          10 10 10 10 10 10
          10 10 10 10 10 10
          10 10 10 10 10 10
          10 10 10 10 10 10
          10 10 10 10 10 10
          10 10 10 10 10 10
          10 10 10 10 10 10
          10 10 10 10 10 10
          10 10 10 10 10 10
          10 10 10 10 10 10
          10 10 10 10 10 10
          10 10 10 10 10 10
          10 10 10 10 10 10
          10 10 10 10 10 10
          10 10 10 10 10 10
          10 10 10 10 10 10
          10 10 10 10 10 10
          10 10 10 10 10 10
          10 10 10 10 10 10
          10 10 10 10 10 10
          10 10 10 10 10 10
          10 10 10 10 10 10
          10 10 10 10 10 10
          10 10 10 10 10 10
          10 10 10 10 10 10
          10 10 10 10 10 10
          10 10 10 10 10 10
          10 10 10 10 10 10
          10 10 10 10 10 10
          10 10 10 10 10 10
          10 10 10 10 10 10
          10 10 10 10 10 10
          10 10 10 10 10 10
          10 10 10 10 10 10
          10 10 10 10 10 10
          10 10 10 10 10 10
          10 10 10 10 10 10
          10 10 10 10 10 10
          10 10 10 10 10 10
          10 10 10 10 10 10
          10 10 10 10 10 10
          10 10 10 10 10 10
          10 10 10 10 10 10
          10 10 10 10 10 10
          10 10 10 10 10 10
          10 10 10 10 10 10
          10 10 10 10 10 10
          10 10 10 10 10 10
          10 10 10 10 10 10
          10 10 10 10 10 10
          10 10 10 10 10 10
          10 10 10 10 10 10
          10 10 10 10 10 10
          10 10 10 10 10 10
          10 10 10 10 10 10
          10 10 10 10 10 10
          10 10 10 10 10 10
          10 10 10 10 10 10
          10 10 10 10 10 10
          10 10 10 10 10 10
          10 10 10 10 10 10
          10 10 10 10 10 10
          10 10 10 10 10 10
          10 10 10 10 10 10
          10 10 10 10 10 10
          10 10 10 10 10 10
          10 10 10 10 10 10
          10 10 10 10 10 10
          10 10 10 10 10 10
          10 10 10 10 10 10
          10 10 10 10 10 10
          10 10 10 10 10 10
          10 10 10 10 10 10
          10 10 10 10 10 10
          10 10 10 10 10 10
          10 10 10 10 10 10
          10 10 10 10 10 10
          10 10 10 10 10 10
          10 10 10 10 10 10
          10 10 10 10 10 10
          10 10 10 10 10 10
          10 10 10 10 10 10
          10 10 10 10 10 10
          10 10 10 10 10 10
          10 10 10 10 10 10
          10 10 10 10 10 10
          10 10 10 10 10 10
          10 10 10 10 10 10
          10 10 10 10 10 10
          10 10 10 10 10 10
          10 10 10 10 10 10
          10 10 10 10 10 10
          10 10 10 10 10 10
          10 10 10 10 10 10
          10 10 10 10 10 10
          10 10 10 10 10 10
          10 10 10 10 10 10
          10 10 10 10 10 10
          10 10 10 10 10 10
          10 10 10 10 10 10
          10 10 10 10 10 10
          10 10 10 10 10 10
          10 10 10 10 10 10
          10 10 10 10 10 10
          10 10 10 10 10 10
          10 10 10 10 10 10
          10 10 10 10 10 10
          10 10 10 10 10 10
          10 10 10 10 10 10
          10 10 10 10 10 10
          10 10 10 10 10 10
          10 10 10 10 10 10
          10 10 10 10 10 10
          10 10 10 10 10 10
          10 10 10 10 10 10
          10 10 10 10 10 10
          10 10 10 10 10 10
          10 10 10 10 10 10
          10 10 10 10 10 10
          10 10 10 10 10 10
          10 10 10 10 10 10
          10 10 10 10 10 10
          10 10 10 10 10 10
          10 10 10 10 10 10
          10 10 10 10 10 10
          10 10 10 10 10 10
          10 10 10 10 10 10
          10 10 10 10 10 10
          10 10 10 10 10 10
          10 10 10 10 10 10
          10 10 10 10 10 10
          10 10 10 10 10 10
          10 10 10 10 10 10
          10 10 10 10 10 10
          10 10 10 10 10 10
          10 10 10 10 10 10
          10 10 10 10 10 10
          10 10 10 10 10 10
          10 10 10 10 10 10
          10 10 10 10 10 10
          10 10 10 10 10 10
          10 10 10 10 10 10
          10 10 10 10 10 10
          10 10 10 10 10 10
          10 10 10 10 10 10
          10 10 10 10 10 10
          10 10 10 10 10 10
          10 10 10 10
        </DataArray>
      </Cells>
    </Piece>
  </UnstructuredGrid>
</VTKFile>
